food,category,calories,protein,carbs,fat,fiber,sugar,sodium,potassium,fdc_id,data_type
"Pillsbury Golden Layer Buttermilk Biscuits, Artificial Flavor, Refrigerated Dough",Grain,307.0,5.9,41.2,13.2,1.2,0.0,1059.0,0.0,167512,sr_legacy_food
"Pillsbury, Cinnamon Rolls With Icing, Refrigerated Dough",Grain,330.0,4.3,53.4,11.3,1.4,0.0,780.0,0.0,167513,sr_legacy_food
"Kraft Foods, Shake N Bake Original Recipe, Coating For Pork",Grain,377.0,6.1,79.8,3.7,0.0,0.0,2182.0,0.0,167514,sr_legacy_food
"George Weston Bakeries, Thomas English Muffins",Grain,232.0,8.0,46.0,1.8,0.0,0.0,345.0,0.0,167515,sr_legacy_food
"Waffles, Buttermilk, Frozen",Grain,273.0,6.6,41.0,9.2,2.2,0.0,621.0,126.0,167516,sr_legacy_food
"Waffle, Buttermilk, Frozen",Grain,309.0,7.4,48.4,9.5,2.6,0.0,710.0,138.0,167517,sr_legacy_food
"Waffle, Plain, Frozen",Grain,298.0,6.7,45.4,9.9,2.4,0.0,682.0,148.0,167519,sr_legacy_food
"Pie Crust, Cookie-Type, Graham Cracker",Grain,501.0,5.1,64.3,24.8,1.9,0.0,471.0,113.0,167520,sr_legacy_food
"Pie Crust, Cookie-Type, Chocolate",Grain,484.0,6.1,64.5,22.4,2.7,0.0,503.0,187.0,167521,sr_legacy_food
"Pie, Dutch Apple, Commercially Prepared",Grain,290.0,2.2,44.5,11.5,1.6,0.0,200.0,76.0,167522,sr_legacy_food
"Pie Crust, Deep Dish, Frozen",Grain,468.0,5.5,46.8,28.7,1.4,0.0,353.0,91.0,167523,sr_legacy_food
"Waffles, Chocolate Chip, Frozen",Grain,297.0,5.8,45.7,10.1,1.5,0.0,529.0,74.0,167524,sr_legacy_food
"Tostada Shells, Corn",Grain,474.0,6.2,64.4,23.4,5.8,0.0,657.0,237.0,167525,sr_legacy_food
"Bread, Salvadoran Sweet Cheese (Quesadilla Salvadorena)",Grain,374.0,7.1,47.8,17.1,0.7,0.0,510.0,350.0,167526,sr_legacy_food
"Bread, Pound Cake Type, Pan De Torta Salvadoran",Grain,390.0,7.1,51.3,17.4,1.7,0.0,390.0,210.0,167527,sr_legacy_food
"Pastry, Pastelitos De Guava (Guava Pastries)",Grain,379.0,5.5,47.8,18.5,2.2,0.0,231.0,103.0,167528,sr_legacy_food
"Crackers, Snack, Goya Crackers",Grain,433.0,14.2,64.4,13.4,3.8,0.0,665.0,124.0,167529,sr_legacy_food
"Crackers, Cream, Gamesa Sabrosas",Grain,484.0,7.0,64.6,20.4,2.4,0.0,1148.0,129.0,167530,sr_legacy_food
"Crackers, Cream, La Moderna Rikis Cream Crackers",Grain,464.0,7.2,64.9,19.5,2.4,0.0,752.0,117.0,167531,sr_legacy_food
"Bread, White Wheat",Grain,238.0,10.7,43.9,2.2,9.2,0.0,478.0,127.0,167532,sr_legacy_food
"Bagels, Wheat",Grain,250.0,10.2,48.9,1.5,4.1,0.0,439.0,165.0,167533,sr_legacy_food
"Cream Puff, Eclair, Custard Or Cream Filled",Grain,334.0,4.4,37.4,18.5,0.9,0.0,265.0,68.0,167534,sr_legacy_food
"Tortillas, Ready-To-Bake Or -Fry, Flour",Grain,297.0,8.0,49.3,7.6,2.4,0.0,742.0,133.0,167535,sr_legacy_food
"Snacks, Beef Jerky, Chopped And Formed",Snacks,410.0,33.2,11.0,25.6,1.8,0.0,1785.0,597.0,167536,sr_legacy_food
"Snacks, Corn-Based, Extruded",Snacks,539.0,6.2,57.3,33.4,4.0,0.0,514.0,144.0,167537,sr_legacy_food
"Snacks, Fruit Leather, Pieces",Snacks,359.0,1.0,82.8,2.7,0.0,0.0,199.0,164.0,167540,sr_legacy_food
"Snacks, Fruit Leather, Rolls",Snacks,371.0,0.1,85.8,3.0,0.0,0.0,317.0,294.0,167541,sr_legacy_food
"Snacks, Granola Bars, Hard",Snacks,471.0,10.1,64.4,19.8,5.3,0.0,294.0,336.0,167542,sr_legacy_food
"Snacks, Granola Bars, Soft",Snacks,448.0,7.6,66.4,17.8,4.2,0.0,282.0,362.0,167544,sr_legacy_food
"Candies, Honey-Combed, With Peanut Butter",Snacks,473.0,8.7,67.4,20.2,1.9,0.0,174.0,220.0,167546,sr_legacy_food
"Snacks, Popcorn, Oil-Popped",Snacks,583.0,7.3,45.1,43.6,8.1,0.0,909.0,182.0,167549,sr_legacy_food
"Snacks, Popcorn, Cakes",Snacks,384.0,9.7,80.1,3.1,2.9,0.0,288.0,327.0,167550,sr_legacy_food
"Snacks, Popcorn, Caramel-Coated",Snacks,400.0,6.4,80.7,7.8,3.8,0.0,177.0,355.0,167551,sr_legacy_food
"Snacks, Potato Chips, Made From Dried Potatoes",Snacks,502.0,4.6,64.8,26.1,3.2,0.0,450.0,760.0,167553,sr_legacy_food
"Snacks, Pretzels, Hard",Snacks,384.0,10.0,80.4,2.9,3.4,0.0,1240.0,223.0,167555,sr_legacy_food
"Snacks, Rice Cakes, Brown Rice",Snacks,392.0,7.6,81.5,3.8,5.4,0.0,227.0,290.0,167557,sr_legacy_food
"Snacks, Tortilla Chips, Plain",Snacks,472.0,7.1,67.8,20.7,5.4,0.0,328.0,182.0,167558,sr_legacy_food
"Snacks, Tortilla Chips, Nacho Cheese",Snacks,519.0,7.4,60.8,27.4,5.1,0.0,691.0,223.0,167559,sr_legacy_food
"Snacks, Tortilla Chips, Ranch-Flavor",Snacks,501.0,7.2,62.7,24.6,4.0,0.0,519.0,259.0,167560,sr_legacy_food
"Snacks, Trail Mix, Regular",Snacks,462.0,13.8,44.9,29.4,0.0,0.0,229.0,685.0,167561,sr_legacy_food
"Candies, Almond Joy Candy Bar",Snacks,479.0,4.1,59.5,26.9,5.0,0.0,142.0,254.0,167562,sr_legacy_food
"Candies, Twizzlers Cherry Bites",Snacks,338.0,3.0,79.4,1.7,0.1,0.0,261.0,14.0,167563,sr_legacy_food
"Candies, Nestle, Bit-O'-Honey Candy Chews",Snacks,388.0,2.0,80.9,7.5,0.2,0.0,295.0,44.0,167564,sr_legacy_food
"Candies, Nestle, Butterfinger Bar",Snacks,459.0,5.4,72.9,18.9,2.0,0.0,230.0,220.0,167565,sr_legacy_food
"Candies, Caramels, Chocolate-Flavor Roll",Snacks,387.0,1.6,87.7,3.3,0.1,0.0,44.0,116.0,167566,sr_legacy_food
"Baking Chocolate, Unsweetened, Liquid",Snacks,472.0,12.1,36.2,47.7,18.1,0.0,12.0,1166.0,167567,sr_legacy_food
"Baking Chocolate, Unsweetened, Squares",Snacks,642.0,14.3,28.4,52.3,16.6,0.0,24.0,830.0,167568,sr_legacy_food
"Candies, Confectioner'S Coating, Yogurt",Snacks,522.0,5.9,63.9,27.0,0.0,0.0,88.0,290.0,167569,sr_legacy_food
"Candies, Confectioner'S Coating, Peanut Butter",Snacks,529.0,18.3,46.9,29.8,5.0,0.0,250.0,505.0,167570,sr_legacy_food
"Candies, White Chocolate",Snacks,539.0,5.9,59.2,32.1,0.2,0.0,90.0,286.0,167571,sr_legacy_food
"Ice Creams, Vanilla, Light",Snacks,180.0,4.8,29.5,4.8,0.3,0.0,74.0,208.0,167572,sr_legacy_food
"Ice Creams, Vanilla, Rich",Snacks,249.0,3.5,22.3,16.2,0.0,0.0,61.0,157.0,167573,sr_legacy_food
"Desserts, Flan, Caramel Custard",Snacks,145.0,4.5,22.8,4.0,0.0,0.0,53.0,118.0,167574,sr_legacy_food
"Ice Creams, Vanilla",Snacks,207.0,3.5,23.6,11.0,0.7,0.0,80.0,199.0,167575,sr_legacy_food
"Sherbet, Orange",Snacks,144.0,1.1,30.4,2.0,1.3,0.0,46.0,96.0,167577,sr_legacy_food
"Candies, Fudge, Peanut Butter",Snacks,387.0,3.8,77.8,6.6,0.7,0.0,118.0,119.0,167578,sr_legacy_food
"Candies, Fudge, Vanilla",Snacks,383.0,1.0,82.2,5.4,0.0,0.0,47.0,49.0,167579,sr_legacy_food
"Candies, Fudge, Vanilla With Nuts",Snacks,435.0,3.0,74.6,13.7,0.9,0.0,42.0,103.0,167580,sr_legacy_food
"Candies, Nestle, Goobers Chocolate Covered Peanuts",Snacks,512.0,9.7,53.0,34.0,9.7,0.0,36.0,502.0,167581,sr_legacy_food
"Candies, Nestle, Baby Ruth Bar",Snacks,475.0,5.4,64.8,21.6,2.0,0.0,230.0,249.0,167582,sr_legacy_food
"Candies, Twizzlers Strawberry Twists Candy",Snacks,348.0,2.6,79.2,2.3,0.0,0.0,287.0,0.0,167583,sr_legacy_food
"Syrups, Table Blends, Pancake",Snacks,291.0,0.0,72.4,0.1,0.0,0.0,287.0,3.0,167584,sr_legacy_food
"Ice Creams, Chocolate, Light",Snacks,187.0,5.0,25.7,7.2,0.8,0.0,71.0,170.0,167585,sr_legacy_food
"Candies, Nestle, Chunky Bar",Snacks,519.0,7.5,60.4,27.5,2.5,0.0,38.0,0.0,167586,sr_legacy_food
"Candies, Milk Chocolate",Snacks,535.0,7.6,59.4,29.7,3.4,0.0,79.0,372.0,167587,sr_legacy_food
"Puddings, Banana, Dry Mix",Snacks,105.0,2.8,19.7,1.7,0.0,0.0,296.0,131.0,167588,sr_legacy_food
"Andrea'S, Gluten Free Soft Dinner Roll",Grain,257.0,5.6,40.2,8.2,2.9,0.0,544.0,165.0,167590,sr_legacy_food
"Crunchmaster, Multi-Grain Crisps, Snack Crackers",Grain,456.0,10.9,67.2,15.9,7.5,0.0,370.0,339.0,167591,sr_legacy_food
"Glutino, Gluten Free Cookies, Chocolate Vanilla Creme",Grain,474.0,2.2,76.0,17.9,2.5,0.0,275.0,157.0,167592,sr_legacy_food
"Glutino, Gluten Free Cookies, Vanilla Creme",Grain,487.0,2.2,77.3,18.8,0.0,0.0,189.0,67.0,167593,sr_legacy_food
"Pepperidge Farm, Goldfish, Baked Snack Crackers",Grain,467.0,9.4,65.8,18.4,2.4,0.0,947.0,169.0,167594,sr_legacy_food
"Rudi'S, Gluten-Free Bakery, Original Sandwich Bread",Grain,320.0,3.1,52.8,10.7,3.5,0.0,528.0,92.0,167597,sr_legacy_food
"Udi'S, Gluten Free, Soft & Delicious White Sandwich Bread",Grain,298.0,5.4,51.2,8.0,5.5,0.0,515.0,107.0,167598,sr_legacy_food
"Udi'S, Gluten Free, Soft & Hearty Whole Grain Bread",Grain,309.0,7.2,49.1,9.3,4.9,0.0,510.0,123.0,167599,sr_legacy_food
"Udi'S, Gluten Free, Whole Grain Dinner Rolls",Grain,329.0,11.8,44.3,11.6,11.2,0.0,507.0,273.0,167600,sr_legacy_food
"Van'S, Gluten Free, Totally Original Pancakes",Grain,215.0,3.3,40.3,4.6,1.5,0.0,331.0,127.0,167601,sr_legacy_food
"Seaweed, Canadian Cultivated Emi-Tsunomata, Dry",Vegetable,259.0,15.3,46.2,1.4,36.7,0.0,4331.0,2944.0,167602,sr_legacy_food
"Seaweed, Canadian Cultivated Emi-Tsunomata, Rehydrated",Vegetable,31.0,1.9,5.6,0.2,4.5,0.0,526.0,358.0,167603,sr_legacy_food
"Potatoes, Hash Brown, Refrigerated",Vegetable,84.0,1.8,19.2,0.1,1.8,0.0,42.0,425.0,167604,sr_legacy_food
"Sweet Potatoes, French Fried, Frozen As Packaged",Vegetable,182.0,2.2,35.6,8.9,5.7,0.0,146.0,409.0,167606,sr_legacy_food
"Moose, Meat, Raw (Alaska Native)",Traditional,103.0,22.3,0.0,1.5,0.0,0.0,65.0,317.0,167607,sr_legacy_food
"Mashu Roots, Raw (Alaska Native)",Traditional,135.0,5.8,22.6,2.4,0.0,0.0,0.0,0.0,167608,sr_legacy_food
"Moose, Liver, Braised (Alaska Native)",Traditional,155.0,24.4,3.4,4.9,0.0,0.0,70.0,235.0,167609,sr_legacy_food
"Seal, Bearded (Oogruk), Meat",Traditional,110.0,26.7,0.0,0.4,0.0,0.0,0.0,0.0,167610,sr_legacy_food
"Oil, Bearded Seal (Oogruk) (Alaska Native)",Traditional,899.0,0.6,0.0,99.6,0.0,0.0,0.0,0.0,167611,sr_legacy_food
"Oopah (Tunicate), Whole Animal (Alaska Native)",Traditional,67.0,11.7,0.0,2.2,0.0,0.0,0.0,0.0,167612,sr_legacy_food
"Owl, Horned, Flesh",Traditional,136.0,22.7,0.0,5.0,0.0,0.0,0.0,0.0,167613,sr_legacy_food
"Fish, Salmon, King",Traditional,150.0,23.2,0.0,5.9,0.0,0.0,0.0,0.0,167614,sr_legacy_food
"Duck, Scoter, White-Winged",Traditional,84.0,20.2,0.0,0.4,0.0,0.0,0.0,0.0,167617,sr_legacy_food
"Sea Cucumber, Yane (Alaska Native)",Traditional,56.0,13.0,0.0,0.4,0.0,0.0,0.0,0.0,167618,sr_legacy_food
"Squirrel, Ground, Meat (Alaska Native)",Traditional,111.0,19.3,0.0,3.8,0.0,0.0,0.0,0.0,167619,sr_legacy_food
"Tea, Tundra, Herb And Laborador Combination (Alaska Native)",Traditional,1.0,0.0,0.2,0.0,0.0,0.0,132.0,9.0,167620,sr_legacy_food
"Walrus, Meat, Dried (Alaska Native)",Traditional,251.0,57.0,0.0,2.6,0.0,0.0,0.0,0.0,167621,sr_legacy_food
"Deer (Venison), Sitka, Raw (Alaska Native)",Traditional,116.0,21.5,0.0,2.7,0.0,0.0,0.0,0.0,167622,sr_legacy_food
"Whale, Bowhead, Subcutaneous Fat (Blubber) (Alaska Native)",Traditional,870.0,0.4,0.0,96.5,0.0,0.0,0.0,0.0,167623,sr_legacy_food
"Whale, Bowhead, Skin And Subcutaneous Fat (Muktuk) (Alaska Native)",Traditional,465.0,12.6,0.0,46.1,0.0,0.0,0.0,0.0,167624,sr_legacy_food
"Oil, Whale, Bowhead (Alaska Native)",Traditional,900.0,0.0,0.0,100.0,0.0,0.0,0.0,0.0,167625,sr_legacy_food
"Fish, Whitefish, Broad",Traditional,104.0,11.0,5.1,4.4,0.0,0.0,0.0,0.0,167626,sr_legacy_food
"Mush, Blue Corn With Ash (Navajo)",Traditional,54.0,0.7,11.7,0.5,1.1,0.0,8.0,58.0,167627,sr_legacy_food
"Cornmeal, Blue (Navajo)",Traditional,398.0,10.4,76.9,5.4,8.7,0.0,7.0,393.0,167628,sr_legacy_food
"Melon, Banana (Navajo)",Traditional,21.0,0.8,4.1,0.2,0.3,0.0,11.0,140.0,167629,sr_legacy_food
Chilchen (Red Berry Beverage) (Navajo),Traditional,44.0,0.8,8.7,0.6,0.0,0.0,15.0,28.0,167630,sr_legacy_food
"Corn, Dried (Navajo)",Traditional,386.0,9.9,74.9,5.2,0.0,0.0,13.0,511.0,167631,sr_legacy_food
"Squash, Indian, Cooked",Traditional,16.0,0.3,3.2,0.2,1.5,0.0,0.0,0.0,167632,sr_legacy_food
"Bread, Kneel Down (Navajo)",Traditional,195.0,4.3,39.5,2.2,0.0,0.0,126.0,320.0,167633,sr_legacy_food
"Mutton, Cooked, Roasted (Navajo)",Traditional,234.0,33.4,0.1,11.1,0.0,0.0,135.0,409.0,167634,sr_legacy_food
"Frybread, Made With Lard (Navajo)",Traditional,330.0,6.7,48.3,12.2,0.0,0.0,329.0,77.0,167635,sr_legacy_food
Tamales (Navajo),Traditional,153.0,6.3,18.1,6.1,3.1,0.0,427.0,131.0,167636,sr_legacy_food
"Stew, Steamed Corn (Navajo)",Traditional,112.0,8.8,10.8,3.8,2.3,0.0,104.0,177.0,167637,sr_legacy_food
"Fish, Halibut, Raw",Traditional,116.0,20.5,1.8,2.9,0.0,0.0,79.0,449.0,167638,sr_legacy_food
"Fish, Salmon, Coho (Silver)",Traditional,140.0,22.6,0.0,5.6,0.0,0.0,58.0,380.0,167639,sr_legacy_food
"Blueberries, Wild, Raw (Alaska Native)",Traditional,61.0,1.2,12.3,0.8,2.6,0.0,6.0,75.0,167640,sr_legacy_food
"Oil, Spotted Seal (Alaska Native)",Traditional,894.0,0.0,0.0,99.3,0.0,0.0,0.0,0.0,167641,sr_legacy_food
"Fish, Salmon, Red",Traditional,161.0,27.3,0.0,5.8,0.0,0.0,390.0,370.0,167642,sr_legacy_food
"Fish, Whitefish, Eggs (Alaska Native)",Traditional,104.0,14.7,4.9,2.9,0.0,0.0,160.0,190.0,167643,sr_legacy_food
"Caribou, Rump Meat, Half Dried (Alaska Native)",Traditional,255.0,52.1,0.0,5.2,0.0,0.0,390.0,710.0,167644,sr_legacy_food
"Fish, Sheefish, Raw (Alaska Native)",Traditional,115.0,22.2,0.0,2.8,0.0,0.0,52.0,390.0,167648,sr_legacy_food
"Buffalo, Free Range, Top Round Steak",Traditional,97.0,21.4,0.0,1.3,0.0,0.0,43.0,355.0,167649,sr_legacy_food
"Elk, Free Range, Roast",Traditional,98.0,19.7,0.0,2.1,0.0,0.0,43.0,367.0,167652,sr_legacy_food
"Corn, Dried, Yellow (Northern Plains Indians)",Traditional,419.0,14.5,66.3,10.6,20.5,0.0,4.0,775.0,167653,sr_legacy_food
"Smelt, Dried (Alaska Native)",Traditional,386.0,56.2,0.0,17.9,0.0,0.0,420.0,1000.0,167654,sr_legacy_food
"Frybread, Made With Lard (Apache)",Traditional,309.0,8.4,46.0,10.1,1.7,0.0,671.0,75.0,167655,sr_legacy_food
Corned Beef And Potatoes In Tortilla (Apache),Traditional,224.0,7.9,29.4,8.3,1.5,0.0,511.0,275.0,167656,sr_legacy_food
"On The Border, Soft Taco With Ground Beef, Cheese And Lettuce",Meals,229.0,13.2,19.3,11.0,1.8,0.0,646.0,274.0,167657,sr_legacy_food
"Restaurant, Mexican, Soft Taco With Ground Beef",Meals,219.0,12.6,17.9,10.8,1.5,0.0,509.0,244.0,167658,sr_legacy_food
"Restaurant, Latino, Chicken And Rice",Meals,174.0,12.0,20.0,5.1,1.2,0.0,518.0,184.0,167659,sr_legacy_food
"Restaurant, Latino, Empanadas",Meals,335.0,11.3,31.2,18.4,2.0,0.0,440.0,190.0,167660,sr_legacy_food
"Restaurant, Latino, Pupusas Con Frijoles (Pupusas",Meals,229.0,5.6,31.5,9.0,5.8,0.0,305.0,305.0,167661,sr_legacy_food
"Restaurant, Latino, Pupusas Con Queso (Pupusas",Meals,256.0,11.7,22.4,13.2,2.9,0.0,400.0,120.0,167662,sr_legacy_food
"Restaurant, Latino, Pupusas Del Cerdo (Pupusas",Meals,232.0,11.5,23.0,10.4,2.6,0.0,426.0,255.0,167663,sr_legacy_food
"Restaurant, Latino, Tamale",Meals,186.0,3.5,26.7,7.2,3.2,0.0,277.0,186.0,167664,sr_legacy_food
"Restaurant, Mexican, Spanish Rice",Meals,185.0,3.3,31.2,5.3,1.2,0.0,528.0,116.0,167665,sr_legacy_food
"Restaurant, Mexican, Refried Beans",Meals,156.0,6.9,16.8,6.8,8.0,0.0,376.0,402.0,167666,sr_legacy_food
"Restaurant, Chinese, Egg Rolls",Meals,250.0,8.3,27.3,11.9,2.6,0.0,468.0,165.0,167667,sr_legacy_food
"Restaurant, Chinese, Fried Rice",Meals,174.0,4.0,32.8,3.0,1.1,0.0,387.0,76.0,167668,sr_legacy_food
"Cracker Barrel, Steak Fries",Meals,255.0,3.3,30.9,13.2,3.5,0.0,43.0,551.0,167669,sr_legacy_food
"Cracker Barrel, Grilled Sirloin Steak",Meals,203.0,31.5,0.0,8.5,0.0,0.0,180.0,408.0,167670,sr_legacy_food
"Cracker Barrel, Macaroni N' Cheese Plate, From Kid'S Menu",Meals,192.0,6.5,15.6,11.5,0.7,0.0,374.0,125.0,167671,sr_legacy_food
"Denny'S, French Fries",Meals,282.0,3.4,35.2,14.1,3.5,0.0,44.0,492.0,167672,sr_legacy_food
"Denny'S, Top Sirloin Steak",Meals,182.0,28.9,0.1,7.3,0.0,0.0,349.0,341.0,167673,sr_legacy_food
"Restaurant, Chinese, Lemon Chicken",Meals,252.0,11.9,20.6,13.6,1.0,0.0,252.0,161.0,167674,sr_legacy_food
"Restaurant, Chinese, General Tso'S Chicken",Meals,295.0,12.9,24.0,16.4,0.9,0.0,435.0,201.0,167675,sr_legacy_food
"Restaurant, Chinese, Kung Pao Chicken",Meals,129.0,9.8,6.9,7.0,1.5,0.0,402.0,218.0,167676,sr_legacy_food
"Restaurant, Chinese, Vegetable Lo Mein",Meals,121.0,4.8,20.2,2.4,1.3,0.0,430.0,105.0,167677,sr_legacy_food
"Restaurant, Chinese, Chicken And Vegetables",Meals,95.0,8.2,5.4,4.6,0.9,0.0,413.0,185.0,167678,sr_legacy_food
"Restaurant, Chinese, Orange Chicken",Meals,262.0,14.5,22.5,12.7,0.8,0.0,553.0,209.0,167679,sr_legacy_food
"Restaurant, Italian, Spaghetti With Meat Sauce",Meals,121.0,5.8,16.4,3.6,1.6,0.0,230.0,172.0,167680,sr_legacy_food
"Beverages, Fruit-Flavored Drink, Dry Powdered Mix",Beverage,218.0,0.4,87.4,0.0,0.1,0.0,404.0,498.0,167681,sr_legacy_food
"Pectin, Liquid",Snacks,11.0,0.0,2.1,0.0,2.1,0.0,0.0,0.0,167682,sr_legacy_food
"Frozen Novelties, Ice Cream Type, Vanilla Ice Cream",Snacks,221.0,6.4,26.1,10.1,0.8,0.0,104.0,305.0,167683,sr_legacy_food
"Creamy Dressing, Made With Sour Cream And/Or Buttermilk And Oil, Reduced Calorie",Fats & Oils,160.0,1.5,7.0,14.0,0.0,0.0,833.0,36.0,167684,sr_legacy_food
"Bologna, Beef And Pork, Low Fat",Protein,230.0,11.5,2.6,19.3,0.0,0.0,1108.0,156.0,167685,sr_legacy_food
"Milk Dessert, Frozen, Milk-Fat Free",Snacks,167.0,4.3,37.7,1.0,0.0,0.0,97.0,333.0,167686,sr_legacy_food
"Whipped Topping, Frozen, Low Fat",Dairy,224.0,3.0,23.6,13.1,0.0,0.0,72.0,101.0,167687,sr_legacy_food
"Cream Substitute, Powdered, Light",Dairy,431.0,1.9,73.4,15.7,0.0,0.0,229.0,902.0,167688,sr_legacy_food
"Candies, Mars Snackfood Us, M&M'S Peanut Butter Chocolate Candies",Snacks,529.0,10.2,56.9,29.3,4.0,0.0,213.0,330.0,167689,sr_legacy_food
"Babyfood, Apple Yogurt Dessert, Strained",Baby Foods,93.0,0.8,19.5,1.6,0.5,0.0,20.0,70.0,167690,sr_legacy_food
"Vegetable Oil-Butter Spread, Reduced Calorie",Fats & Oils,465.0,0.0,0.0,53.0,0.0,0.0,581.0,6.0,167691,sr_legacy_food
"Salad Dressing, Blue Or Roquefort Cheese Dressing, Light",Fats & Oils,86.0,2.1,13.2,2.7,0.0,0.0,939.0,51.0,167692,sr_legacy_food
"Salad Dressing, French Dressing, Reduced Calorie",Fats & Oils,227.0,0.4,27.0,13.0,0.0,0.0,804.0,79.0,167693,sr_legacy_food
"Sausage, Turkey And Pork, Fresh",Protein,307.0,22.7,0.7,23.0,0.0,0.0,878.0,337.0,167694,sr_legacy_food
"Mayonnaise, Made With Tofu",Fats & Oils,322.0,6.0,3.1,31.8,1.1,0.0,773.0,66.0,167695,sr_legacy_food
"Frankfurter, Beef, Low Fat",Protein,140.0,12.0,1.6,9.5,0.0,0.0,744.0,129.0,167696,sr_legacy_food
"Milk, Buttermilk, Fluid",Dairy,56.0,4.1,5.3,2.0,0.0,0.0,105.0,180.0,167697,sr_legacy_food
"Pork Sausage Rice Links, Brown And Serve, Cooked",Protein,407.0,13.7,2.4,37.6,0.0,0.0,689.0,212.0,167698,sr_legacy_food
"Salad Dressing, Blue Or Roquefort Cheese Dressing, Fat-Free",Fats & Oils,115.0,1.5,25.6,1.0,1.8,0.0,814.0,194.0,167699,sr_legacy_food
"Salad Dressing, Mayonnaise-Like, Fat-Free",Fats & Oils,84.0,0.2,15.5,2.7,1.9,0.0,788.0,49.0,167700,sr_legacy_food
"Candies, Mars Snackfood Us, Milky Way Midnight Bar",Snacks,443.0,3.2,71.2,17.5,2.9,0.0,168.0,196.0,167701,sr_legacy_food
"Oil, Flaxseed, Cold Pressed",Fats & Oils,884.0,0.1,0.0,100.0,0.0,0.0,0.0,0.0,167702,sr_legacy_food
"Cheese, Cottage, Lowfat",Dairy,74.0,12.4,3.2,1.0,0.6,0.0,220.0,86.0,167703,sr_legacy_food
"Salad Dressing, Bacon And Tomato",Fats & Oils,326.0,1.8,2.0,35.0,0.2,0.0,905.0,108.0,167704,sr_legacy_food
"Cheese, Parmesan, Low Sodium",Dairy,451.0,41.6,3.7,30.0,0.0,0.0,63.0,107.0,167705,sr_legacy_food
"Jams, Preserves, Marmalade",Snacks,151.0,0.0,37.6,0.1,1.5,0.0,0.0,59.0,167706,sr_legacy_food
"Beverages, Fruit-Flavored Drink, Powder",Beverage,227.0,0.2,91.0,0.2,2.2,0.0,14.0,2518.0,167707,sr_legacy_food
"Tomato And Vegetable Juice, Low Sodium",Vegetable,22.0,0.6,4.6,0.1,0.8,0.0,58.0,193.0,167708,sr_legacy_food
"Turkey, Wing, Smoked",Protein,221.0,27.4,0.0,12.4,0.0,0.0,996.0,266.0,167709,sr_legacy_food
"Turkey, Drumstick, Smoked",Protein,200.0,27.9,0.0,9.8,0.0,0.0,996.0,280.0,167710,sr_legacy_food
"Beverages, Chocolate-Flavored Drink, Whey And Milk Based",Beverage,49.0,0.6,10.7,0.4,0.6,0.0,91.0,79.0,167711,sr_legacy_food
"Pork, Cured, Bacon",Protein,541.0,37.0,1.4,41.8,0.0,0.0,1030.0,565.0,167712,sr_legacy_food
"Turkey, Light Or Dark Meat, Smoked",Protein,162.0,29.3,0.0,5.0,0.0,0.0,996.0,298.0,167713,sr_legacy_food
"Hearts Of Palm, Raw",Vegetable,115.0,2.7,25.6,0.2,1.5,0.0,14.0,1806.0,167714,sr_legacy_food
"Cereals Ready-To-Eat, Post, Shredded Wheat N' Bran",Breakfast,339.0,10.9,80.6,2.1,14.7,0.0,0.0,391.0,167715,sr_legacy_food
Yeast Extract Spread,Vegetable,185.0,23.9,20.4,0.9,6.5,0.0,3380.0,2100.0,167717,sr_legacy_food
"Babyfood, Juice, Pear",Baby Foods,43.0,0.0,11.9,0.0,0.1,0.0,8.0,130.0,167718,sr_legacy_food
"Chicken, Meatless, Breaded",Legume,234.0,21.3,8.5,12.8,4.3,0.0,400.0,300.0,167719,sr_legacy_food
"Babyfood, Meat, Beef With Vegetables",Baby Foods,69.0,3.5,8.7,2.1,1.8,0.0,26.0,168.0,167720,sr_legacy_food
"Frozen Novelties, Juice Type, Juice With Cream",Snacks,115.0,1.4,24.1,1.4,0.1,0.0,42.0,120.0,167721,sr_legacy_food
Tofu Yogurt,Legume,94.0,3.5,16.0,1.8,0.2,0.0,35.0,47.0,167722,sr_legacy_food
"Alcoholic Beverage, Rice (Sake)",Beverage,134.0,0.5,5.0,0.0,0.0,0.0,2.0,25.0,167723,sr_legacy_food
"Millet, Puffed",Breakfast,354.0,13.0,80.0,3.4,2.7,0.0,5.0,40.0,167724,sr_legacy_food
"Cereals Ready-To-Eat, Oat Bran Flakes, Health Valley",Breakfast,380.0,10.0,78.0,3.0,8.0,0.0,380.0,340.0,167725,sr_legacy_food
"Babyfood, Mixed Fruit Yogurt, Strained",Baby Foods,75.0,0.8,16.2,0.8,0.4,0.0,16.0,62.0,167726,sr_legacy_food
"Beverages, Abbott, Ensure Plus",Beverage,141.0,5.2,19.9,4.5,0.0,0.0,95.0,175.0,167727,sr_legacy_food
"Babyfood, Rice And Apples, Dry",Baby Foods,396.0,6.7,86.9,2.4,3.0,0.0,16.0,410.0,167728,sr_legacy_food
"Babyfood, Juice, Apple - Cherry",Baby Foods,47.0,0.2,11.2,0.1,0.3,0.0,4.0,110.0,167729,sr_legacy_food
"Milk, Imitation, Non-Soy",Dairy,46.0,1.6,5.3,2.0,0.0,0.0,55.0,150.0,167730,sr_legacy_food
"Babyfood, Cereal, Rice With Pears And Apple",Baby Foods,389.0,6.6,88.5,0.9,2.6,0.0,2.0,414.0,167731,sr_legacy_food
"Babyfood, Banana No Tapioca, Strained",Baby Foods,91.0,1.0,21.3,0.2,1.6,0.0,2.0,290.0,167732,sr_legacy_food
"Babyfood, Banana Apple Dessert, Strained",Baby Foods,68.0,0.3,16.3,0.2,1.0,0.0,7.0,71.0,167733,sr_legacy_food
"Breakfast Bar, Corn Flake Crust With Fruit",Snacks,376.0,4.4,72.8,7.5,2.1,0.0,337.0,197.0,167734,sr_legacy_food
"Cheese, Mozzarella, Low Sodium",Dairy,280.0,27.5,3.1,17.1,0.0,0.0,16.0,95.0,167735,sr_legacy_food
"Mayonnaise Dressing, No Cholesterol",Fats & Oils,688.0,0.0,0.3,77.8,0.0,0.0,486.0,14.0,167736,sr_legacy_food
"Oil, Corn, Peanut",Fats & Oils,884.0,0.0,0.0,100.0,0.0,0.0,0.0,0.0,167737,sr_legacy_food
"Pie Fillings, Blueberry, Canned",Snacks,181.0,0.4,44.4,0.2,2.6,0.0,12.0,115.0,167738,sr_legacy_food
"Beverages, Cocktail Mix, Non-Alcoholic",Beverage,287.0,0.1,71.6,0.0,0.0,0.0,0.0,23.0,167739,sr_legacy_food
"Puddings, Chocolate Flavor, Low Calorie",Snacks,365.0,10.1,74.4,3.0,10.1,0.0,3326.0,570.0,167740,sr_legacy_food
"Puddings, All Flavors Except Chocolate, Low Calorie",Snacks,351.0,1.6,86.0,0.1,0.9,0.0,1765.0,18.0,167741,sr_legacy_food
"Mollusks, Scallop, (Bay And Sea)",Protein,111.0,20.5,5.4,0.8,0.0,0.0,667.0,314.0,167742,sr_legacy_food
"Syrup, Cane",Snacks,269.0,0.0,73.1,0.0,0.0,0.0,58.0,63.0,167743,sr_legacy_food
"Mollusks, Snail, Raw",Protein,90.0,16.1,2.0,1.4,0.0,0.0,70.0,382.0,167744,sr_legacy_food
"Turtle, Green, Raw",Protein,89.0,19.8,0.0,0.5,0.0,0.0,68.0,230.0,167745,sr_legacy_food
"Lemons, Raw, Without Peel",Fruit,29.0,1.1,9.3,0.3,2.8,0.0,2.0,138.0,167746,sr_legacy_food
"Lemon Juice, Raw",Fruit,22.0,0.4,6.9,0.2,0.3,0.0,1.0,103.0,167747,sr_legacy_food
"Lemon Juice From Concentrate, Canned Or Bottled",Fruit,17.0,0.4,5.6,0.1,0.7,0.0,24.0,109.0,167748,sr_legacy_food
"Lemon Peel, Raw",Fruit,47.0,1.5,16.0,0.3,10.6,0.0,6.0,160.0,167749,sr_legacy_food
"Prickly Pears, Raw",Fruit,41.0,0.7,9.6,0.5,3.6,0.0,5.0,220.0,167750,sr_legacy_food
"Plums, Dried (Prunes), Stewed",Fruit,107.0,1.0,28.1,0.2,3.1,0.0,1.0,321.0,167751,sr_legacy_food
"Prune Juice, Canned",Fruit,71.0,0.6,17.4,0.0,1.0,0.0,4.0,276.0,167753,sr_legacy_food
"Pummelo, Raw",Fruit,38.0,0.8,9.6,0.0,1.0,0.0,1.0,216.0,167754,sr_legacy_food
"Raspberries, Raw",Fruit,52.0,1.2,11.9,0.6,6.5,0.0,1.0,151.0,167755,sr_legacy_food
"Raspberries, Canned, Red",Fruit,91.0,0.8,23.4,0.1,3.3,0.0,3.0,94.0,167756,sr_legacy_food
"Raspberries, Frozen, Red",Fruit,103.0,0.7,26.2,0.2,4.4,0.0,1.0,114.0,167757,sr_legacy_food
"Rhubarb, Raw",Fruit,21.0,0.9,4.5,0.2,1.8,0.0,4.0,288.0,167758,sr_legacy_food
"Sapodilla, Raw",Fruit,83.0,0.4,20.0,1.1,5.3,0.0,12.0,193.0,167759,sr_legacy_food
"Sapote, Mamey, Raw",Fruit,124.0,1.4,32.1,0.5,5.4,0.0,7.0,454.0,167760,sr_legacy_food
"Soursop, Raw",Fruit,66.0,1.0,16.8,0.3,3.3,0.0,14.0,278.0,167761,sr_legacy_food
"Strawberries, Raw",Fruit,32.0,0.7,7.7,0.3,2.0,0.0,1.0,153.0,167762,sr_legacy_food
"Tamarinds, Raw",Fruit,239.0,2.8,62.5,0.6,5.1,0.0,28.0,628.0,167763,sr_legacy_food
"Fruit Salad, (Pineapple And Papaya And Banana And Guava), Tropical",Fruit,86.0,0.4,22.4,0.1,1.3,0.0,2.0,131.0,167764,sr_legacy_food
"Watermelon, Raw",Fruit,30.0,0.6,7.6,0.2,0.4,0.0,1.0,112.0,167765,sr_legacy_food
"Maraschino Cherries, Canned, Drained",Fruit,165.0,0.2,42.0,0.2,3.2,0.0,4.0,21.0,167766,sr_legacy_food
"Pineapple, Canned, Juice Pack",Fruit,60.0,0.5,15.6,0.1,1.3,0.0,1.0,124.0,167767,sr_legacy_food
"Apricots, Canned, Heavy Syrup",Fruit,83.0,0.6,21.3,0.1,2.7,0.0,4.0,143.0,167768,sr_legacy_food
"Cherries, Sour, Canned",Fruit,42.0,0.7,10.4,0.2,1.2,0.0,4.0,115.0,167769,sr_legacy_food
"Cherries, Sweet, Canned",Fruit,83.0,0.7,21.1,0.2,2.3,0.0,3.0,148.0,167770,sr_legacy_food
"Apple Juice, Canned Or Bottled, Unsweetened",Fruit,46.0,0.1,11.3,0.1,0.2,0.0,4.0,101.0,167771,sr_legacy_food
"Applesauce, Canned, Unsweetened",Fruit,42.0,0.2,11.3,0.1,1.1,0.0,2.0,74.0,167772,sr_legacy_food
"Applesauce, Canned, Sweetened",Fruit,76.0,0.2,19.9,0.2,1.2,0.0,28.0,61.0,167773,sr_legacy_food
"Grapefruit Juice, Pink, Raw",Fruit,39.0,0.5,9.2,0.1,0.0,0.0,1.0,162.0,167774,sr_legacy_food
"Apple Juice, Frozen Concentrate, Unsweetened",Fruit,47.0,0.1,11.5,0.1,0.1,0.0,7.0,126.0,167775,sr_legacy_food
"Pears, Raw, Bartlett (Includes Foods For Usda'S Food Distribution Program)",Fruit,63.0,0.4,15.0,0.2,3.1,0.0,1.0,101.0,167776,sr_legacy_food
"Pears, Raw, Red Anjou",Fruit,62.0,0.3,14.9,0.1,3.0,0.0,1.0,123.0,167777,sr_legacy_food
"Pears, Raw, Bosc (Includes Foods For Usda'S Food Distribution Program)",Fruit,67.0,0.4,16.1,0.1,3.1,0.0,1.0,122.0,167778,sr_legacy_food
"Pears, Raw, Green Anjou (Includes Foods For Usda'S Food Distribution Program)",Fruit,66.0,0.4,15.8,0.1,3.1,0.0,1.0,127.0,167779,sr_legacy_food
Prune Puree,Fruit,257.0,2.1,65.1,0.2,3.3,0.0,23.0,852.0,167780,sr_legacy_food
Candied Fruit,Fruit,322.0,0.3,82.7,0.1,1.6,0.0,98.0,56.0,167781,sr_legacy_food
"Abiyuch, Raw",Fruit,69.0,1.5,17.6,0.1,5.3,0.0,20.0,304.0,167782,sr_legacy_food
"Rowal, Raw",Fruit,111.0,2.3,23.9,2.0,6.2,0.0,4.0,131.0,167783,sr_legacy_food
"Guava Nectar, Canned, With Added Ascorbic Acid",Fruit,63.0,0.1,16.2,0.1,1.0,0.0,6.0,39.0,167784,sr_legacy_food
"Mango Nectar, Canned",Fruit,51.0,0.1,13.1,0.1,0.3,0.0,5.0,24.0,167785,sr_legacy_food
"Tamarind Nectar, Canned",Fruit,57.0,0.1,14.7,0.1,0.5,0.0,7.0,27.0,167786,sr_legacy_food
"Pomegranate Juice, Bottled",Fruit,54.0,0.2,13.1,0.3,0.1,0.0,9.0,214.0,167787,sr_legacy_food
"Nance, Canned, Syrup",Fruit,95.0,0.6,22.8,1.3,7.0,0.0,8.0,194.0,167788,sr_legacy_food
"Nance, Frozen, Unsweetened",Fruit,73.0,0.7,17.0,1.2,7.5,0.0,3.0,244.0,167789,sr_legacy_food
"Naranjilla (Lulo) Pulp, Frozen, Unsweetened",Fruit,25.0,0.4,5.9,0.2,1.1,0.0,4.0,200.0,167790,sr_legacy_food
Horned Melon (Kiwano),Fruit,44.0,1.8,7.6,1.3,0.0,0.0,2.0,123.0,167791,sr_legacy_food
Orange Pineapple Juice Blend,Fruit,51.0,0.4,12.2,0.1,0.2,0.0,4.0,150.0,167792,sr_legacy_food
"Apples, Raw, Fuji",Fruit,63.0,0.2,15.2,0.2,2.1,0.0,1.0,109.0,167793,sr_legacy_food
"Orange Juice, Chilled, Includes From Concentrate",Fruit,49.0,0.7,11.5,0.1,0.3,0.0,2.0,178.0,167794,sr_legacy_food
"Fruit Juice Smoothie, Naked Juice, Mighty Mango",Fruit,63.0,0.4,15.0,0.0,0.0,0.0,4.0,142.0,167795,sr_legacy_food
"Fruit Juice Smoothie, Naked Juice, Green Machine",Fruit,53.0,0.6,12.5,0.3,0.7,0.0,6.0,165.0,167796,sr_legacy_food
"Fruit Juice Smoothie, Bolthouse Farms, Berry Boost",Fruit,46.0,0.6,10.9,0.0,0.0,0.0,4.0,116.0,167797,sr_legacy_food
"Fruit Juice Smoothie, Bolthouse Farms, Green Goodness",Fruit,56.0,0.6,13.0,0.3,0.6,0.0,11.0,177.0,167798,sr_legacy_food
"Fruit Juice Smoothie, Bolthouse Farms, Strawberry Banana",Fruit,52.0,0.4,12.4,0.3,0.6,0.0,5.0,184.0,167799,sr_legacy_food
"Lemon Juice From Concentrate, Bottled, Concord",Fruit,24.0,0.4,5.4,0.1,0.0,0.0,29.0,112.0,167801,sr_legacy_food
"Lemon Juice From Concentrate, Bottled, Real Lemon",Fruit,17.0,0.5,5.7,0.1,0.7,0.0,26.0,109.0,167802,sr_legacy_food
"Cranberry Sauce, Whole, Canned",Fruit,158.0,0.8,40.4,0.0,1.2,0.0,5.0,21.0,167803,sr_legacy_food
"Cranberry Sauce, Jellied, Canned",Fruit,160.0,1.0,40.6,0.0,1.0,0.0,5.0,34.0,167804,sr_legacy_food
"Ruby Red Grapefruit Juice Blend (Grapefruit, Grape, Apple)",Fruit,44.0,0.5,10.5,0.1,0.2,0.0,8.0,94.0,167805,sr_legacy_food
Baobab Powder,Fruit,250.0,3.7,79.6,0.5,44.5,0.0,10.0,2189.0,167806,sr_legacy_food
"Cherry Juice, Tart",Fruit,59.0,0.3,13.7,0.5,0.0,0.0,4.0,161.0,167807,sr_legacy_food
"Raspberries, Puree, Seedless",Fruit,41.0,1.0,8.0,0.9,0.9,0.0,4.0,169.0,167808,sr_legacy_food
"Raspberries, Puree, With Seeds",Fruit,55.0,1.1,11.5,1.0,4.3,0.0,4.0,195.0,167809,sr_legacy_food
"Pork, Fresh, Composite Of Trimmed Leg",Protein,211.0,18.2,0.0,14.8,0.0,0.0,57.0,319.0,167810,sr_legacy_food
"Pork, Fresh, Backfat",Protein,812.0,2.9,0.0,88.7,0.0,0.0,11.0,65.0,167811,sr_legacy_food
"Pork, Fresh, Belly",Protein,518.0,9.3,0.0,53.0,0.0,0.0,32.0,185.0,167812,sr_legacy_food
"Pork, Fresh, Separable Fat",Protein,632.0,9.2,0.0,65.7,0.0,0.0,47.0,333.0,167813,sr_legacy_food
"Pork, Fresh, Leg (Ham)",Protein,182.0,20.3,0.0,10.6,0.0,0.0,73.0,356.0,167814,sr_legacy_food
"Pork, Fresh, Loin",Protein,198.0,19.7,0.0,12.6,0.0,0.0,50.0,356.0,167818,sr_legacy_food
"Pork, Fresh, Shoulder",Protein,236.0,17.2,0.0,18.0,0.0,0.0,65.0,302.0,167843,sr_legacy_food
"Pork, Fresh, Spareribs",Protein,277.0,15.5,0.0,23.4,0.0,0.0,81.0,242.0,167853,sr_legacy_food
"Pork, Fresh, Composite Of Trimmed Retail Cuts (Leg",Protein,201.0,27.5,0.0,9.2,0.0,0.0,55.0,357.0,167855,sr_legacy_food
"Pork, Fresh, Variety Meats And By-Products",Protein,233.0,12.5,0.0,20.3,0.0,0.0,18.0,14.0,167856,sr_legacy_food
"Canadian Bacon, Unprepared",Protein,110.0,20.3,1.3,2.6,0.0,0.0,751.0,683.0,167869,sr_legacy_food
"Pork, Cured, Feet",Protein,140.0,11.6,0.0,10.0,0.0,0.0,946.0,13.0,167870,sr_legacy_food
"Pork, Cured, Ham",Protein,145.0,20.9,1.5,5.5,0.0,0.0,1203.0,287.0,167871,sr_legacy_food
"Pork, Cured, Separable Fat (From Ham And Arm Picnic)",Protein,579.0,5.7,0.1,61.4,0.0,0.0,505.0,105.0,167877,sr_legacy_food
"Pork, Cured, Shoulder",Protein,280.0,20.4,0.0,21.4,0.0,0.0,1072.0,258.0,167879,sr_legacy_food
"Pork, Fresh, Ground",Protein,263.0,16.9,0.0,21.2,0.0,0.0,56.0,287.0,167902,sr_legacy_food
"Pork, Fresh, Composite Of Trimmed Retail Cuts (Loin And Shoulder Blade)",Protein,235.0,26.1,0.0,13.7,0.0,0.0,55.0,345.0,167906,sr_legacy_food
"Hormel, Cure 81 Ham",Protein,106.0,18.4,0.2,3.6,0.0,0.0,1038.0,319.0,167909,sr_legacy_food
"Hormel Always Tender, Pork Tenderloin, Teriyaki-Flavored",Protein,119.0,18.2,4.6,3.1,0.0,0.0,413.0,536.0,167910,sr_legacy_food
Hormel Canadian Style Bacon,Protein,122.0,16.9,1.9,4.9,0.0,0.0,1016.0,279.0,167911,sr_legacy_food
"Pork, Cured, Ham -- Water Added",Protein,121.0,21.4,0.9,3.6,0.0,0.0,1150.0,250.0,167915,sr_legacy_food
"Pork, Cured, Ham With Natural Juices",Protein,137.0,24.1,0.5,4.2,0.0,0.0,861.0,511.0,167919,sr_legacy_food
"Pillsbury Grands, Buttermilk Biscuits, Refrigerated Dough",Grain,293.0,6.2,42.4,11.3,1.5,0.0,1066.0,0.0,167921,sr_legacy_food
"Heinz, Weight Watcher, Chocolate Eclair",Grain,241.0,4.4,40.3,6.9,2.1,0.0,300.0,0.0,167922,sr_legacy_food
"Interstate Brands Corp, Wonder Hamburger Rolls",Grain,273.0,8.1,50.8,4.2,2.6,0.0,488.0,0.0,167923,sr_legacy_food
"Nabisco, Nabisco Snackwell'S Fat Free Devil'S Food Cookie Cakes",Grain,305.0,5.0,74.2,1.1,1.6,0.0,174.0,111.0,167924,sr_legacy_food
"Crackers, Cheese, Sandwich-Type With Cheese Filling",Grain,490.0,8.9,58.8,24.4,1.9,0.0,878.0,295.0,167925,sr_legacy_food
"Pancakes, Plain, Frozen",Grain,239.0,5.9,43.3,4.7,2.5,0.0,566.0,122.0,167926,sr_legacy_food
"Toaster Pastries, Fruit, Frosted (Include Apples",Grain,385.0,4.0,71.8,9.0,1.8,0.0,311.0,86.0,167927,sr_legacy_food
"Toaster Pastries, Fruit, Toasted (Include Apple",Grain,409.0,4.7,72.7,11.0,1.0,0.0,354.0,81.0,167928,sr_legacy_food
"Muffin, Blueberry, Commercially Prepared",Grain,255.0,4.2,50.0,4.2,4.2,0.0,413.0,96.0,167929,sr_legacy_food
"Pie Crust, Refrigerated, Regular",Grain,506.0,3.4,58.5,28.7,1.4,0.0,472.0,83.0,167930,sr_legacy_food
"Crackers, Whole-Wheat, Reduced Fat",Grain,416.0,11.3,75.5,7.6,10.9,0.0,745.0,373.0,167933,sr_legacy_food
"Crackers, Wheat, Reduced Fat",Grain,444.0,9.3,71.5,13.4,3.4,0.0,776.0,210.0,167934,sr_legacy_food
"Bread, Pan Dulce, Sweet Yeast Bread",Grain,367.0,9.4,56.4,11.6,2.3,0.0,228.0,103.0,167935,sr_legacy_food
"Keikitos (Muffins), Latino Bakery Item",Grain,467.0,6.8,53.2,25.2,1.2,0.0,515.0,90.0,167936,sr_legacy_food
"Cake, Pound, Bimbo Bakeries Usa",Grain,418.0,6.6,48.9,21.7,1.0,0.0,357.0,101.0,167937,sr_legacy_food
"Pan Dulce, La Ricura, Salpora De Arroz Con Azucar",Grain,445.0,8.8,66.3,16.1,1.2,0.0,445.0,94.0,167938,sr_legacy_food
"Garlic Bread, Frozen",Grain,350.0,8.4,41.7,16.6,2.5,0.0,544.0,103.0,167939,sr_legacy_food
"Cinnamon Buns, Frosted (Includes Honey Buns)",Grain,452.0,4.4,48.6,26.6,1.2,0.0,305.0,102.0,167940,sr_legacy_food
"Crackers, Cheese, Reduced Fat",Grain,418.0,10.0,68.2,11.7,3.3,0.0,1167.0,141.0,167941,sr_legacy_food
"Crackers, Saltines, Whole Wheat (Includes Multi-Grain)",Grain,398.0,7.1,68.2,10.7,6.7,0.0,1214.0,221.0,167942,sr_legacy_food
"Bread, Potato",Grain,266.0,12.5,47.1,3.1,6.3,0.0,375.0,718.0,167943,sr_legacy_food
"Bread, Cheese",Grain,408.0,10.4,44.8,20.8,2.1,0.0,750.0,84.0,167944,sr_legacy_food
"Focaccia, Italian Flatbread, Plain",Grain,249.0,8.8,35.8,7.9,1.8,0.0,561.0,114.0,167945,sr_legacy_food
"Schiff, Tiger'S Milk Bar",Snacks,387.0,16.8,56.5,14.3,2.3,0.0,168.0,294.0,167946,sr_legacy_food
"Candies, Toblerone, Milk Chocolate With Honey And Almond Nougat",Snacks,489.0,5.7,61.2,28.6,2.5,0.0,54.0,260.0,167947,sr_legacy_food
"Snacks, Kraft, Cornnuts",Snacks,446.0,8.5,71.9,15.6,6.9,0.0,564.0,278.0,167950,sr_legacy_food
"Snacks, Crisped Rice Bar, Chocolate Chip",Snacks,404.0,5.1,73.0,13.5,2.2,0.0,278.0,168.0,167951,sr_legacy_food
Fruit Syrup,Snacks,341.0,0.0,85.1,0.0,0.1,0.0,0.0,7.0,167953,sr_legacy_food
"Topping, Smucker'S Magic Shell",Snacks,609.0,2.9,50.1,44.1,2.9,0.0,29.0,73.0,167956,sr_legacy_food
"Syrup, Fruit Flavored",Snacks,261.0,0.0,65.1,0.0,0.0,0.0,0.0,1.0,167957,sr_legacy_food
"Snacks, Oriental Mix, Rice-Based",Snacks,506.0,17.3,51.6,25.6,13.2,0.0,413.0,328.0,167958,sr_legacy_food
"Snacks, Popcorn, Air-Popped",Snacks,387.0,12.9,77.8,4.5,14.5,0.0,8.0,329.0,167959,sr_legacy_food
"Snacks, Popcorn, Cheese-Flavor",Snacks,526.0,9.3,51.6,33.2,9.9,0.0,889.0,261.0,167960,sr_legacy_food
"Snacks, Pork Skins, Plain",Snacks,544.0,61.3,0.0,31.3,0.0,0.0,1818.0,127.0,167961,sr_legacy_food
"Snacks, Potato Chips, Barbecue-Flavor",Snacks,487.0,6.5,55.9,31.1,3.8,0.0,545.0,1186.0,167962,sr_legacy_food
"Snacks, Potato Chips, Sour-Cream-And-Onion-Flavor",Snacks,531.0,8.1,51.5,33.9,5.2,0.0,549.0,1331.0,167963,sr_legacy_food
"Snacks, M&M Mars, Combos Snacks Cheddar Cheese Pretzel",Snacks,463.0,9.8,66.5,16.9,3.6,0.0,1117.0,130.0,167964,sr_legacy_food
"Snacks, Rice Cracker Brown Rice, Plain",Snacks,387.0,8.2,81.5,2.8,4.2,0.0,166.0,290.0,167966,sr_legacy_food
"Snacks, Trail Mix, Tropical",Snacks,442.0,6.3,65.6,17.1,0.0,0.0,95.0,709.0,167968,sr_legacy_food
"Snacks, Tortilla Chips, Taco-Flavor",Snacks,480.0,7.9,63.1,24.2,5.3,0.0,787.0,217.0,167970,sr_legacy_food
"Candies, Tootsie Roll, Chocolate-Flavor Roll",Snacks,387.0,1.6,87.7,3.3,0.1,0.0,44.0,116.0,167971,sr_legacy_food
"Candies, Butterscotch",Snacks,391.0,0.0,90.4,3.3,0.0,0.0,391.0,3.0,167972,sr_legacy_food
"Candies, Carob, Unsweetened",Snacks,540.0,8.2,56.3,31.4,3.8,0.0,107.0,633.0,167973,sr_legacy_food
"Candies, Caramels",Snacks,382.0,4.6,77.0,8.1,0.0,0.0,245.0,214.0,167974,sr_legacy_food
"Candies, Caramello Candy Bar",Snacks,462.0,6.2,63.8,21.2,1.2,0.0,122.0,341.0,167975,sr_legacy_food
"Candies, Semisweet Chocolate",Snacks,480.0,4.2,63.9,30.0,5.9,0.0,11.0,365.0,167976,sr_legacy_food
"Candies, Sweet Chocolate",Snacks,507.0,3.9,60.4,34.2,5.5,0.0,16.0,290.0,167977,sr_legacy_food
"Candies, Sweet Chocolate Coated Fondant",Snacks,366.0,2.2,80.4,9.3,2.1,0.0,26.0,168.0,167978,sr_legacy_food
"Candies, Hershey'S Golden Almond Solitaires",Snacks,569.0,12.0,46.8,37.1,4.4,0.0,52.0,0.0,167979,sr_legacy_food
"Candies, Confectioner'S Coating, Butterscotch",Snacks,539.0,2.2,67.1,29.0,0.0,0.0,89.0,64.0,167980,sr_legacy_food
"Ice Creams, French Vanilla, Soft-Serve",Snacks,222.0,4.1,22.2,13.0,0.7,0.0,61.0,177.0,167981,sr_legacy_food
"Candies, York Peppermint Pattie",Snacks,384.0,2.2,81.0,7.2,2.0,0.0,28.0,111.0,167982,sr_legacy_food
"Candies, Twizzlers Nibs Cherry Bits",Snacks,347.0,2.3,79.4,2.6,0.6,0.0,195.0,37.0,167983,sr_legacy_food
"Candies, Symphony Milk Chocolate Bar",Snacks,531.0,8.5,58.0,30.6,1.7,0.0,101.0,438.0,167984,sr_legacy_food
"Candies, 5Th Avenue Candy Bar",Snacks,482.0,8.8,62.7,24.0,3.1,0.0,225.0,347.0,167985,sr_legacy_food
"Candies, Fondant, Prepared-From-Recipe",Snacks,373.0,0.0,93.2,0.0,0.0,0.0,11.0,4.0,167986,sr_legacy_food
"Candies, Fudge, Chocolate",Snacks,410.0,2.4,76.7,10.4,1.7,0.0,45.0,134.0,167987,sr_legacy_food
"Candies, Gumdrops, Starch Jelly Pieces",Snacks,396.0,0.0,98.9,0.0,0.1,0.0,44.0,5.0,167989,sr_legacy_food
"Candies, Hard",Snacks,394.0,0.0,98.0,0.2,0.0,0.0,38.0,5.0,167990,sr_legacy_food
"Candies, Jellybeans",Snacks,375.0,0.0,93.6,0.0,0.2,0.0,50.0,37.0,167991,sr_legacy_food
"Candies, Kit Kat Wafer Bar",Snacks,518.0,6.5,64.6,26.0,1.0,0.0,54.0,231.0,167992,sr_legacy_food
"Candies, Krackel Chocolate Bar",Snacks,523.0,6.6,64.3,26.6,2.2,0.0,196.0,325.0,167993,sr_legacy_food
"Candies, Mars Snackfood Us, Mars Almond Bar",Snacks,467.0,8.1,62.7,23.0,2.0,0.0,170.0,325.0,167994,sr_legacy_food
"Candies, Marshmallows",Snacks,318.0,1.8,81.3,0.2,0.1,0.0,80.0,5.0,167995,sr_legacy_food
"Candies, Halavah, Plain",Snacks,469.0,12.5,60.5,21.5,4.5,0.0,195.0,187.0,167996,sr_legacy_food
"Candies, Nestle, Oh Henry! Bar",Snacks,462.0,7.7,65.5,23.0,1.9,0.0,193.0,259.0,167997,sr_legacy_food
"Puddings, Chocolate, Dry Mix",Snacks,105.0,3.2,18.9,1.9,0.4,0.0,284.0,168.0,167998,sr_legacy_food
"Baking Chocolate, Mexican, Squares",Snacks,426.0,3.6,77.4,15.6,4.0,0.0,3.0,397.0,167999,sr_legacy_food
Chocolate-Flavored Hazelnut Spread,Snacks,539.0,5.4,62.4,29.7,5.4,0.0,41.0,407.0,168000,sr_legacy_food
"Candies, Milk Chocolate Coated Peanuts",Snacks,519.0,13.1,49.7,33.5,4.7,0.0,41.0,502.0,168001,sr_legacy_food
"Glutino, Gluten Free Wafers, Lemon Flavored",Grain,515.0,0.0,74.4,24.2,0.0,0.0,111.0,36.0,168002,sr_legacy_food
"Glutino, Gluten Free Wafers, Milk Chocolate",Grain,541.0,4.1,62.8,30.4,1.6,0.0,122.0,340.0,168003,sr_legacy_food
"Mary'S Gone Crackers, Original Crackers, Organic Gluten Free",Grain,446.0,12.1,64.3,15.6,16.2,0.0,587.0,477.0,168004,sr_legacy_food
"Sage Valley, Gluten Free Vanilla Sandwich Cookies",Grain,499.0,3.1,71.9,22.2,1.0,0.0,212.0,144.0,168007,sr_legacy_food
"Schar, Gluten-Free, Classic White Rolls",Grain,239.0,3.3,50.5,2.6,5.1,0.0,593.0,76.0,168008,sr_legacy_food
"Schar, Gluten-Free, Wheat-Free",Grain,240.0,3.8,46.1,4.5,5.1,0.0,441.0,66.0,168009,sr_legacy_food
"Udi'S, Gluten Free, Classic French Dinner Rolls",Grain,310.0,8.0,55.1,6.4,3.6,0.0,707.0,161.0,168010,sr_legacy_food
"Van'S, Gluten Free, Totally Original Waffles",Grain,248.0,3.0,40.5,8.2,0.0,0.0,508.0,121.0,168011,sr_legacy_food
"Van'S, The Perfect 10, Crispy Six Whole Grain + Four Seed Baked Crackers",Grain,471.0,7.6,67.6,18.9,0.0,0.0,730.0,255.0,168012,sr_legacy_food
"Bread, Multi-Grain (Includes Whole-Grain)",Grain,265.0,13.4,43.3,4.2,7.4,0.0,381.0,230.0,168013,sr_legacy_food
"Cookies, Animal Crackers (Includes Arrowroot, Tea Biscuits)",Grain,446.0,6.9,74.1,13.8,1.1,0.0,335.0,100.0,168014,sr_legacy_food
"Sweet Potatoes, French Fried, Crosscut",Vegetable,209.0,1.7,25.5,11.1,3.4,0.0,214.0,244.0,168015,sr_legacy_food
"Sweet Potato Puffs, Frozen, Unprepared",Vegetable,161.0,1.4,30.7,3.6,1.9,0.0,250.0,248.0,168016,sr_legacy_food
"Mouse Nuts, Roots (Alaska Native)",Traditional,81.0,3.9,16.1,0.1,0.0,0.0,0.0,0.0,168017,sr_legacy_food
"Mouse Nuts, Seedlings (Alaska Native)",Traditional,104.0,7.3,16.3,1.1,0.0,0.0,0.0,0.0,168018,sr_legacy_food
Octopus (Alaska Native),Traditional,56.0,12.3,0.0,0.8,0.0,0.0,0.0,0.0,168019,sr_legacy_food
"Fish, Pike, Northern",Traditional,156.0,16.6,4.3,8.0,0.0,0.0,0.0,0.0,168021,sr_legacy_food
"Rhubarb, Wild, Leaves (Alaska Native)",Traditional,61.0,4.2,9.9,0.5,0.0,0.0,0.0,0.0,168022,sr_legacy_food
"Fish, Salmon, Tipnuk",Traditional,159.0,15.9,0.0,10.6,0.0,0.0,0.0,0.0,168023,sr_legacy_food
"Seal, Ringed, Meat (Alaska Native)",Traditional,142.0,28.4,0.0,3.2,0.0,0.0,110.0,0.0,168025,sr_legacy_food
"Seal, Ringed, Liver (Alaska Native)",Traditional,116.0,18.6,2.9,3.3,0.0,0.0,0.0,0.0,168026,sr_legacy_food
"Soup, Fish, Homemade (Alaska Native)",Traditional,72.0,7.4,5.6,2.2,0.0,0.0,30.0,128.0,168027,sr_legacy_food
"Sourdock, Young Leaves (Alaska Native)",Traditional,42.0,2.3,6.5,0.7,0.0,0.0,0.0,0.0,168028,sr_legacy_food
"Walrus, Meat, Raw (Alaska Native)",Traditional,199.0,19.2,0.0,13.6,0.0,0.0,0.0,0.0,168029,sr_legacy_food
"Walrus, Meat And Subcutaneous Fat Raw (Alaska Native)",Traditional,282.0,16.3,0.0,24.1,0.0,0.0,0.0,0.0,168030,sr_legacy_food
"Walrus, Liver, Raw (Alaska Native)",Traditional,125.0,21.0,3.5,3.0,0.0,0.0,0.0,0.0,168031,sr_legacy_food
"Oil, Walrus (Alaska Native)",Traditional,900.0,0.0,0.0,100.0,0.0,0.0,0.0,0.0,168032,sr_legacy_food
"Fish, Whitefish, Mixed Species",Traditional,131.0,18.9,0.0,6.1,0.0,0.0,51.0,317.0,168033,sr_legacy_food
"Willow, Leaves In Oil (Alaska Native)",Traditional,592.0,2.6,8.1,61.0,0.0,0.0,0.0,0.0,168035,sr_legacy_food
"Willow, Young Leaves, Chopped (Alaska Native)",Traditional,122.0,6.1,20.7,1.6,0.0,0.0,0.0,0.0,168036,sr_legacy_food
"Corn, White, Steamed (Navajo)",Traditional,386.0,9.7,75.2,5.2,16.6,0.0,4.0,532.0,168037,sr_legacy_food
"Cornmeal, White (Navajo)",Traditional,398.0,11.0,77.1,5.0,10.4,0.0,4.0,443.0,168038,sr_legacy_food
"Cornmeal, Yellow (Navajo)",Traditional,384.0,9.8,72.9,5.9,9.4,0.0,4.0,322.0,168039,sr_legacy_food
"Squash, Indian, Raw (Navajo)",Traditional,26.0,0.5,5.6,0.2,0.0,0.0,20.0,205.0,168040,sr_legacy_food
"Tortilla, Includes Plain And From Mutton Sandwich (Navajo)",Traditional,237.0,7.3,49.9,1.0,2.4,0.0,482.0,105.0,168041,sr_legacy_food
"Stew, Dumpling With Mutton (Navajo)",Traditional,101.0,8.7,8.0,3.8,0.0,0.0,46.0,82.0,168042,sr_legacy_food
"Stew, Hominy With Mutton (Navajo)",Traditional,83.0,6.7,9.4,2.1,2.0,0.0,45.0,118.0,168043,sr_legacy_food
"Stew, Mutton, Corn",Traditional,103.0,8.6,7.3,4.3,1.7,0.0,49.0,199.0,168044,sr_legacy_food
"Fish, Salmon, Sockeye (Red)",Traditional,153.0,21.9,0.0,7.3,0.0,0.0,60.0,360.0,168045,sr_legacy_food
"Fish, Salmon, Chum",Traditional,116.0,20.7,0.0,3.7,0.0,0.0,59.0,370.0,168046,sr_legacy_food
"Fish, Salmon, King (Chinook)",Traditional,187.0,20.2,0.0,11.7,0.0,0.0,48.0,370.0,168047,sr_legacy_food
"Salmonberries, Raw (Alaska Native)",Traditional,47.0,0.8,10.0,0.3,1.9,0.0,14.0,110.0,168048,sr_legacy_food
"Caribou, Shoulder Meat, Dried (Alaska Native)",Traditional,271.0,59.4,0.0,3.7,0.0,0.0,950.0,810.0,168049,sr_legacy_food
"Caribou, Hind Quarter Meat, Raw (Alaska Native)",Traditional,122.0,22.6,0.0,3.4,0.0,0.0,52.0,320.0,168050,sr_legacy_food
"Fish, Whitefish, Dried (Alaska Native)",Traditional,371.0,62.4,0.0,13.4,0.0,0.0,200.0,1080.0,168052,sr_legacy_food
"Elk, Free Range, Ground",Traditional,143.0,29.4,0.0,2.8,0.0,0.0,56.0,379.0,168055,sr_legacy_food
"Chokecherries, Raw, Pitted (Shoshone Bannock)",Traditional,156.0,2.9,33.9,1.0,17.0,0.0,2.0,309.0,168058,sr_legacy_food
"Steelhead Trout, Dried, Flesh (Shoshone Bannock)",Traditional,382.0,77.3,0.0,8.1,0.0,0.0,2850.0,1720.0,168059,sr_legacy_food
"Steelhead Trout, Boiled, Canned (Alaska Native)",Traditional,159.0,21.1,0.0,8.3,0.0,0.0,118.0,365.0,168060,sr_legacy_food
Acorn Stew (Apache),Traditional,95.0,6.8,9.2,3.5,0.7,0.0,130.0,110.0,168061,sr_legacy_food
"Restaurant, Italian, Chicken Parmesan Without Pasta",Meals,204.0,16.2,10.9,10.6,0.9,0.0,536.0,293.0,168062,sr_legacy_food
"Restaurant, Latino, Arroz Con Leche (Rice Pudding)",Meals,146.0,3.2,24.9,3.7,0.5,0.0,106.0,142.0,168063,sr_legacy_food
"Restaurant, Latino, Arroz Con Frijoles Negros (Rice And Black Beans)",Meals,151.0,4.6,24.4,3.8,3.4,0.0,420.0,224.0,168064,sr_legacy_food
"Restaurant, Latino, Arroz Con Habichuelas Colorados (Rice And Red Beans)",Meals,142.0,4.0,23.7,3.5,2.6,0.0,370.0,194.0,168065,sr_legacy_food
"Restaurant, Latino, Arroz Con Grandules (Rice And Pigeonpeas)",Meals,182.0,3.5,30.8,5.0,1.4,0.0,583.0,84.0,168066,sr_legacy_food
"Restaurant, Latino, Black Bean Soup",Meals,103.0,5.1,14.8,2.6,4.9,0.0,311.0,340.0,168068,sr_legacy_food
"Restaurant, Latino, Tripe Soup",Meals,74.0,8.6,4.1,2.6,0.0,0.0,411.0,81.0,168069,sr_legacy_food
"Restaurant, Latino, Arepa (Unleavened Cornmeal Bread)",Meals,219.0,5.5,37.1,5.4,2.6,0.0,270.0,88.0,168070,sr_legacy_food
"Restaurant, Latino, Bunuelos (Fried Yeast Bread)",Meals,462.0,8.0,48.6,26.2,1.5,0.0,418.0,104.0,168071,sr_legacy_food
"Restaurant, Chinese, Beef And Vegetables",Meals,105.0,7.1,7.3,5.3,1.5,0.0,409.0,204.0,168072,sr_legacy_food
"Cracker Barrel, Chicken Tenderloin Platter, Fried",Meals,294.0,18.7,20.2,15.4,1.0,0.0,871.0,330.0,168073,sr_legacy_food
"Cracker Barrel, Country Fried Shrimp Platter",Meals,287.0,12.6,21.4,16.8,0.3,0.0,1050.0,86.0,168074,sr_legacy_food
"Cracker Barrel, Farm Raised Catfish Platter",Meals,266.0,22.9,5.3,17.0,1.6,0.0,414.0,434.0,168075,sr_legacy_food
"Denny'S, Mozzarella Cheese Sticks",Meals,324.0,13.6,27.2,17.9,1.6,0.0,1008.0,121.0,168076,sr_legacy_food
"Denny'S, Golden Fried Shrimp",Meals,319.0,13.9,20.9,20.0,1.5,0.0,1400.0,128.0,168077,sr_legacy_food
"Denny'S, Macaroni & Cheese, From Kid'S Menu",Meals,150.0,5.2,21.2,4.9,1.2,0.0,300.0,165.0,168078,sr_legacy_food
"Denny'S, Chicken Nuggets, Star Shaped",Meals,377.0,16.3,13.6,28.6,0.8,0.0,644.0,244.0,168079,sr_legacy_food
"Restaurant, Chinese, Shrimp And Vegetables",Meals,78.0,5.9,4.5,4.0,1.4,0.0,375.0,192.0,168080,sr_legacy_food
"Restaurant, Chinese, Sweet And Sour Chicken",Meals,250.0,10.1,23.9,12.6,1.0,0.0,246.0,158.0,168081,sr_legacy_food
"Restaurant, Chinese, Sweet And Sour Pork",Meals,270.0,8.9,23.3,15.7,1.0,0.0,304.0,152.0,168082,sr_legacy_food
"Restaurant, Chinese, Chicken Chow Mein",Meals,85.0,6.8,8.3,2.8,1.0,0.0,311.0,124.0,168083,sr_legacy_food
"Restaurant, Chinese, Vegetable Chow Mein",Meals,43.0,1.3,5.7,1.7,1.2,0.0,344.0,136.0,168084,sr_legacy_food
"Olive Garden, Spaghetti With Meat Sauce",Meals,121.0,5.8,17.2,3.3,1.7,0.0,209.0,164.0,168085,sr_legacy_food
"Carrabba'S Italian Grill, Spaghetti With Meat Sauce",Meals,122.0,5.9,15.7,3.9,1.5,0.0,270.0,187.0,168086,sr_legacy_food
"Restaurant, Chinese, Sesame Chicken",Meals,293.0,14.3,26.9,14.2,0.7,0.0,482.0,204.0,168087,sr_legacy_food
"Syrups, Grenadine",Snacks,268.0,0.0,66.9,0.0,0.0,0.0,27.0,28.0,168088,sr_legacy_food
"Imitation Cheese, American Or Cheddar, Low Cholesterol",Dairy,390.0,25.0,1.0,32.0,0.0,0.0,670.0,55.0,168089,sr_legacy_food
"Babyfood, Banana Juice With Low Fat Yogurt",Baby Foods,86.0,2.5,17.5,0.8,0.4,0.0,37.0,160.0,168090,sr_legacy_food
"Babyfood, Mixed Fruit Juice With Low Fat Yogurt",Baby Foods,74.0,2.4,14.7,0.8,0.4,0.0,36.0,137.0,168091,sr_legacy_food
"Ham, Turkey, Sliced",Protein,134.0,19.6,0.9,5.8,0.0,0.0,1038.0,299.0,168092,sr_legacy_food
"Salad Dressing, Peppercorn Dressing, Commercial",Fats & Oils,564.0,1.2,3.5,61.4,0.0,0.0,1103.0,176.0,168093,sr_legacy_food
"Mayonnaise, Reduced-Calorie Or Diet, Cholesterol-Free",Fats & Oils,333.0,0.9,6.7,33.3,0.0,0.0,733.0,67.0,168094,sr_legacy_food
"Granola Bar, Soft, Milk Chocolate Coated",Snacks,536.0,9.6,54.1,31.2,3.8,0.0,193.0,339.0,168095,sr_legacy_food
"Salad Dressing, Italian Dressing, Reduced Calorie",Fats & Oils,200.0,0.3,6.7,20.0,0.2,0.0,1074.0,33.0,168096,sr_legacy_food
"Cream Substitute, Liquid, Light",Dairy,71.0,0.8,9.1,3.5,0.0,0.0,60.0,177.0,168097,sr_legacy_food
"Cheese, Monterey, Low Fat",Dairy,313.0,28.2,0.7,21.6,0.0,0.0,781.0,81.0,168098,sr_legacy_food
"Bologna, Beef, Low Fat",Protein,204.0,11.8,5.2,14.8,0.0,0.0,821.0,147.0,168101,sr_legacy_food
"Candies, Mars Snackfood Us, Twix Chocolate Fudge Cookie Bars",Snacks,553.0,7.3,56.0,33.3,3.0,0.0,266.0,309.0,168102,sr_legacy_food
"Frozen Yogurts, Chocolate, Nonfat Milk",Snacks,107.0,4.4,19.7,0.8,2.0,0.0,81.0,339.0,168103,sr_legacy_food
"Frozen Yogurts, Chocolate",Snacks,131.0,3.0,21.6,3.6,2.3,0.0,63.0,234.0,168104,sr_legacy_food
"Frozen Yogurts, Flavors Other Than Chocolate",Snacks,127.0,3.0,21.6,3.6,0.0,0.0,63.0,156.0,168105,sr_legacy_food
Papad,Legume,371.0,25.6,59.9,3.2,18.6,0.0,1745.0,1000.0,168106,sr_legacy_food
"Rice Cake, Cracker (Include Hain Mini Rice Cakes)",Snacks,392.0,7.1,81.1,4.3,4.2,0.0,71.0,428.0,168107,sr_legacy_food
"Candies, Mars Snackfood Us, M&M'S Almond Chocolate Candies",Snacks,522.0,7.5,60.5,27.8,5.6,0.0,45.0,381.0,168108,sr_legacy_food
"Salad Dressing, Coleslaw, Reduced Fat",Fats & Oils,329.0,0.0,40.0,20.0,0.4,0.0,1600.0,50.0,168109,sr_legacy_food
"Salad Dressing, Mayonnaise And Mayonnaise-Type, Low Calorie",Fats & Oils,263.0,0.9,23.9,19.0,0.0,0.0,837.0,24.0,168112,sr_legacy_food
"Frozen Novelties, Juice Type, Orange",Snacks,95.0,0.5,23.2,0.0,0.1,0.0,8.0,100.0,168113,sr_legacy_food
"Mayonnaise, Low Sodium, Low Calorie Or Diet",Fats & Oils,231.0,0.3,16.0,19.2,0.0,0.0,110.0,10.0,168115,sr_legacy_food
"Snacks, Tortilla Chips, Unsalted",Snacks,503.0,7.8,65.3,23.4,5.3,0.0,15.0,215.0,168116,sr_legacy_food
"Cranberry Juice, Unsweetened",Fruit,46.0,0.4,12.2,0.1,0.1,0.0,2.0,77.0,168117,sr_legacy_food
"Beef, Bologna, Reduced Sodium",Protein,310.0,11.7,2.0,28.4,0.0,0.0,682.0,155.0,168118,sr_legacy_food
"Turnip Greens, Canned, No Salt Added",Vegetable,19.0,1.4,2.8,0.3,1.3,0.0,29.0,141.0,168119,sr_legacy_food
"Cheese, Pasteurized Process, Cheddar Or American",Dairy,376.0,22.2,1.6,31.2,0.0,0.0,7.0,162.0,168121,sr_legacy_food
"Beverages, Coffee, Instant",Beverage,509.0,2.0,59.9,29.1,0.5,0.0,0.0,909.0,168122,sr_legacy_food
"Beverages, Cranberry-Apple Juice Drink, Low Calorie",Beverage,19.0,0.1,4.7,0.0,0.1,0.0,5.0,45.0,168123,sr_legacy_food
"Cheese, Swiss, Low Sodium",Dairy,374.0,28.4,3.4,27.4,0.0,0.0,14.0,111.0,168124,sr_legacy_food
"Babyfood, Dinner, Macaroni",Baby Foods,82.0,4.3,11.5,1.9,1.1,0.0,35.0,148.0,168125,sr_legacy_food
"Rolls, Pumpernickel",Grain,276.0,10.8,51.9,2.8,5.4,0.0,492.0,208.0,168126,sr_legacy_food
"Beans, Baked, Canned",Legume,105.0,4.8,20.5,0.4,5.5,0.0,1.0,296.0,168128,sr_legacy_food
"Jellyfish, Dried, Salted",Protein,36.0,5.5,0.0,1.4,0.0,0.0,9690.0,3.0,168129,sr_legacy_food
"Frozen Novelties, Ice Cream Type, Chocolate Or Caramel Covered",Snacks,323.0,4.4,30.9,20.2,0.6,0.0,92.0,238.0,168130,sr_legacy_food
"Frankfurter, Low Sodium",Protein,312.0,12.0,1.8,28.5,0.0,0.0,311.0,166.0,168131,sr_legacy_food
"Frozen Novelties, Ice Type, Pop",Snacks,24.0,0.0,5.9,0.0,0.0,0.0,10.0,11.0,168132,sr_legacy_food
"Babyfood, Dessert, Peach Yogurt",Baby Foods,77.0,0.9,17.6,0.2,0.4,0.0,14.0,102.0,168133,sr_legacy_food
"Babyfood, Dessert, Blueberry Yogurt",Baby Foods,77.0,0.5,17.0,0.7,0.4,0.0,14.0,62.0,168134,sr_legacy_food
"Babyfood, Dessert, Banana Yogurt",Baby Foods,78.0,1.1,17.4,0.5,0.5,0.0,14.0,100.0,168135,sr_legacy_food
"Ice Creams, Chocolate, Rich",Snacks,251.0,4.7,19.8,17.0,0.9,0.0,57.0,238.0,168136,sr_legacy_food
"Snacks, Tortilla Chips, Light (Baked With Less Oil)",Snacks,465.0,8.7,73.4,15.2,5.7,0.0,400.0,272.0,168137,sr_legacy_food
"Cereals Ready-To-Eat, Post, Honey Bunches Of Oats",Breakfast,401.0,7.1,81.2,5.5,4.2,0.0,454.0,209.0,168138,sr_legacy_food
"Popcorn, Microwave, Low Fat And Sodium",Snacks,429.0,12.6,73.4,9.5,14.2,0.0,490.0,241.0,168139,sr_legacy_food
"Babyfood, Fruit Supreme Dessert",Baby Foods,73.0,0.5,17.2,0.2,2.0,0.0,1.0,129.0,168140,sr_legacy_food
"Cheese, Swiss, Low Fat",Dairy,179.0,28.4,3.4,5.1,0.0,0.0,199.0,111.0,168141,sr_legacy_food
"Sweeteners, Tabletop, Fructose",Snacks,279.0,0.0,76.1,0.0,0.1,0.0,2.0,0.0,168142,sr_legacy_food
"Babyfood, Grape Juice, No Sugar",Baby Foods,62.0,0.0,15.4,0.0,0.0,0.0,10.0,90.0,168144,sr_legacy_food
"Jellies, Reduced Sugar, Home Preserved",Snacks,179.0,0.3,46.1,0.0,0.8,0.0,2.0,71.0,168145,sr_legacy_food
Vital Wheat Gluten,Grain,370.0,75.2,13.8,1.8,0.6,0.0,29.0,100.0,168147,sr_legacy_food
"Frog Legs, Raw",Protein,73.0,16.4,0.0,0.3,0.0,0.0,58.0,285.0,168148,sr_legacy_food
"Fish, Mackerel, Salted",Protein,305.0,18.5,0.0,25.1,0.0,0.0,4450.0,520.0,168149,sr_legacy_food
"Java-Plum, (Jambolan), Raw",Fruit,60.0,0.7,15.6,0.2,0.0,0.0,14.0,79.0,168150,sr_legacy_food
"Jujube, Raw",Fruit,79.0,1.2,20.2,0.2,0.0,0.0,3.0,250.0,168151,sr_legacy_food
"Jujube, Chinese, Fresh",Fruit,281.0,4.7,72.5,0.5,6.0,0.0,5.0,217.0,168152,sr_legacy_food
"Kiwifruit, Green, Raw",Fruit,61.0,1.1,14.7,0.5,3.0,0.0,3.0,312.0,168153,sr_legacy_food
"Kumquats, Raw",Fruit,71.0,1.9,15.9,0.9,6.5,0.0,10.0,186.0,168154,sr_legacy_food
"Limes, Raw",Fruit,30.0,0.7,10.5,0.2,2.8,0.0,2.0,102.0,168155,sr_legacy_food
"Lime Juice, Raw",Fruit,25.0,0.4,8.4,0.1,0.4,0.0,2.0,117.0,168156,sr_legacy_food
"Lime Juice, Canned Or Bottled, Unsweetened",Fruit,21.0,0.2,6.7,0.2,0.4,0.0,16.0,75.0,168157,sr_legacy_food
"Blueberries, Dried, Sweetened",Fruit,317.0,2.5,80.0,2.5,7.5,0.0,3.0,214.0,168158,sr_legacy_food
"Prunes, Canned, Heavy Syrup Pack",Fruit,105.0,0.9,27.8,0.2,3.8,0.0,3.0,226.0,168159,sr_legacy_food
"Prunes, Dehydrated (Low-Moisture), Uncooked",Fruit,339.0,3.7,89.1,0.7,0.0,0.0,5.0,1058.0,168160,sr_legacy_food
"Prunes, Dehydrated (Low-Moisture), Stewed",Fruit,113.0,1.2,29.7,0.2,0.0,0.0,2.0,353.0,168161,sr_legacy_food
"Plums, Dried (Prunes), Uncooked",Fruit,240.0,2.2,63.9,0.4,7.1,0.0,2.0,732.0,168162,sr_legacy_food
"Quinces, Raw",Fruit,57.0,0.4,15.3,0.1,1.9,0.0,4.0,197.0,168163,sr_legacy_food
"Raisins, Golden, Seedless",Fruit,301.0,3.3,80.0,0.2,3.3,0.0,24.0,746.0,168164,sr_legacy_food
"Raisins, Dark, Seedless (Includes Foods For Usda'S Food Distribution Program)",Fruit,299.0,3.3,79.3,0.2,4.5,0.0,26.0,744.0,168165,sr_legacy_food
"Raisins, Seeded",Fruit,296.0,2.5,78.5,0.5,6.8,0.0,28.0,825.0,168166,sr_legacy_food
"Rambutan, Canned, Syrup Pack",Fruit,82.0,0.6,20.9,0.2,0.9,0.0,11.0,42.0,168167,sr_legacy_food
"Rhubarb, Frozen, Uncooked",Fruit,21.0,0.6,5.1,0.1,1.8,0.0,2.0,108.0,168168,sr_legacy_food
"Rhubarb, Frozen, Cooked",Fruit,116.0,0.4,31.2,0.0,2.0,0.0,1.0,96.0,168169,sr_legacy_food
"Roselle, Raw",Fruit,49.0,1.0,11.3,0.6,0.0,0.0,6.0,208.0,168170,sr_legacy_food
"Rose-Apples, Raw",Fruit,25.0,0.6,5.7,0.3,0.0,0.0,0.0,123.0,168171,sr_legacy_food
"Strawberries, Canned, Heavy Syrup Pack",Fruit,92.0,0.6,23.5,0.3,1.7,0.0,4.0,86.0,168172,sr_legacy_food
"Strawberries, Frozen, Unsweetened (Includes Foods For Usda'S Food Distribution Program)",Fruit,35.0,0.4,9.1,0.1,2.1,0.0,2.0,148.0,168173,sr_legacy_food
"Strawberries, Frozen, Sweetened",Fruit,96.0,0.5,25.9,0.1,1.9,0.0,3.0,98.0,168174,sr_legacy_food
"Sugar-Apples, (Sweetsop), Raw",Fruit,94.0,2.1,23.6,0.3,4.4,0.0,9.0,247.0,168175,sr_legacy_food
"Feijoa, Raw",Fruit,61.0,0.7,15.2,0.4,6.4,0.0,3.0,172.0,168176,sr_legacy_food
"Pears, Asian, Raw",Fruit,42.0,0.5,10.6,0.2,3.6,0.0,0.0,121.0,168177,sr_legacy_food
"Fruit Cocktail, Canned, Heavy Syrup",Fruit,70.0,0.5,18.8,0.1,1.7,0.0,6.0,90.0,168178,sr_legacy_food
"Blueberries, Canned, Light Syrup",Fruit,88.0,1.0,22.7,0.4,2.6,0.0,3.0,54.0,168179,sr_legacy_food
"Blueberries, Wild, Canned",Fruit,107.0,0.6,28.3,0.3,4.9,0.0,1.0,46.0,168180,sr_legacy_food
"Peaches, Canned, Heavy Syrup",Fruit,72.0,0.5,18.4,0.2,1.2,0.0,6.0,94.0,168181,sr_legacy_food
"Pears, Canned, Heavy Syrup",Fruit,74.0,0.2,19.1,0.2,2.7,0.0,5.0,66.0,168182,sr_legacy_food
"Plums, Canned, Heavy Syrup",Fruit,89.0,0.4,23.1,0.1,1.5,0.0,19.0,93.0,168183,sr_legacy_food
"Tangerines, (Mandarin Oranges), Canned",Fruit,38.0,0.8,9.4,0.0,1.2,0.0,5.0,136.0,168184,sr_legacy_food
"Peach Nectar, Canned, With Added Ascorbic Acid",Fruit,50.0,0.2,11.9,0.5,0.1,0.0,8.0,50.0,168185,sr_legacy_food
"Pear Nectar, Canned, With Added Ascorbic Acid",Fruit,60.0,0.1,15.8,0.0,0.6,0.0,4.0,13.0,168186,sr_legacy_food
"Pineapple Juice, Canned Or Bottled, Unsweetened",Fruit,53.0,0.4,12.9,0.1,0.2,0.0,2.0,130.0,168187,sr_legacy_food
"Grapefruit Juice, White, Bottled",Fruit,37.0,0.5,7.5,0.6,0.6,0.0,2.0,142.0,168189,sr_legacy_food
"Jackfruit, Canned, Syrup Pack",Fruit,92.0,0.4,23.9,0.1,0.9,0.0,11.0,96.0,168190,sr_legacy_food
"Dates, Medjool",Fruit,277.0,1.8,75.0,0.2,6.7,0.0,1.0,696.0,168191,sr_legacy_food
"Durian, Raw Or Frozen",Fruit,147.0,1.5,27.1,5.3,3.8,0.0,2.0,436.0,168192,sr_legacy_food
"Pineapple, Raw, Traditional Varieties",Fruit,45.0,0.6,11.8,0.1,0.0,0.0,1.0,125.0,168193,sr_legacy_food
"Pineapple, Raw, Extra Sweet Variety",Fruit,51.0,0.5,13.5,0.1,1.4,0.0,1.0,108.0,168194,sr_legacy_food
"Clementines, Raw",Fruit,47.0,0.8,12.0,0.2,1.7,0.0,1.0,177.0,168195,sr_legacy_food
"Guanabana Nectar, Canned",Fruit,59.0,0.1,14.9,0.2,0.1,0.0,8.0,25.0,168196,sr_legacy_food
"Juice, Apple And Grape Blend, With Added Ascorbic Acid",Fruit,50.0,0.2,12.5,0.1,0.2,0.0,7.0,96.0,168197,sr_legacy_food
"Juice, Apple, Grape And Pear Blend",Fruit,52.0,0.2,13.0,0.1,0.2,0.0,5.0,89.0,168198,sr_legacy_food
"Plantains, Green, Fried",Fruit,309.0,1.5,49.2,11.8,3.5,0.0,2.0,482.0,168199,sr_legacy_food
"Plantains, Yellow, Fried",Fruit,236.0,1.4,40.8,7.5,3.2,0.0,6.0,507.0,168200,sr_legacy_food
"Apples, Raw, Red Delicious",Fruit,59.0,0.3,14.1,0.2,2.3,0.0,1.0,104.0,168201,sr_legacy_food
"Apples, Raw, Golden Delicious",Fruit,57.0,0.3,13.6,0.2,2.4,0.0,2.0,100.0,168202,sr_legacy_food
"Apples, Raw, Granny Smith",Fruit,58.0,0.4,13.6,0.2,2.8,0.0,1.0,120.0,168203,sr_legacy_food
"Apples, Raw, Gala",Fruit,57.0,0.2,13.7,0.1,2.3,0.0,1.0,108.0,168204,sr_legacy_food
"Pineapple Juice, Canned, Not From Concentrate",Fruit,50.0,0.4,12.2,0.1,0.2,0.0,3.0,132.0,168205,sr_legacy_food
"Fruit Juice Smoothie, Naked Juice, Blue Machine",Fruit,71.0,0.4,16.7,0.0,2.9,0.0,4.0,154.0,168206,sr_legacy_food
"Grape Juice, Canned Or Bottled, Unsweetened",Fruit,62.0,0.4,14.8,0.1,0.2,0.0,5.0,104.0,168207,sr_legacy_food
"Fruit Juice Smoothie, Odwalla, Original Superfood",Fruit,50.0,0.6,11.5,0.4,0.6,0.0,3.0,145.0,168208,sr_legacy_food
"Guava Nectar, With Sucralose, Canned",Fruit,48.0,0.3,13.3,0.1,1.2,0.0,6.0,33.0,168210,sr_legacy_food
"Kiwifruit, Zespri Sungold, Raw",Fruit,63.0,1.0,15.8,0.3,1.4,0.0,3.0,315.0,168211,sr_legacy_food
"Cranberry Juice Blend, 100% Juice, Bottled",Fruit,45.0,0.3,10.9,0.1,0.1,0.0,6.0,76.0,168212,sr_legacy_food
"Fruit Juice Smoothie, Odwalla, Strawberry Banana",Fruit,48.0,0.5,11.0,0.3,0.6,0.0,2.0,201.0,168213,sr_legacy_food
"Fruit Juice Smoothie, Naked Juice, Strawberry Banana",Fruit,50.0,0.5,11.7,0.3,0.6,0.0,2.0,201.0,168214,sr_legacy_food
"Plantains, Green, Raw",Fruit,152.0,1.2,36.7,0.1,2.2,0.0,2.0,431.0,168215,sr_legacy_food
"Plantains, Green, Boiled",Fruit,121.0,1.1,29.2,0.1,2.6,0.0,2.0,289.0,168216,sr_legacy_food
Raspberry Juice Concentrate,Fruit,221.0,3.0,53.2,1.3,1.1,0.0,10.0,1178.0,168217,sr_legacy_food
"Pork, Fresh, Composite Of Separable Fat",Protein,585.0,10.1,0.3,60.4,0.0,0.0,125.0,214.0,168218,sr_legacy_food
"Pork, Fresh, Carcass",Protein,376.0,13.9,0.0,35.1,0.0,0.0,42.0,253.0,168219,sr_legacy_food
"Pork, Cured, Breakfast Strips",Protein,388.0,11.7,0.7,37.2,0.0,0.0,987.0,204.0,168278,sr_legacy_food
"Pork, Cured, Salt Pork",Protein,748.0,5.0,0.0,80.5,0.0,0.0,2684.0,66.0,168287,sr_legacy_food
"Pork, Fresh, Backribs",Protein,224.0,19.1,0.0,16.3,0.0,0.0,87.0,247.0,168299,sr_legacy_food
"Hormel Always Tender, Pork Tenderloin, Peppercorn-Flavored",Protein,110.0,17.2,1.8,3.8,0.0,0.0,594.0,586.0,168317,sr_legacy_food
"Hormel Always Tender, Pork Loin Filets, Lemon Garlic-Flavored",Protein,118.0,17.8,1.8,4.2,0.0,0.0,590.0,542.0,168318,sr_legacy_food
"Hormel Always Tender, Center Cut Chops, Fresh Pork",Protein,167.0,18.7,0.8,9.6,0.0,0.0,378.0,307.0,168319,sr_legacy_food
"Hormel Always Tender, Boneless Pork Loin, Fresh Pork",Protein,145.0,19.0,0.8,7.2,0.0,0.0,358.0,310.0,168320,sr_legacy_food
"Pork, Bacon, Rendered Fat",Protein,898.0,0.1,0.0,99.5,0.0,0.0,27.0,15.0,168324,sr_legacy_food
"Pork, Cured, Ham And Water Product",Protein,122.0,20.9,1.4,3.6,0.0,0.0,1237.0,289.0,168325,sr_legacy_food
"Pork, Fresh, Enhanced",Protein,106.0,20.4,0.0,2.1,0.0,0.0,243.0,527.0,168361,sr_legacy_food
"Pork, Loin, Leg Cap Steak",Protein,158.0,27.6,0.0,4.4,0.0,0.0,76.0,366.0,168368,sr_legacy_food
"Pork, Shoulder Petite Tender, Boneless",Protein,128.0,21.6,0.0,3.9,0.0,0.0,50.0,391.0,168369,sr_legacy_food
"Pork, Leg Sirloin Tip Roast, Boneless",Protein,156.0,31.1,0.0,2.6,0.0,0.0,43.0,363.0,168370,sr_legacy_food
"Pork, Ground, 84% Lean / 16% Fat",Protein,218.0,18.0,0.4,16.0,0.0,0.0,68.0,244.0,168372,sr_legacy_food
"Pork, Ground, 72% Lean / 28% Fat",Protein,377.0,22.6,1.1,31.4,0.0,0.0,91.0,275.0,168373,sr_legacy_food
"Pork, Ground, 96% Lean / 4% Fat",Protein,185.0,31.7,0.6,6.2,0.0,0.0,88.0,415.0,168375,sr_legacy_food
"Pork Loin, Fresh, Backribs",Protein,172.0,20.8,0.0,9.8,0.0,0.0,95.0,268.0,168376,sr_legacy_food
"Pork, Fresh, Blade",Protein,202.0,24.7,0.8,11.1,0.0,0.0,58.0,407.0,168380,sr_legacy_food
"Bacon, Pre-Sliced, Reduced/Low Sodium",Protein,407.0,12.5,0.8,39.3,0.0,0.0,470.0,506.0,168382,sr_legacy_food
"Canadian Bacon, Cooked, Pan-Fried",Protein,146.0,28.3,1.8,2.8,0.0,0.0,993.0,999.0,168383,sr_legacy_food
"Alfalfa Seeds, Sprouted, Raw",Vegetable,23.0,4.0,2.1,0.7,1.9,0.0,6.0,79.0,168384,sr_legacy_food
"Amaranth Leaves, Raw",Vegetable,23.0,2.5,4.0,0.3,0.0,0.0,20.0,611.0,168385,sr_legacy_food
"Artichokes, (Globe Or French), Cooked",Vegetable,53.0,2.9,12.0,0.3,5.7,0.0,60.0,286.0,168386,sr_legacy_food
"Artichokes, (Globe Or French), Frozen",Vegetable,38.0,2.6,7.8,0.4,3.9,0.0,47.0,248.0,168387,sr_legacy_food
"Asparagus, Raw",Vegetable,20.0,2.2,3.9,0.1,2.1,0.0,2.0,202.0,168389,sr_legacy_food
"Asparagus, Cooked, Boiled",Vegetable,22.0,2.4,4.1,0.2,2.0,0.0,14.0,224.0,168390,sr_legacy_food
"Balsam-Pear (Bitter Gourd), Leafy Tips, Raw",Vegetable,30.0,5.3,3.3,0.7,0.0,0.0,11.0,608.0,168391,sr_legacy_food
"Balsam-Pear (Bitter Gourd), Leafy Tips, Cooked",Vegetable,34.0,3.6,6.7,0.2,1.9,0.0,13.0,602.0,168392,sr_legacy_food
"Balsam-Pear (Bitter Gourd), Pods, Raw",Vegetable,17.0,1.0,3.7,0.2,2.8,0.0,5.0,296.0,168393,sr_legacy_food
"Balsam-Pear (Bitter Gourd), Pods, Cooked",Vegetable,19.0,0.8,4.3,0.2,2.0,0.0,6.0,319.0,168394,sr_legacy_food
"Beans, Kidney, Mature Seeds",Vegetable,33.0,4.8,4.7,0.6,0.0,0.0,7.0,194.0,168395,sr_legacy_food
"Lima Beans, Immature Seeds, Raw",Vegetable,113.0,6.8,20.2,0.9,4.9,0.0,8.0,467.0,168396,sr_legacy_food
"Corn, Sweet, Yellow",Vegetable,64.0,2.2,13.0,1.4,1.7,0.0,163.0,116.0,168397,sr_legacy_food
"Cowpeas (Blackeyes), Immature Seeds, Cooked",Vegetable,97.0,3.2,20.3,0.4,5.0,0.0,4.0,418.0,168402,sr_legacy_food
"Cowpeas (Blackeyes), Immature Seeds, Frozen",Vegetable,139.0,9.0,25.1,0.7,5.0,0.0,6.0,441.0,168403,sr_legacy_food
"Cowpeas, Young Pods With Seeds, Raw",Vegetable,44.0,3.3,9.5,0.3,3.3,0.0,4.0,215.0,168405,sr_legacy_food
"Cowpeas, Leafy Tips, Cooked",Vegetable,22.0,4.7,2.8,0.1,0.0,0.0,6.0,351.0,168406,sr_legacy_food
"Cress, Garden, Raw",Vegetable,32.0,2.6,5.5,0.7,1.1,0.0,14.0,606.0,168407,sr_legacy_food
"Cress, Garden, Cooked",Vegetable,23.0,1.9,3.8,0.6,0.7,0.0,8.0,353.0,168408,sr_legacy_food
"Cucumber, With Peel, Raw",Vegetable,15.0,0.6,3.6,0.1,0.5,0.0,2.0,147.0,168409,sr_legacy_food
"Edamame, Frozen, Unprepared",Vegetable,109.0,11.2,7.6,4.7,4.8,0.0,6.0,482.0,168410,sr_legacy_food
"Edamame, Frozen, Prepared",Vegetable,121.0,11.9,8.9,5.2,5.2,0.0,6.0,436.0,168411,sr_legacy_food
"Endive, Raw",Vegetable,17.0,1.2,3.4,0.2,3.1,0.0,22.0,314.0,168412,sr_legacy_food
"Escarole, Cooked, Boiled",Vegetable,15.0,1.2,3.1,0.2,2.8,0.0,19.0,245.0,168413,sr_legacy_food
"Gourd, Dishcloth (Towelgourd), Raw",Vegetable,20.0,1.2,4.4,0.2,1.1,0.0,3.0,139.0,168414,sr_legacy_food
"Gourd, Dishcloth (Towelgourd), Cooked",Vegetable,56.0,0.7,14.3,0.3,2.9,0.0,21.0,453.0,168415,sr_legacy_food
"Drumstick Leaves, Raw",Vegetable,64.0,9.4,8.3,1.4,2.0,0.0,9.0,337.0,168416,sr_legacy_food
"Drumstick Leaves, Cooked, Boiled",Vegetable,60.0,5.3,11.2,0.9,2.0,0.0,9.0,344.0,168417,sr_legacy_food
"Pepeao, Dried",Vegetable,298.0,4.8,81.0,0.4,0.0,0.0,70.0,708.0,168418,sr_legacy_food
"Jute, Potherb, Raw",Vegetable,34.0,4.6,5.8,0.2,0.0,0.0,8.0,559.0,168419,sr_legacy_food
"Jute, Potherb, Cooked",Vegetable,37.0,3.7,7.3,0.2,2.0,0.0,11.0,550.0,168420,sr_legacy_food
"Kale, Raw",Vegetable,35.0,2.9,4.4,1.5,4.1,0.0,53.0,348.0,168421,sr_legacy_food
"Mushrooms, Chanterelle, Raw",Vegetable,32.0,1.5,6.9,0.5,3.8,0.0,9.0,506.0,168422,sr_legacy_food
"Mushrooms, Morel, Raw",Vegetable,31.0,3.1,5.1,0.6,2.8,0.0,21.0,411.0,168423,sr_legacy_food
"Kohlrabi, Raw",Vegetable,27.0,1.7,6.2,0.1,3.6,0.0,20.0,350.0,168424,sr_legacy_food
"Kohlrabi, Cooked, Boiled",Vegetable,29.0,1.8,6.7,0.1,1.1,0.0,21.0,340.0,168425,sr_legacy_food
"Leeks, (Bulb And Lower Leaf-Portion), Cooked",Vegetable,31.0,0.8,7.6,0.2,1.0,0.0,10.0,87.0,168426,sr_legacy_food
"Lentils, Sprouted, Raw",Vegetable,106.0,9.0,22.1,0.6,0.0,0.0,11.0,322.0,168427,sr_legacy_food
"Lentils, Sprouted, Cooked",Vegetable,101.0,8.8,21.2,0.4,0.0,0.0,10.0,284.0,168428,sr_legacy_food
"Lettuce, Butterhead (Includes Boston And Bibb Types), Raw",Vegetable,13.0,1.4,2.2,0.2,1.1,0.0,5.0,238.0,168429,sr_legacy_food
"Lotus Root, Cooked, Boiled",Vegetable,66.0,1.6,16.0,0.1,3.1,0.0,45.0,363.0,168430,sr_legacy_food
"Lettuce, Red Leaf, Raw",Vegetable,13.0,1.3,2.3,0.2,0.9,0.0,25.0,187.0,168431,sr_legacy_food
"Mountain Yam, Hawaii, Raw",Vegetable,67.0,1.3,16.3,0.1,2.5,0.0,13.0,418.0,168432,sr_legacy_food
"Mountain Yam, Hawaii, Cooked",Vegetable,82.0,1.7,20.0,0.1,0.0,0.0,12.0,495.0,168433,sr_legacy_food
"Mushrooms, Brown, Italian",Vegetable,22.0,2.5,4.3,0.1,0.6,0.0,6.0,448.0,168434,sr_legacy_food
"Mushrooms, Shiitake, Stir-Fried",Vegetable,39.0,3.4,7.7,0.4,3.6,0.0,5.0,326.0,168435,sr_legacy_food
"Mushrooms, Shiitake, Dried",Vegetable,296.0,9.6,75.4,1.0,11.5,0.0,13.0,1534.0,168436,sr_legacy_food
"Mushrooms, Shiitake, Cooked",Vegetable,56.0,1.6,14.4,0.2,2.1,0.0,4.0,117.0,168437,sr_legacy_food
"Mustard Spinach, (Tendergreen), Raw",Vegetable,22.0,2.2,3.9,0.3,2.8,0.0,21.0,449.0,168438,sr_legacy_food
"Mustard Spinach, (Tendergreen), Cooked",Vegetable,16.0,1.7,2.8,0.2,2.0,0.0,14.0,285.0,168439,sr_legacy_food
"New Zealand Spinach, Raw",Vegetable,14.0,1.5,2.5,0.2,1.5,0.0,130.0,130.0,168440,sr_legacy_food
"New Zealand Spinach, Cooked, Boiled",Vegetable,12.0,1.3,2.1,0.2,1.4,0.0,107.0,102.0,168441,sr_legacy_food
"Potatoes, French Fried, All Types",Vegetable,147.0,2.2,24.8,4.7,1.9,0.0,332.0,408.0,168442,sr_legacy_food
"Potato Wedges, Frozen (Includes Foods For Usda'S Food Distribution Program)",Vegetable,129.0,2.7,25.5,2.2,2.0,0.0,49.0,394.0,168443,sr_legacy_food
"Potatoes, French Fried, Steak Fries",Vegetable,130.0,2.2,23.5,3.4,1.9,0.0,317.0,400.0,168444,sr_legacy_food
Potato Flour,Vegetable,357.0,6.9,83.1,0.3,5.9,0.0,55.0,1001.0,168446,sr_legacy_food
"Pumpkin Leaves, Cooked, Boiled",Vegetable,21.0,2.7,3.4,0.2,2.7,0.0,8.0,438.0,168447,sr_legacy_food
"Pumpkin, Raw",Vegetable,26.0,1.0,6.5,0.1,0.5,0.0,1.0,340.0,168448,sr_legacy_food
"Pumpkin, Cooked, Boiled",Vegetable,20.0,0.7,4.9,0.1,1.1,0.0,1.0,230.0,168449,sr_legacy_food
"Pumpkin, Canned, Without Salt",Vegetable,34.0,1.1,8.1,0.3,2.9,0.0,5.0,206.0,168450,sr_legacy_food
"Radishes, Oriental, Raw",Vegetable,18.0,0.6,4.1,0.1,1.6,0.0,21.0,227.0,168451,sr_legacy_food
"Radishes, Oriental, Cooked",Vegetable,17.0,0.7,3.4,0.2,1.6,0.0,13.0,285.0,168452,sr_legacy_food
"Radishes, Oriental, Dried",Vegetable,271.0,7.9,63.4,0.7,23.9,0.0,278.0,3494.0,168453,sr_legacy_food
"Rutabagas, Raw",Vegetable,37.0,1.1,8.6,0.2,2.3,0.0,12.0,305.0,168454,sr_legacy_food
"Rutabagas, Cooked, Boiled",Vegetable,30.0,0.9,6.8,0.2,1.8,0.0,5.0,216.0,168455,sr_legacy_food
"Seaweed, Irishmoss, Raw",Vegetable,49.0,1.5,12.3,0.2,1.3,0.0,67.0,63.0,168456,sr_legacy_food
"Seaweed, Kelp, Raw",Vegetable,43.0,1.7,9.6,0.6,1.3,0.0,233.0,89.0,168457,sr_legacy_food
"Seaweed, Laver, Raw",Vegetable,35.0,5.8,5.1,0.3,0.3,0.0,48.0,356.0,168458,sr_legacy_food
"Sesbania Flower, Raw",Vegetable,27.0,1.3,6.7,0.0,0.0,0.0,15.0,184.0,168459,sr_legacy_food
"Soybeans, Mature Seeds, Sprouted",Vegetable,81.0,8.5,6.5,4.4,0.8,0.0,10.0,355.0,168460,sr_legacy_food
"Spinach, Raw",Vegetable,23.0,2.9,3.6,0.4,2.2,0.0,79.0,558.0,168462,sr_legacy_food
"Spinach, Cooked, Boiled",Vegetable,23.0,3.0,3.8,0.3,2.4,0.0,70.0,466.0,168463,sr_legacy_food
"Squash, Summer, Crookneck And Straightneck",Vegetable,19.0,1.0,3.9,0.3,1.0,0.0,2.0,222.0,168464,sr_legacy_food
"Squash, Summer, Zucchini",Vegetable,17.0,1.2,3.6,0.1,1.3,0.0,2.0,218.0,168469,sr_legacy_food
"Squash, Winter, Acorn",Vegetable,40.0,0.8,10.4,0.1,1.5,0.0,3.0,347.0,168472,sr_legacy_food
"Squash, Winter, Butternut",Vegetable,57.0,1.8,14.4,0.1,1.3,0.0,2.0,212.0,168473,sr_legacy_food
"Squash, Winter, Hubbard",Vegetable,40.0,2.0,8.7,0.5,3.9,0.0,7.0,320.0,168475,sr_legacy_food
"Succotash, (Corn And Limas), Cooked",Vegetable,115.0,5.1,24.4,0.8,4.5,0.0,17.0,410.0,168477,sr_legacy_food
"Succotash, (Corn And Limas), Canned",Vegetable,77.0,2.6,17.6,0.5,3.0,0.0,245.0,183.0,168478,sr_legacy_food
"Succotash, (Corn And Limas), Frozen",Vegetable,93.0,4.3,19.9,0.9,4.0,0.0,45.0,295.0,168480,sr_legacy_food
"Sweet Potato, Raw, Unprepared (Includes Foods For Usda'S Food Distribution Program)",Vegetable,86.0,1.6,20.1,0.0,3.0,0.0,55.0,337.0,168482,sr_legacy_food
"Sweet Potato, Cooked, Baked In Skin",Vegetable,90.0,2.0,20.7,0.2,3.3,0.0,36.0,475.0,168483,sr_legacy_food
"Sweet Potato, Cooked, Boiled",Vegetable,76.0,1.4,17.7,0.1,2.5,0.0,27.0,230.0,168484,sr_legacy_food
"Sweet Potato, Canned, Vacuum Pack",Vegetable,91.0,1.6,21.1,0.2,1.8,0.0,53.0,312.0,168485,sr_legacy_food
"Taro, Cooked, Without Salt",Vegetable,142.0,0.5,34.6,0.1,5.1,0.0,15.0,484.0,168486,sr_legacy_food
"Taro Leaves, Raw",Vegetable,42.0,5.0,6.7,0.7,3.7,0.0,3.0,648.0,168487,sr_legacy_food
"Taro Leaves, Cooked, Steamed",Vegetable,24.0,2.7,4.0,0.4,2.0,0.0,2.0,460.0,168488,sr_legacy_food
"Taro Shoots, Raw",Vegetable,11.0,0.9,2.3,0.1,0.0,0.0,1.0,332.0,168489,sr_legacy_food
"Arrowroot, Raw",Vegetable,65.0,4.2,13.4,0.2,1.3,0.0,26.0,454.0,168490,sr_legacy_food
"Chrysanthemum Leaves, Raw",Vegetable,24.0,3.4,3.0,0.6,3.0,0.0,118.0,567.0,168491,sr_legacy_food
"Amaranth Leaves, Cooked, Boiled",Vegetable,21.0,2.1,4.1,0.2,0.0,0.0,257.0,641.0,168492,sr_legacy_food
"Arrowhead, Cooked, Boiled",Vegetable,78.0,4.5,16.1,0.1,0.0,0.0,254.0,881.0,168493,sr_legacy_food
"Asparagus, Frozen, Cooked",Vegetable,18.0,3.0,1.9,0.4,1.6,0.0,240.0,172.0,168494,sr_legacy_food
"Bamboo Shoots, Cooked, Boiled",Vegetable,11.0,1.5,1.5,0.2,1.0,0.0,240.0,533.0,168497,sr_legacy_food
"Lima Beans, Immature Seeds, Frozen",Vegetable,103.0,6.1,19.3,0.3,5.3,0.0,289.0,304.0,168498,sr_legacy_food
"Mung Beans, Mature Seeds, Sprouted",Vegetable,19.0,2.0,3.6,0.1,0.8,0.0,246.0,101.0,168499,sr_legacy_food
"Beans, Navy, Mature Seeds",Vegetable,78.0,7.1,15.0,0.8,0.0,0.0,250.0,317.0,168500,sr_legacy_food
"Beans, Pinto, Immature Seeds",Vegetable,162.0,9.3,30.9,0.5,5.4,0.0,319.0,646.0,168501,sr_legacy_food
"Beans, Snap, Green",Vegetable,15.0,0.8,3.5,0.1,1.5,0.0,14.0,92.0,168502,sr_legacy_food
"Beans, Snap, Yellow",Vegetable,15.0,0.8,3.5,0.1,1.5,0.0,259.0,98.0,168503,sr_legacy_food
"Beets, Cooked, Boiled. Drained",Vegetable,44.0,1.7,10.0,0.2,2.0,0.0,285.0,305.0,168506,sr_legacy_food
"Beets, Canned, No Salt Added",Vegetable,28.0,0.8,6.6,0.1,1.2,0.0,21.0,142.0,168507,sr_legacy_food
"Beet Greens, Cooked, Boiled",Vegetable,27.0,2.6,5.5,0.2,2.9,0.0,477.0,909.0,168508,sr_legacy_food
"Borage, Cooked, Boiled",Vegetable,25.0,2.1,3.6,0.8,0.0,0.0,324.0,491.0,168509,sr_legacy_food
"Broccoli, Cooked, Boiled",Vegetable,35.0,2.4,7.2,0.4,3.3,0.0,262.0,293.0,168510,sr_legacy_food
"Broccoli, Frozen, Chopped",Vegetable,28.0,3.1,5.4,0.1,3.0,0.0,260.0,142.0,168511,sr_legacy_food
"Broccoli, Frozen, Spears",Vegetable,28.0,3.1,5.4,0.1,3.0,0.0,260.0,180.0,168512,sr_legacy_food
"Brussels Sprouts, Cooked, Boiled",Vegetable,36.0,2.6,7.1,0.5,2.6,0.0,257.0,317.0,168513,sr_legacy_food
"Cabbage, Common, Cooked",Vegetable,23.0,1.3,5.5,0.1,1.9,0.0,255.0,196.0,168514,sr_legacy_food
"Cabbage, Red, Cooked",Vegetable,29.0,1.5,6.9,0.1,2.6,0.0,244.0,262.0,168515,sr_legacy_food
"Cabbage, Savoy, Cooked",Vegetable,24.0,1.8,5.4,0.1,2.8,0.0,260.0,184.0,168516,sr_legacy_food
"Cabbage, Chinese (Pak-Choi), Cooked",Vegetable,12.0,1.6,1.8,0.2,1.0,0.0,270.0,371.0,168517,sr_legacy_food
"Carrots, Canned, No Salt Added",Vegetable,25.0,0.6,5.5,0.2,1.5,0.0,42.0,179.0,168518,sr_legacy_food
"Carrots, Frozen, Cooked",Vegetable,37.0,0.6,7.7,0.7,3.3,0.0,295.0,192.0,168519,sr_legacy_food
"Cauliflower, Cooked, Boiled",Vegetable,23.0,1.8,4.1,0.4,2.3,0.0,242.0,142.0,168520,sr_legacy_food
"Cauliflower, Frozen, Cooked",Vegetable,17.0,1.6,3.2,0.2,2.7,0.0,254.0,139.0,168521,sr_legacy_food
"Chrysanthemum, Garland, Cooked",Vegetable,20.0,1.6,4.3,0.1,2.3,0.0,289.0,569.0,168522,sr_legacy_food
"Collards, Cooked, Boiled",Vegetable,33.0,2.7,5.6,0.7,4.0,0.0,252.0,117.0,168523,sr_legacy_food
"Collards, Frozen, Chopped",Vegetable,36.0,3.0,7.1,0.4,2.8,0.0,286.0,251.0,168524,sr_legacy_food
"Cowpeas, Young Pods With Seeds, Cooked",Vegetable,34.0,2.6,7.0,0.3,0.0,0.0,239.0,196.0,168528,sr_legacy_food
"Drumstick Pods, Cooked, Boiled",Vegetable,36.0,2.1,8.2,0.2,4.2,0.0,279.0,457.0,168532,sr_legacy_food
"Hyacinth-Beans, Immature Seeds, Cooked",Vegetable,50.0,3.0,9.2,0.3,0.0,0.0,238.0,262.0,168533,sr_legacy_food
"Lambsquarters, Cooked, Boiled",Vegetable,32.0,3.2,5.0,0.7,2.1,0.0,265.0,288.0,168534,sr_legacy_food
"Mushrooms, White, Cooked",Vegetable,28.0,2.2,5.3,0.5,2.2,0.0,238.0,356.0,168537,sr_legacy_food
"Corn, Sweet, White",Vegetable,86.0,3.2,19.0,1.2,2.7,0.0,15.0,270.0,168538,sr_legacy_food
"Peppers, Sweet, Red",Vegetable,18.0,0.8,3.9,0.3,1.2,0.0,1369.0,146.0,168546,sr_legacy_food
"Tree Fern, Cooked, With Salt",Vegetable,40.0,0.3,10.8,0.1,3.7,0.0,241.0,5.0,168553,sr_legacy_food
"Potatoes, Mashed, Prepared From Granules",Vegetable,108.0,2.0,14.4,4.9,2.2,0.0,263.0,145.0,168554,sr_legacy_food
"Potatoes, Mashed, Home-Prepared",Vegetable,113.0,1.9,16.8,4.2,1.5,0.0,317.0,284.0,168555,sr_legacy_food
Catsup,Vegetable,101.0,1.0,27.4,0.1,0.3,0.0,907.0,281.0,168556,sr_legacy_food
"Pickles, Cucumber, Dill Or Kosher Dill",Vegetable,12.0,0.5,2.4,0.3,1.0,0.0,809.0,117.0,168558,sr_legacy_food
"Pimento, Canned",Vegetable,23.0,1.1,5.1,0.3,1.9,0.0,14.0,158.0,168559,sr_legacy_food
"Pickle Relish, Hot Dog",Vegetable,91.0,1.5,23.4,0.5,1.5,0.0,1091.0,78.0,168560,sr_legacy_food
"Pickle Relish, Sweet",Vegetable,130.0,0.4,35.1,0.5,1.1,0.0,811.0,25.0,168561,sr_legacy_food
"Pickles, Cucumber, Sour",Vegetable,11.0,0.3,2.3,0.2,1.2,0.0,18.0,23.0,168562,sr_legacy_food
"Pickles, Cucumber, Dill",Vegetable,12.0,0.5,2.4,0.3,1.0,0.0,18.0,117.0,168563,sr_legacy_food
"Radicchio, Raw",Vegetable,23.0,1.4,4.5,0.2,0.9,0.0,22.0,302.0,168564,sr_legacy_food
"Squash, Zucchini, Baby",Vegetable,21.0,2.7,3.1,0.4,1.1,0.0,3.0,459.0,168565,sr_legacy_food
"Tomatillos, Raw",Vegetable,32.0,1.0,5.8,1.0,1.9,0.0,1.0,268.0,168566,sr_legacy_food
"Tomatoes, Sun-Dried",Vegetable,258.0,14.1,55.8,3.0,12.3,0.0,107.0,3427.0,168567,sr_legacy_food
"Carrots, Baby, Raw",Vegetable,35.0,0.6,8.2,0.1,2.9,0.0,78.0,237.0,168568,sr_legacy_food
"Hearts Of Palm, Canned",Vegetable,28.0,2.5,4.6,0.6,2.4,0.0,426.0,177.0,168569,sr_legacy_food
"Peppers, Hot Chile, Sun-Dried",Vegetable,324.0,10.6,69.9,5.8,28.7,0.0,91.0,1870.0,168570,sr_legacy_food
"Nopales, Raw",Vegetable,16.0,1.3,3.3,0.1,2.2,0.0,21.0,257.0,168571,sr_legacy_food
"Cabbage, Napa, Cooked",Vegetable,12.0,1.1,2.2,0.2,0.0,0.0,11.0,87.0,168572,sr_legacy_food
"Lemon Grass (Citronella), Raw",Vegetable,99.0,1.8,25.3,0.5,0.0,0.0,6.0,723.0,168573,sr_legacy_food
"Beans, Fava, In Pod",Vegetable,88.0,7.9,17.6,0.7,7.5,0.0,25.0,332.0,168574,sr_legacy_food
"Grape Leaves, Raw",Vegetable,93.0,5.6,17.3,2.1,11.0,0.0,9.0,272.0,168575,sr_legacy_food
"Peppers, Jalapeno, Raw",Vegetable,29.0,0.9,6.5,0.4,2.8,0.0,3.0,248.0,168576,sr_legacy_food
"Peppers, Chili, Green",Vegetable,21.0,0.7,4.6,0.3,1.7,0.0,397.0,113.0,168577,sr_legacy_food
"Peppers, Hungarian, Raw",Vegetable,29.0,0.8,6.7,0.4,1.0,0.0,1.0,202.0,168578,sr_legacy_food
"Peppers, Pasilla, Dried",Vegetable,345.0,12.4,51.1,15.8,26.8,0.0,89.0,2222.0,168579,sr_legacy_food
"Mushrooms, Oyster, Raw",Vegetable,33.0,3.3,6.1,0.4,2.3,0.0,18.0,420.0,168580,sr_legacy_food
"Fungi, Cloud Ears, Dried",Vegetable,284.0,9.2,73.0,0.7,70.1,0.0,35.0,754.0,168581,sr_legacy_food
"Mushrooms, Straw, Canned",Vegetable,32.0,3.8,4.6,0.7,2.5,0.0,384.0,78.0,168582,sr_legacy_food
"Wasabi, Root, Raw",Vegetable,109.0,4.8,23.5,0.6,7.8,0.0,17.0,568.0,168583,sr_legacy_food
"Fiddlehead Ferns, Frozen, Unprepared",Vegetable,34.0,4.3,5.7,0.4,0.0,0.0,0.0,129.0,168584,sr_legacy_food
"Nuts, Coconut Meat, Dried (Desiccated)",Nuts,684.0,5.3,21.5,69.1,0.0,0.0,37.0,551.0,168585,sr_legacy_food
"Seeds, Sisymbrium Sp. Seeds, Whole",Nuts,318.0,12.1,58.3,4.6,0.0,0.0,92.0,2130.0,168587,sr_legacy_food
"Nuts, Almond Butter, Plain",Nuts,614.0,21.0,18.8,55.5,10.3,0.0,7.0,748.0,168588,sr_legacy_food
"Nuts, Chestnuts, Japanese",Nuts,56.0,0.8,12.6,0.2,0.0,0.0,5.0,119.0,168589,sr_legacy_food
"Seeds, Lotus Seeds, Raw",Nuts,89.0,4.1,17.3,0.5,0.0,0.0,1.0,367.0,168591,sr_legacy_food
"Nuts, Almonds, Honey Roasted",Nuts,594.0,18.2,27.9,49.9,13.7,0.0,130.0,560.0,168592,sr_legacy_food
"Seeds, Sunflower Seed Kernels, Oil Roasted",Nuts,592.0,20.1,22.9,51.3,10.6,0.0,303.0,483.0,168593,sr_legacy_food
"Seeds, Sunflower Seed Kernels, Toasted",Nuts,619.0,17.2,20.6,56.8,11.5,0.0,613.0,491.0,168594,sr_legacy_food
"Seeds, Sunflower Seed Butter, With Salt Added (Includes Foods For Usda'S Food Distribution Program)",Nuts,617.0,17.3,23.3,55.2,5.7,0.0,331.0,576.0,168595,sr_legacy_food
"Nuts, Almonds, Dry Roasted",Nuts,598.0,21.0,21.0,52.5,10.9,0.0,234.0,713.0,168596,sr_legacy_food
"Nuts, Cashew Butter, Plain",Nuts,609.0,12.1,30.3,53.0,3.0,0.0,295.0,447.0,168597,sr_legacy_food
"Nuts, Macadamia Nuts, Dry Roasted",Nuts,716.0,7.8,12.8,76.1,8.0,0.0,353.0,363.0,168598,sr_legacy_food
"Nuts, Mixed Nuts, Dry Roasted",Nuts,594.0,17.3,25.4,51.4,9.0,0.0,345.0,693.0,168599,sr_legacy_food
"Nuts, Mixed Nuts, Oil Roasted",Nuts,607.0,20.0,21.0,54.0,7.0,0.0,273.0,632.0,168600,sr_legacy_food
"Seeds, Pumpkin And Squash Seeds, Whole",Nuts,446.0,18.6,53.8,19.4,18.4,0.0,2541.0,919.0,168601,sr_legacy_food
"Nuts, Almonds, Oil Roasted",Nuts,607.0,21.2,17.7,55.2,10.5,0.0,143.0,699.0,168602,sr_legacy_food
"Seeds, Sesame Butter, Tahini",Nuts,592.0,17.4,21.5,53.0,4.7,0.0,35.0,459.0,168604,sr_legacy_food
"Beef, Retail Cuts, Separable Fat",Protein,674.0,8.2,0.0,70.9,0.0,0.0,26.0,96.0,168605,sr_legacy_food
"Beef, Brisket, Whole",Protein,157.0,20.7,0.6,7.4,0.0,0.0,79.0,330.0,168607,sr_legacy_food
"Beef, Grass-Fed, Ground",Protein,198.0,19.4,0.0,12.7,0.0,0.0,68.0,289.0,168608,sr_legacy_food
"Beef, Flank, Steak",Protein,149.0,21.7,0.0,6.3,0.0,0.0,57.0,340.0,168609,sr_legacy_food
"Beef, Rib, Eye",Protein,274.0,17.5,0.0,22.1,0.0,0.0,56.0,305.0,168612,sr_legacy_food
"Beef, Rib, Shortribs",Protein,471.0,21.6,0.0,42.0,0.0,0.0,50.0,224.0,168613,sr_legacy_food
"Beef, Round, Full Cut",Protein,191.0,29.2,0.0,7.3,0.0,0.0,64.0,422.0,168616,sr_legacy_food
"Beef, Short Loin, Porterhouse Steak",Protein,221.0,27.6,0.0,11.4,0.0,0.0,67.0,290.0,168618,sr_legacy_food
"Beef, Short Loin, T-Bone Steak",Protein,160.0,22.1,0.0,7.3,0.0,0.0,35.0,263.0,168619,sr_legacy_food
"Beef, Rib Eye, Small End (Ribs 10-12)",Protein,149.0,21.2,0.0,6.6,0.0,0.0,52.0,297.0,168621,sr_legacy_food
"Beef, Variety Meats And By-Products, Brain",Protein,143.0,10.9,1.0,10.3,0.0,0.0,126.0,274.0,168622,sr_legacy_food
"Beef, Variety Meats And By-Products, Heart",Protein,112.0,17.7,0.1,3.9,0.0,0.0,98.0,287.0,168625,sr_legacy_food
"Beef, Variety Meats And By-Products, Liver",Protein,191.0,29.1,5.1,5.3,0.0,0.0,79.0,352.0,168626,sr_legacy_food
"Beef, Variety Meats And By-Products, Lungs",Protein,92.0,16.2,0.0,2.5,0.0,0.0,198.0,340.0,168628,sr_legacy_food
"Beef, Variety Meats And By-Products, Mechanically Separated Beef",Protein,276.0,15.0,0.0,23.5,0.0,0.0,57.0,277.0,168630,sr_legacy_food
"Beef, Loin, Top Loin Steak",Protein,207.0,29.2,0.0,9.1,0.0,0.0,57.0,371.0,168631,sr_legacy_food
"Beef, Top Sirloin, Steak",Protein,206.0,29.6,0.0,8.8,0.0,0.0,63.0,381.0,168633,sr_legacy_food
"Beef, Round, Tip Round",Protein,156.0,20.2,0.0,7.7,0.0,0.0,51.0,309.0,168646,sr_legacy_food
"Beef, Round, Top Round Steak",Protein,162.0,30.1,0.0,3.8,0.0,0.0,75.0,435.0,168649,sr_legacy_food
"Beef, Ground, 70% Lean Meat / 30% Fat",Protein,238.0,22.9,0.0,15.5,0.0,0.0,92.0,308.0,168650,sr_legacy_food
"Beef, Chuck, Under Blade Center Steak",Protein,157.0,19.7,0.2,8.5,0.0,0.0,77.0,329.0,168653,sr_legacy_food
"Beef, Shoulder Top Blade Steak, Boneless",Protein,196.0,28.2,0.0,9.2,0.0,0.0,87.0,390.0,168654,sr_legacy_food
"Beef, Brisket, Flat Half",Protein,132.0,21.5,0.0,5.1,0.0,0.0,83.0,362.0,168656,sr_legacy_food
"Beef, Chuck Eye Roast, Boneless",Protein,180.0,19.2,0.0,11.5,0.0,0.0,81.0,332.0,168660,sr_legacy_food
"Beef, Composite Of Trimmed Retail Cuts, Separable Lean And Fat",Protein,245.0,26.1,0.0,15.1,0.0,0.0,51.0,262.0,168663,sr_legacy_food
"Beef, Chuck, Arm Pot Roast",Protein,302.0,30.1,0.0,19.2,0.0,0.0,50.0,242.0,168667,sr_legacy_food
"Beef, Chuck, Blade Roast",Protein,359.0,26.4,0.0,27.3,0.0,0.0,64.0,230.0,168671,sr_legacy_food
"Beef, Rib, Whole (Ribs 6-12)",Protein,322.0,16.3,0.0,27.9,0.0,0.0,54.0,267.0,168675,sr_legacy_food
"Beef, Rib, Large End (Ribs 6-9)",Protein,316.0,16.3,0.0,27.3,0.0,0.0,55.0,260.0,168680,sr_legacy_food
"Beef, Rib, Small End (Ribs 10-12)",Protein,304.0,24.5,0.0,22.1,0.0,0.0,49.0,298.0,168688,sr_legacy_food
"Beef, Round, Bottom Round",Protein,218.0,26.4,0.0,11.6,0.0,0.0,35.0,214.0,168696,sr_legacy_food
"Beef, Round, Eye Of Round",Protein,173.0,21.7,0.0,8.9,0.0,0.0,55.0,334.0,168701,sr_legacy_food
"Beef, Round, Top Round",Protein,228.0,33.9,2.0,8.3,0.0,0.0,65.0,484.0,168708,sr_legacy_food
"Beef, Short Loin, Top Loin",Protein,278.0,26.2,0.0,18.4,0.0,0.0,52.0,316.0,168718,sr_legacy_food
"Beef, Loin, Top Loin",Protein,224.0,20.6,0.0,15.0,0.0,0.0,52.0,313.0,168719,sr_legacy_food
"Beef, Tenderloin, Steak",Protein,273.0,26.4,0.0,17.8,0.0,0.0,52.0,318.0,168722,sr_legacy_food
"Beef, Tenderloin, Roast",Protein,331.0,23.9,0.0,25.4,0.0,0.0,65.0,407.0,168723,sr_legacy_food
"Beef, Chuck, Clod Roast",Protein,172.0,28.1,0.0,5.8,0.0,0.0,74.0,384.0,168730,sr_legacy_food
"Beef, Shoulder Steak, Boneless",Protein,178.0,28.5,0.0,6.2,0.0,0.0,68.0,372.0,168731,sr_legacy_food
"Beef, Bottom Sirloin, Tri-Tip Roast",Protein,165.0,20.6,0.0,8.6,0.0,0.0,52.0,317.0,168734,sr_legacy_food
"Beef, Chuck, Top Blade",Protein,217.0,26.1,0.0,11.6,0.0,0.0,68.0,304.0,168738,sr_legacy_food
"Beef, Plate, Inside Skirt Steak",Protein,205.0,26.7,0.0,10.1,0.0,0.0,76.0,295.0,168744,sr_legacy_food
"Beef, Plate, Outside Skirt Steak",Protein,233.0,24.2,0.0,14.4,0.0,0.0,94.0,393.0,168745,sr_legacy_food
"Alcoholic Beverage, Beer, Regular",Beverage,43.0,0.5,3.6,0.0,0.0,0.0,4.0,27.0,168746,sr_legacy_food
"Alcoholic Beverage, Beer, Light",Beverage,28.0,0.2,0.9,0.0,0.0,0.0,3.0,26.0,168748,sr_legacy_food
"Alcoholic Beverage, Pina Colada, Canned",Beverage,237.0,0.6,27.6,7.6,0.1,0.0,71.0,83.0,168750,sr_legacy_food
"Beverages, Almond Milk, Sweetened",Beverage,38.0,0.4,6.6,1.0,0.4,0.0,63.0,50.0,168751,sr_legacy_food
"Alcoholic Beverage, Pina Colada, Prepared-From-Recipe",Beverage,174.0,0.4,22.7,1.9,0.3,0.0,6.0,71.0,168752,sr_legacy_food
"Alcoholic Beverage, Tequila Sunrise, Canned",Beverage,110.0,0.3,11.3,0.1,0.0,0.0,57.0,10.0,168753,sr_legacy_food
"Candies, Milk Chocolate, With Almonds",Snacks,526.0,9.0,53.4,34.4,6.2,0.0,74.0,444.0,168754,sr_legacy_food
"Candies, Milk Chocolate, With Rice Cereal",Snacks,511.0,7.6,59.7,29.4,3.3,0.0,86.0,370.0,168755,sr_legacy_food
"Candies, Mars Snackfood Us, Milky Way Bar",Snacks,456.0,4.0,71.2,17.2,1.0,0.0,167.0,124.0,168756,sr_legacy_food
"Candies, Hershey'S Skor Toffee Bar",Snacks,541.0,3.1,63.7,30.4,1.3,0.0,317.0,153.0,168757,sr_legacy_food
"Toppings, Strawberry",Snacks,254.0,0.2,66.3,0.1,0.7,0.0,21.0,51.0,168758,sr_legacy_food
"Candies, Mounds Candy Bar",Snacks,493.0,4.6,58.9,26.6,3.7,0.0,145.0,321.0,168759,sr_legacy_food
"Candies, Mr. Goodbar Chocolate Bar",Snacks,538.0,10.2,54.3,33.2,3.8,0.0,41.0,394.0,168760,sr_legacy_food
"Candies, Nestle, 100 Grand Bar",Snacks,468.0,2.5,71.0,19.3,1.0,0.0,203.0,163.0,168761,sr_legacy_food
"Candies, Nestle, Crunch Bar And Dessert Topping",Snacks,500.0,5.0,67.0,26.0,1.9,0.0,150.0,305.0,168762,sr_legacy_food
"Candies, Reese'S Peanut Butter Cups",Snacks,515.0,10.2,55.4,30.5,3.6,0.0,357.0,343.0,168763,sr_legacy_food
"Candies, Reese'S Pieces Candy",Snacks,497.0,12.5,59.9,24.8,3.0,0.0,194.0,359.0,168764,sr_legacy_food
"Candies, Rolo Caramels In Milk Chocolate",Snacks,474.0,5.1,68.0,20.9,0.9,0.0,188.0,188.0,168765,sr_legacy_food
"Candies, Nestle, After Eight Mints",Snacks,432.0,1.7,79.5,11.9,2.4,0.0,1.0,0.0,168766,sr_legacy_food
"Candies, Mars Snackfood Us, 3 Musketeers Bar",Snacks,436.0,2.6,77.8,12.8,1.5,0.0,194.0,133.0,168767,sr_legacy_food
"Candies, Mars Snackfood Us, Twix Caramel Cookie Bars",Snacks,502.0,4.9,64.8,24.8,1.1,0.0,198.0,186.0,168768,sr_legacy_food
"Candies, Mars Snackfood Us, Twix Peanut Butter Cookie Bars",Snacks,547.0,9.2,54.1,32.7,3.1,0.0,226.0,264.0,168769,sr_legacy_food
"Candies, Whatchamacallit Candy Bar",Snacks,494.0,8.0,63.2,23.7,1.9,0.0,299.0,303.0,168770,sr_legacy_food
Chewing Gum,Snacks,360.0,0.0,96.7,0.3,2.4,0.0,1.0,2.0,168771,sr_legacy_food
"Egg Custards, Dry Mix",Snacks,410.0,6.9,82.8,6.4,0.0,0.0,281.0,540.0,168772,sr_legacy_food
"Egg Custards, Dry Mix, Prepared With Whole Milk",Snacks,122.0,4.0,17.6,4.0,0.0,0.0,84.0,207.0,168773,sr_legacy_food
"Cocoa, Dry Powder, Unsweetened",Snacks,410.0,20.0,60.0,10.0,20.0,0.0,0.0,0.0,168774,sr_legacy_food
"Gelatin Desserts, Dry Mix",Snacks,381.0,7.8,90.5,0.0,0.0,0.0,466.0,7.0,168775,sr_legacy_food
"Candies, York Bites",Snacks,394.0,1.8,81.6,7.3,2.0,0.0,46.0,108.0,168776,sr_legacy_food
"Desserts, Mousse, Chocolate",Snacks,225.0,4.1,16.1,16.0,0.6,0.0,38.0,143.0,168777,sr_legacy_food
"Puddings, Chocolate, Ready-To-Eat",Snacks,142.0,2.1,23.0,4.6,0.0,0.0,152.0,184.0,168778,sr_legacy_food
"Puddings, Coconut Cream, Dry Mix",Snacks,107.0,2.9,19.2,2.3,0.1,0.0,246.0,132.0,168781,sr_legacy_food
"Puddings, Rice, Ready-To-Eat",Snacks,108.0,3.2,18.4,2.2,0.3,0.0,97.0,125.0,168782,sr_legacy_food
"Puddings, Rice, Dry Mix",Snacks,376.0,2.7,91.2,0.1,0.7,0.0,366.0,5.0,168783,sr_legacy_food
"Puddings, Vanilla, Dry Mix",Snacks,377.0,0.0,92.9,0.6,0.0,0.0,1400.0,12.0,168784,sr_legacy_food
"Puddings, Lemon, Dry Mix",Snacks,107.0,2.8,20.2,1.7,0.0,0.0,268.0,130.0,168786,sr_legacy_food
"Egg Custards, Dry Mix, Prepared With 2% Milk",Snacks,112.0,4.1,17.6,2.8,0.0,0.0,87.0,214.0,168787,sr_legacy_food
"Rennin, Chocolate, Dry Mix",Snacks,85.0,3.2,13.5,2.1,0.5,0.0,52.0,182.0,168789,sr_legacy_food
"Rennin, Vanilla, Dry Mix",Snacks,77.0,3.1,12.3,1.8,0.0,0.0,46.0,142.0,168790,sr_legacy_food
"Candies, Praline, Prepared-From-Recipe",Snacks,485.0,3.3,59.6,25.9,3.5,0.0,48.0,217.0,168791,sr_legacy_food
"Desserts, Rennin, Vanilla",Snacks,383.0,0.0,99.0,0.0,0.0,0.0,6.0,3.0,168792,sr_legacy_food
"Desserts, Rennin, Tablets",Snacks,84.0,1.0,19.8,0.1,0.0,0.0,26050.0,292.0,168794,sr_legacy_food
"Frostings, Chocolate, Creamy",Snacks,397.0,1.1,63.2,17.6,0.9,0.0,183.0,196.0,168795,sr_legacy_food
"Flan, Caramel Custard, Dry Mix",Snacks,113.0,3.0,18.7,3.0,0.0,0.0,112.0,160.0,168796,sr_legacy_food
"Puddings, Vanilla, Ready-To-Eat",Snacks,89.0,2.0,20.2,0.0,0.0,0.0,191.0,108.0,168797,sr_legacy_food
"Puddings, Tapioca, Ready-To-Eat",Snacks,94.0,1.4,21.3,0.4,0.0,0.0,187.0,70.0,168798,sr_legacy_food
"Candies, Heath Bites",Snacks,530.0,3.9,63.4,30.4,2.0,0.0,245.0,210.0,168801,sr_legacy_food
"Frostings, Vanilla, Creamy",Snacks,410.0,0.3,93.8,4.9,0.1,0.0,13.0,7.0,168802,sr_legacy_food
"Frostings, White, Fluffy",Snacks,371.0,2.3,94.9,0.0,0.0,0.0,234.0,117.0,168803,sr_legacy_food
"Candies, Mars Snackfood Us, Dove Milk Chocolate",Snacks,546.0,5.9,59.8,31.7,2.4,0.0,63.0,0.0,168804,sr_legacy_food
"Candies, Mars Snackfood Us, Dove Dark Chocolate",Snacks,520.0,5.2,59.4,32.4,7.6,0.0,4.0,0.0,168805,sr_legacy_food
"Candies, Mars Snackfood Us, Milky Way Caramels",Snacks,463.0,4.3,68.5,19.2,0.7,0.0,273.0,0.0,168806,sr_legacy_food
"Candies, Mars Snackfood Us, Milky Way Caramels. Dark Chocolate Covered",Snacks,458.0,3.8,67.6,20.4,2.8,0.0,246.0,0.0,168807,sr_legacy_food
"Snacks, General Mills, Betty Crocker Fruit Roll Ups",Snacks,373.0,0.1,85.2,3.5,0.0,0.0,317.0,0.0,168808,sr_legacy_food
"Ice Creams, Chocolate",Snacks,216.0,3.8,28.2,11.0,1.2,0.0,76.0,249.0,168809,sr_legacy_food
"Ice Creams, Strawberry",Snacks,192.0,3.2,27.6,8.4,0.9,0.0,60.0,188.0,168810,sr_legacy_food
"Snacks, Farley Candy, Farley Fruit Snacks",Snacks,341.0,4.4,80.9,0.0,0.0,0.0,36.0,0.0,168811,sr_legacy_food
"Frozen Novelties, Ice Type, Italian",Snacks,53.0,0.0,13.5,0.0,0.0,0.0,4.0,6.0,168812,sr_legacy_food
"Candies, Mars Snackfood Us, M&M'S Crispy Chocolate Candies",Snacks,475.0,4.3,72.4,19.3,2.0,0.0,136.0,0.0,168814,sr_legacy_food
"Frozen Yogurts, Vanilla, Soft-Serve",Snacks,159.0,4.0,24.2,5.6,0.0,0.0,87.0,211.0,168815,sr_legacy_food
"Fruit Butters, Apple",Snacks,173.0,0.4,42.5,0.3,1.5,0.0,15.0,91.0,168816,sr_legacy_food
"Candies, Fudge, Chocolate Marshmallow",Snacks,474.0,3.2,67.7,21.1,2.1,0.0,79.0,170.0,168817,sr_legacy_food
"Candies, Mars Snackfood Us, Snickers Almond Bar",Snacks,472.0,5.4,64.7,22.4,2.6,0.0,156.0,0.0,168818,sr_legacy_food
"Marmalade, Orange",Snacks,246.0,0.3,66.3,0.0,0.7,0.0,56.0,37.0,168819,sr_legacy_food
Molasses,Snacks,290.0,0.0,74.7,0.1,0.0,0.0,37.0,1464.0,168820,sr_legacy_food
"Pectin, Unsweetened, Dry Mix",Snacks,325.0,0.3,90.4,0.3,8.6,0.0,200.0,7.0,168821,sr_legacy_food
"Pie Fillings, Apple, Canned",Snacks,100.0,0.1,26.1,0.1,1.0,0.0,47.0,45.0,168822,sr_legacy_food
"Candies, Mars Snackfood Us, Starburst Fruit Chews",Snacks,409.0,0.4,82.8,8.3,0.0,0.0,2.0,0.0,168823,sr_legacy_food
"Pie Fillings, Canned, Cherry",Snacks,115.0,0.4,28.0,0.1,0.6,0.0,18.0,105.0,168824,sr_legacy_food
"Pudding, Lemon, Dry Mix",Snacks,109.0,0.6,24.2,1.1,0.0,0.0,63.0,6.0,168832,sr_legacy_food
"Sugars, Brown",Snacks,380.0,0.1,98.1,0.0,0.0,0.0,28.0,133.0,168833,sr_legacy_food
"Syrups, Chocolate, Hershey'S Genuine Chocolate Flavored Lite Syrup",Snacks,153.0,1.4,34.6,1.0,0.0,0.0,100.0,187.0,168834,sr_legacy_food
"Syrups, Chocolate, Fudge-Type",Snacks,350.0,4.6,62.9,8.9,2.8,0.0,346.0,284.0,168835,sr_legacy_food
"Syrups, Corn, Dark",Snacks,286.0,0.0,77.6,0.0,0.0,0.0,155.0,44.0,168836,sr_legacy_food
"Syrups, Corn, Light",Snacks,283.0,0.0,76.8,0.2,0.0,0.0,62.0,1.0,168837,sr_legacy_food
"Syrups, Table Blends, Corn",Snacks,319.0,0.0,83.9,0.0,0.0,0.0,71.0,63.0,168839,sr_legacy_food
"Candies, Mars Snackfood Us, Skittles Wild Berry Bite Size Candies",Snacks,402.0,0.2,90.8,4.2,0.0,0.0,15.0,0.0,168840,sr_legacy_food
"Toppings, Butterscotch Or Caramel",Snacks,216.0,1.2,57.0,0.0,0.0,0.0,341.0,66.0,168841,sr_legacy_food
"Candies, Mars Snackfood Us, Skittles Sours Original",Snacks,401.0,0.2,91.0,4.0,0.0,0.0,14.0,0.0,168842,sr_legacy_food
"Candies, Mars Snackfood Us, Skittles Original Bite Size Candies",Snacks,405.0,0.2,90.8,4.4,0.0,0.0,15.0,12.0,168843,sr_legacy_food
"Candies, Divinity, Prepared-From-Recipe",Snacks,364.0,1.3,89.0,0.1,0.0,0.0,34.0,23.0,168846,sr_legacy_food
"Frozen Novelties, Ice Type, Pineapple-Coconut",Snacks,113.0,0.0,23.9,2.6,0.7,0.0,35.0,17.0,168847,sr_legacy_food
"Frozen Yogurts, Chocolate, Soft-Serve",Snacks,160.0,4.0,24.9,6.0,2.2,0.0,98.0,261.0,168848,sr_legacy_food
"Snacks, Banana Chips",Snacks,519.0,2.3,58.4,33.6,7.7,0.0,6.0,536.0,168849,sr_legacy_food
"Snacks, Beef Sticks, Smoked",Snacks,550.0,21.5,5.4,49.6,0.0,0.0,1531.0,257.0,168850,sr_legacy_food
"Snacks, Pork Skins, Barbecue-Flavor",Snacks,538.0,57.9,1.6,31.8,0.0,0.0,2667.0,180.0,168851,sr_legacy_food
"Frostings, Glaze, Chocolate",Snacks,359.0,1.4,72.2,7.2,1.1,0.0,132.0,130.0,168852,sr_legacy_food
"Snack, Potato Chips, Made From Dried Potatoes",Snacks,545.0,4.6,55.4,35.3,2.9,0.0,529.0,637.0,168853,sr_legacy_food
"Snacks, Potato Sticks",Snacks,522.0,6.7,53.3,34.4,3.4,0.0,633.0,1237.0,168854,sr_legacy_food
"Snacks, Sesame Sticks, Wheat-Based",Snacks,541.0,10.9,46.5,36.7,2.8,0.0,1488.0,177.0,168856,sr_legacy_food
"Snacks, Corn Cakes",Snacks,387.0,8.1,83.4,2.4,1.9,0.0,488.0,157.0,168857,sr_legacy_food
"Snacks, Tortilla Chips, Nacho-Flavor",Snacks,445.0,8.7,71.6,15.2,4.8,0.0,1003.0,272.0,168858,sr_legacy_food
"Tortilla Chips, Low Fat, Baked Without Fat",Snacks,448.0,11.0,80.2,5.7,5.3,0.0,517.0,272.0,168859,sr_legacy_food
"Cheese Puffs And Twists, Corn Based, Baked",Snacks,432.0,8.5,72.4,12.1,3.6,0.0,842.0,286.0,168860,sr_legacy_food
"Snacks, Granola Bar, Fruit-Filled",Snacks,342.0,5.9,77.6,0.9,7.4,0.0,16.0,220.0,168861,sr_legacy_food
"Snacks, Kellogg, Kellogg'S",Snacks,365.0,4.2,67.6,8.7,3.0,0.0,354.0,247.0,168862,sr_legacy_food
"Snacks, Tortilla Chips, Low Fat",Snacks,318.0,8.4,65.2,3.5,6.4,0.0,705.0,396.0,168863,sr_legacy_food
"Snacks, Taro Chips",Snacks,498.0,2.3,68.1,24.9,7.2,0.0,342.0,755.0,168865,sr_legacy_food
"Cornmeal, Degermed, Enriched",Grain,370.0,7.1,79.4,1.8,3.9,0.0,7.0,142.0,168867,sr_legacy_food
"Cornmeal, Yellow, Self-Rising",Grain,334.0,8.3,70.3,3.4,6.7,0.0,1247.0,255.0,168868,sr_legacy_food
"Millet, Cooked",Grain,119.0,3.5,23.7,1.0,1.3,0.0,2.0,62.0,168871,sr_legacy_food
"Oat Bran, Raw",Grain,246.0,17.3,66.2,7.0,15.4,0.0,4.0,566.0,168872,sr_legacy_food
"Oat Bran, Cooked",Grain,40.0,3.2,11.4,0.9,2.6,0.0,1.0,92.0,168873,sr_legacy_food
"Quinoa, Uncooked",Grain,368.0,14.1,64.2,6.1,7.0,0.0,5.0,563.0,168874,sr_legacy_food
"Rice, Brown, Medium-Grain",Grain,112.0,2.3,23.5,0.8,1.8,0.0,1.0,79.0,168875,sr_legacy_food
"Rice, Brown, Parboiled",Grain,370.0,7.6,78.7,2.8,3.5,0.0,6.0,219.0,168876,sr_legacy_food
"Rice, White, Long-Grain",Grain,365.0,7.1,80.0,0.7,1.3,0.0,5.0,115.0,168877,sr_legacy_food
"Rice, White, Medium-Grain",Grain,360.0,6.6,79.3,0.6,1.4,0.0,1.0,86.0,168879,sr_legacy_food
"Rice, White, Short-Grain",Grain,358.0,6.5,79.2,0.5,2.8,0.0,1.0,76.0,168881,sr_legacy_food
"Rice, White, Glutinous",Grain,370.0,6.8,81.7,0.6,2.8,0.0,7.0,77.0,168883,sr_legacy_food
Rye Grain,Grain,338.0,10.3,75.9,1.6,15.1,0.0,2.0,510.0,168884,sr_legacy_food
"Rye Flour, Dark",Grain,325.0,15.9,68.6,2.2,23.8,0.0,2.0,717.0,168885,sr_legacy_food
"Rye Flour, Medium",Grain,349.0,10.9,75.4,1.5,11.8,0.0,2.0,374.0,168886,sr_legacy_food
"Rye Flour, Light",Grain,357.0,9.8,76.7,1.3,8.0,0.0,2.0,224.0,168887,sr_legacy_food
"Triticale Flour, Whole-Grain",Grain,338.0,13.2,73.1,1.8,14.6,0.0,2.0,466.0,168888,sr_legacy_food
"Wheat, Hard Red Spring",Grain,329.0,15.4,68.0,1.9,12.2,0.0,2.0,340.0,168889,sr_legacy_food
"Wheat, Hard Red Winter",Grain,327.0,12.6,71.2,1.5,12.2,0.0,2.0,363.0,168890,sr_legacy_food
"Wheat, Soft Red Winter",Grain,331.0,10.4,74.2,1.6,12.5,0.0,2.0,397.0,168891,sr_legacy_food
"Wheat Germ, Crude",Grain,360.0,23.2,51.8,9.7,13.2,0.0,12.0,892.0,168892,sr_legacy_food
"Wheat Flour, Whole-Grain (Includes Foods For Usda'S Food Distribution Program)",Grain,340.0,13.2,72.0,2.5,10.7,0.0,2.0,363.0,168893,sr_legacy_food
"Wheat Flour, White, All-Purpose",Grain,364.0,10.3,76.3,1.0,2.7,0.0,2.0,107.0,168894,sr_legacy_food
"Wheat Flour, White, Bread",Grain,361.0,12.0,72.5,1.7,2.4,0.0,2.0,100.0,168896,sr_legacy_food
"Wild Rice, Cooked",Grain,101.0,4.0,21.3,0.3,1.8,0.0,3.0,101.0,168897,sr_legacy_food
"Rice Flour, Brown",Grain,363.0,7.2,76.5,2.8,4.6,0.0,8.0,289.0,168898,sr_legacy_food
"Pasta, Gluten-Free, Corn",Grain,357.0,7.5,79.3,2.1,11.0,0.0,3.0,294.0,168899,sr_legacy_food
"Pasta, Homemade, Made With Egg",Grain,130.0,5.3,23.5,1.7,0.0,0.0,83.0,21.0,168901,sr_legacy_food
"Pasta, Homemade, Made Without Egg",Grain,124.0,4.4,25.1,1.0,0.0,0.0,74.0,19.0,168902,sr_legacy_food
"Macaroni, Vegetable, Enriched",Grain,367.0,13.1,74.9,1.0,4.3,0.0,43.0,285.0,168903,sr_legacy_food
"Noodles, Chinese, Chow Mein",Grain,471.0,10.9,63.6,21.2,6.7,0.0,866.0,103.0,168905,sr_legacy_food
"Noodles, Japanese, Soba",Grain,336.0,14.4,74.6,0.7,0.0,0.0,792.0,252.0,168906,sr_legacy_food
"Noodles, Japanese, Somen",Grain,356.0,11.4,74.1,0.8,4.3,0.0,1840.0,164.0,168908,sr_legacy_food
"Pasta, Whole-Wheat, Cooked (Includes Foods For Usda'S Food Distribution Program)",Grain,149.0,6.0,30.1,1.7,3.9,0.0,4.0,96.0,168910,sr_legacy_food
"Spaghetti, Spinach, Dry",Grain,372.0,13.4,74.8,1.6,10.6,0.0,36.0,376.0,168911,sr_legacy_food
"Spaghetti, Spinach, Cooked",Grain,130.0,4.6,26.2,0.6,0.0,0.0,14.0,58.0,168912,sr_legacy_food
"Wheat Flours, Bread, Unenriched",Grain,361.0,12.0,72.5,1.7,2.4,0.0,2.0,100.0,168913,sr_legacy_food
"Rice Noodles, Cooked",Grain,108.0,1.8,24.0,0.2,1.0,0.0,19.0,4.0,168914,sr_legacy_food
"Pasta, Whole Grain, 51% Whole Wheat",Grain,362.0,13.5,73.1,2.7,10.1,0.0,11.0,366.0,168915,sr_legacy_food
"Quinoa, Cooked",Grain,120.0,4.4,21.3,1.9,2.8,0.0,7.0,172.0,168917,sr_legacy_food
"Teff, Cooked",Grain,101.0,3.9,19.9,0.6,2.8,0.0,8.0,107.0,168918,sr_legacy_food
"Noodles, Egg, Cooked",Grain,138.0,4.5,25.2,2.1,1.2,0.0,165.0,38.0,168919,sr_legacy_food
"Corn Grain, White",Grain,365.0,9.4,74.3,4.7,0.0,0.0,35.0,287.0,168920,sr_legacy_food
"Corn Flour, Whole-Grain, Blue (Harina De Maiz Morado)",Grain,364.0,8.8,73.9,5.1,8.4,0.0,5.0,381.0,168921,sr_legacy_food
"Cornmeal, White, Self-Rising",Grain,334.0,8.3,70.3,3.4,6.7,0.0,1247.0,255.0,168923,sr_legacy_food
"Noodles, Egg, Unenriched",Grain,138.0,4.5,25.2,2.1,1.2,0.0,5.0,38.0,168926,sr_legacy_food
"Pasta, Dry, Unenriched",Grain,371.0,13.0,74.7,1.5,3.2,0.0,6.0,223.0,168927,sr_legacy_food
"Pasta, Cooked, Unenriched",Grain,158.0,5.8,30.9,0.9,1.8,0.0,1.0,44.0,168928,sr_legacy_food
"Cornmeal, Degermed, Unenriched",Grain,370.0,7.1,79.4,1.8,3.9,0.0,7.0,142.0,168929,sr_legacy_food
"Semolina, Unenriched",Grain,360.0,12.7,72.8,1.0,3.9,0.0,1.0,186.0,168933,sr_legacy_food
"Spaghetti, Protein-Fortified, Cooked",Grain,164.0,8.9,30.9,0.2,2.0,0.0,5.0,42.0,168934,sr_legacy_food
"Spaghetti, Protein-Fortified, Dry",Grain,374.0,21.8,65.6,2.2,2.4,0.0,8.0,201.0,168937,sr_legacy_food
"Wheat Flour, White (Industrial), 10% Protein",Grain,366.0,9.7,76.2,1.5,2.4,0.0,2.0,149.0,168938,sr_legacy_food
"Wheat Flour, White (Industrial), 11.5% Protein",Grain,363.0,11.5,73.8,1.4,2.4,0.0,2.0,138.0,168939,sr_legacy_food
"Wheat Flour, White (Industrial), 13% Protein",Grain,362.0,13.1,72.2,1.4,2.4,0.0,2.0,128.0,168942,sr_legacy_food
"Sorghum Flour, Whole-Grain",Grain,359.0,8.4,76.6,3.3,6.6,0.0,3.0,324.0,168943,sr_legacy_food
"Wheat Flour, Whole-Grain, Soft Wheat",Grain,332.0,9.6,74.5,2.0,13.1,0.0,3.0,394.0,168944,sr_legacy_food
"Potatoes, Yellow Fleshed, Hash Brown",Vegetable,81.0,2.0,18.0,0.1,2.0,0.0,330.0,398.0,168945,sr_legacy_food
"Potatoes, French Fried, Wedge Cut",Vegetable,162.0,2.6,22.2,7.5,2.4,0.0,380.0,381.0,168946,sr_legacy_food
"Potatoes, French Fried, Steak Cut",Vegetable,134.0,2.4,24.3,3.4,2.4,0.0,30.0,360.0,168947,sr_legacy_food
"Potatoes, French Fried, Cross Cut",Vegetable,187.0,2.7,23.0,10.0,2.3,0.0,393.0,310.0,168948,sr_legacy_food
"Rice And Vermicelli Mix, Beef Flavor, Unprepared",Meals,359.0,10.8,76.0,1.3,1.6,0.0,1337.0,169.0,168949,sr_legacy_food
"Rice And Vermicelli Mix, Beef Flavor, Prepared With 80% Margarine",Meals,129.0,2.8,22.0,3.2,0.6,0.0,364.0,48.0,168950,sr_legacy_food
"Rice And Vermicelli Mix, Rice Pilaf Flavor, Unprepared",Meals,359.0,10.4,76.3,1.4,1.2,0.0,1303.0,188.0,168951,sr_legacy_food
"Rice And Vermicelli Mix, Rice Pilaf Flavor, Prepared With 80% Margarine",Meals,148.0,2.9,25.7,3.7,0.6,0.0,430.0,69.0,168952,sr_legacy_food
"Pasta Mix, Classic Cheeseburger Macaroni, Unprepared",Meals,349.0,11.6,71.5,1.9,2.7,0.0,2152.0,204.0,168953,sr_legacy_food
"Pasta Mix, Classic Beef, Unprepared",Meals,354.0,12.3,72.2,1.8,2.0,0.0,1537.0,342.0,168954,sr_legacy_food
"Pasta Mix, Italian Lasagna, Unprepared",Meals,356.0,10.9,73.8,2.0,2.8,0.0,1850.0,277.0,168955,sr_legacy_food
"Yellow Rice With Seasoning, Dry Packet Mix, Unprepared",Meals,343.0,7.0,74.7,1.8,1.8,0.0,1316.0,801.0,168956,sr_legacy_food
"Pizza Rolls, Frozen, Unprepared",Meals,328.0,8.7,50.7,10.0,1.2,0.0,599.0,301.0,168957,sr_legacy_food
"Pasta Mix, Italian Four Cheese Lasagna, Unprepared",Meals,355.0,12.5,70.3,2.7,2.6,0.0,2093.0,271.0,168958,sr_legacy_food
"Spanish Rice Mix, Dry Mix, Unprepared",Meals,363.0,10.6,76.4,1.6,3.1,0.0,1085.0,445.0,168959,sr_legacy_food
"Lasagna, Cheese, Frozen",Meals,145.0,5.1,21.6,4.2,1.7,0.0,312.0,159.0,168960,sr_legacy_food
"Chicken, Thighs, Frozen",Meals,334.0,18.7,14.2,22.4,0.1,0.0,813.0,279.0,168961,sr_legacy_food
"Turnover, Meat- And Cheese-Filled, Tomato-Based Sauce",Meals,215.0,9.4,31.9,5.5,0.8,0.0,378.0,117.0,168962,sr_legacy_food
"Turnover, Filled With Egg, Meat And Cheese",Meals,228.0,7.9,20.7,12.6,0.8,0.0,378.0,177.0,168963,sr_legacy_food
"Rice Mix, White And Wild, Flavored",Meals,142.0,3.5,26.3,2.6,0.8,0.0,443.0,113.0,168964,sr_legacy_food
"Salisbury Steak With Gravy, Frozen",Meals,149.0,7.0,6.8,10.5,1.0,0.0,509.0,144.0,168965,sr_legacy_food
"Infant Formula, Mead Johnson, Enfamil",Baby Foods,516.0,10.7,57.6,27.0,0.0,0.0,138.0,550.0,168966,sr_legacy_food
"Infant Formula, Abbott Nutrition, Similac",Baby Foods,512.0,15.4,52.2,27.6,0.0,0.0,154.0,768.0,168971,sr_legacy_food
"Infant Formula, Gerber, Good Start 2 Soy",Baby Foods,501.0,12.5,55.6,25.6,0.0,0.0,200.0,581.0,168972,sr_legacy_food
"Babyfood, Rice Cereal, Dry",Baby Foods,386.0,7.5,78.1,4.9,0.5,0.0,7.0,184.0,168975,sr_legacy_food
"Agutuk, Fish/Berry With Seal Oil (Alaskan Ice Cream) (Alaska Native)",Traditional,353.0,3.4,13.4,31.8,0.5,0.0,21.0,70.0,168976,sr_legacy_food
"Agutuk, Meat-Caribou (Alaskan Ice Cream) (Alaska Native)",Traditional,258.0,21.7,0.9,18.6,0.0,0.0,95.0,228.0,168977,sr_legacy_food
Ascidians (Tunughnak) (Alaska Native),Traditional,20.0,3.8,0.0,0.5,0.0,0.0,656.0,102.0,168978,sr_legacy_food
"Whale, Beluga, Flipper",Traditional,271.0,19.0,0.0,21.7,0.0,0.0,0.0,0.0,168979,sr_legacy_food
"Whale, Beluga, Liver",Traditional,117.0,18.4,2.0,3.9,0.0,0.0,0.0,0.0,168980,sr_legacy_food
"Oil, Beluga, Whale (Alaska Native)",Traditional,900.0,0.0,0.0,100.0,0.0,0.0,0.0,0.0,168981,sr_legacy_food
"Blackberries, Wild, Raw (Alaska Native)",Traditional,52.0,0.8,9.8,1.1,3.2,0.0,6.0,75.0,168982,sr_legacy_food
"Caribou, Liver, Raw (Alaska Native)",Traditional,122.0,15.0,6.8,3.9,0.0,0.0,0.0,0.0,168983,sr_legacy_food
"Stew/Soup, Caribou (Alaska Native)",Traditional,41.0,3.8,4.8,0.7,0.1,0.0,72.0,84.0,168984,sr_legacy_food
"Caribou, Tongue, Raw (Alaska Native)",Traditional,260.0,13.7,0.0,22.8,0.0,0.0,0.0,0.0,168985,sr_legacy_food
"Chiton, Leathery, Gumboots (Alaska Native)",Traditional,83.0,17.1,0.0,1.6,0.0,0.0,0.0,0.0,168986,sr_legacy_food
"Fish, Devilfish, Meat (Alaska Native)",Traditional,97.0,11.7,0.0,5.3,0.0,0.0,0.0,0.0,168987,sr_legacy_food
"Fireweed, Young Leaves, Raw (Alaska Native)",Traditional,44.0,3.0,6.3,0.8,6.0,0.0,50.0,251.0,168988,sr_legacy_food
"Fish, Herring Eggs On Giant Kelp, Pacific (Alaska Native)",Traditional,63.0,11.3,2.6,0.8,0.0,0.0,61.0,0.0,168989,sr_legacy_food
"Fish, Herring Eggs, Pacific",Traditional,312.0,60.4,2.8,6.6,0.0,0.0,0.0,0.0,168990,sr_legacy_food
"Stew, Moose (Alaska Native)",Traditional,55.0,6.6,6.0,0.5,0.5,0.0,222.0,100.0,168991,sr_legacy_food
"Agave, Cooked (Southwest)",Traditional,135.0,1.0,32.0,0.3,10.6,0.0,13.0,59.0,168992,sr_legacy_food
"Agave, Dried (Southwest)",Traditional,341.0,1.7,82.0,0.7,15.6,0.0,14.0,767.0,168993,sr_legacy_food
"Cattail, Narrow Leaf Shoots (Northern Plains Indians)",Traditional,25.0,1.2,5.1,0.0,4.5,0.0,109.0,309.0,168994,sr_legacy_food
"Lambsquarters, Raw (Northern Plains Indians)",Traditional,47.0,4.2,7.0,0.3,6.3,0.0,7.0,1270.0,168995,sr_legacy_food
"Prairie Turnips, Boiled (Northern Plains Indians)",Traditional,129.0,1.6,30.0,0.3,7.2,0.0,4.0,108.0,168996,sr_legacy_food
"Raspberries, Wild (Northern Plains Indians)",Traditional,62.0,1.1,13.8,0.3,7.5,0.0,4.0,175.0,168997,sr_legacy_food
"Rose Hips, Wild (Northern Plains Indians)",Traditional,162.0,1.6,38.2,0.3,24.1,0.0,4.0,429.0,168998,sr_legacy_food
"Chokecherries, Raw, Pitted (Northern Plains Indians)",Traditional,162.0,3.0,33.6,1.7,20.0,0.0,5.0,379.0,168999,sr_legacy_food
"Sea Lion, Steller, Liver (Alaska Native)",Traditional,137.0,22.9,0.0,5.0,0.0,0.0,88.0,291.0,169000,sr_legacy_food
"Sea Lion, Steller, Kidney (Alaska Native)",Traditional,93.0,18.1,1.4,1.7,0.0,0.0,231.0,253.0,169001,sr_legacy_food
"Sea Lion, Steller, Heart (Alaska Native)",Traditional,102.0,17.0,1.0,3.3,0.0,0.0,115.0,319.0,169002,sr_legacy_food
"Sea Lion, Steller, Meat (Alaska Native)",Traditional,120.0,25.8,0.0,1.9,0.0,0.0,62.0,406.0,169003,sr_legacy_food
"Piki Bread, Made From Blue Cornmeal (Hopi)",Traditional,390.0,9.1,72.2,7.2,9.2,0.0,60.0,604.0,169004,sr_legacy_food
"Wocas, Tuber, Cooked",Traditional,34.0,0.7,7.1,0.4,2.3,0.0,10.0,187.0,169005,sr_legacy_food
"Stew, Pinto Bean And Hominy, Badufsuki (Hopi)",Traditional,32.0,1.4,5.4,0.5,1.5,0.0,45.0,86.0,169006,sr_legacy_food
"Tamales, Masa And Pork Filling (Hopi)",Traditional,168.0,13.2,18.3,4.7,3.3,0.0,298.0,250.0,169007,sr_legacy_food
"Applebee'S, Double Crunch Shrimp",Meals,323.0,12.3,26.0,18.9,2.6,0.0,838.0,97.0,169008,sr_legacy_food
"Applebee'S, French Fries",Meals,290.0,3.3,39.5,13.2,3.9,0.0,618.0,538.0,169009,sr_legacy_food
"Applebee'S, Kraft, Macaroni & Cheese",Meals,143.0,5.0,21.1,4.3,1.3,0.0,288.0,163.0,169010,sr_legacy_food
"Applebee'S, Mozzarella Sticks",Meals,316.0,14.9,22.9,18.4,2.1,0.0,838.0,106.0,169011,sr_legacy_food
"Applebee'S, Chicken Tenders, From Kids' Menu",Meals,296.0,19.2,18.4,16.2,1.2,0.0,763.0,337.0,169012,sr_legacy_food
"T.G.I. Friday'S, Chicken Fingers, From Kids' Menu",Meals,330.0,18.1,17.7,20.8,0.9,0.0,792.0,300.0,169013,sr_legacy_food
"T.G.I. Friday'S, Classic Sirloin Steak (10 Oz)",Meals,196.0,31.0,0.5,7.8,0.0,0.0,232.0,379.0,169014,sr_legacy_food
"Restaurant, Family Style, Fried Mozzarella Sticks",Meals,325.0,14.8,25.1,18.3,2.0,0.0,861.0,108.0,169015,sr_legacy_food
"Restaurant, Family Style, Sirloin Steak",Meals,195.0,29.8,0.0,8.5,0.0,0.0,339.0,379.0,169016,sr_legacy_food
"Applebee'S, Fish, Hand Battered",Meals,202.0,13.2,16.6,9.1,0.9,0.0,607.0,241.0,169017,sr_legacy_food
"Applebee'S, Chili",Meals,157.0,12.6,4.6,9.8,1.4,0.0,381.0,320.0,169018,sr_legacy_food
"T.G.I. Friday'S, Chicken Fingers",Meals,325.0,18.7,16.8,20.3,0.8,0.0,787.0,308.0,169019,sr_legacy_food
"Applebee'S, Coleslaw",Meals,120.0,0.8,13.2,7.1,2.8,0.0,178.0,156.0,169020,sr_legacy_food
"Cracker Barrel, Onion Rings, Thick-Cut",Meals,327.0,4.8,41.0,16.0,2.2,0.0,463.0,141.0,169021,sr_legacy_food
"Denny'S, Chicken Strips",Meals,295.0,19.2,22.0,14.5,1.1,0.0,798.0,334.0,169022,sr_legacy_food
"Denny'S, Coleslaw",Meals,183.0,1.0,10.9,15.0,1.3,0.0,376.0,141.0,169023,sr_legacy_food
"Denny'S, Fish Fillet, Battered Or Breaded",Meals,234.0,13.8,17.4,12.2,1.0,0.0,516.0,261.0,169024,sr_legacy_food
"Denny'S, Hash Browns",Meals,197.0,2.5,26.6,9.0,2.7,0.0,468.0,416.0,169025,sr_legacy_food
"Restaurant, Family Style, Coleslaw",Meals,159.0,0.9,12.4,11.8,1.9,0.0,221.0,153.0,169026,sr_legacy_food
"Restaurant, Family Style, Onion Rings",Meals,356.0,4.9,40.7,19.3,2.6,0.0,692.0,142.0,169027,sr_legacy_food
"Restaurant, Family Style, Chili With Meat And Beans",Meals,157.0,12.6,4.6,9.8,1.4,0.0,381.0,320.0,169028,sr_legacy_food
"Restaurant, Family Style, Spaghetti And Meatballs",Meals,170.0,7.8,15.5,8.5,1.5,0.0,351.0,206.0,169029,sr_legacy_food
"Carrabba'S Italian Grill, Lasagne",Meals,191.0,10.5,12.4,11.1,1.3,0.0,524.0,266.0,169030,sr_legacy_food
"On The Border, Mexican Rice",Meals,195.0,3.6,34.2,4.9,1.1,0.0,677.0,131.0,169031,sr_legacy_food
"On The Border, Refried Beans",Meals,144.0,7.3,17.5,5.0,8.2,0.0,378.0,423.0,169032,sr_legacy_food
"Restaurant, Italian, Spaghetti With Pomodoro Sauce (No Meat)",Meals,104.0,3.9,17.8,1.9,1.7,0.0,191.0,140.0,169033,sr_legacy_food
"On The Border, Cheese Quesadilla",Meals,394.0,16.9,24.2,25.5,2.2,0.0,677.0,95.0,169034,sr_legacy_food
"Restaurant, Mexican, Cheese Quesadilla",Meals,368.0,15.9,24.1,23.1,1.7,0.0,701.0,102.0,169035,sr_legacy_food
"Carrabba'S Italian Grill, Cheese Ravioli With Marinara Sauce",Meals,156.0,8.0,17.6,6.0,1.4,0.0,371.0,195.0,169036,sr_legacy_food
"Olive Garden, Cheese Ravioli With Marinara Sauce",Meals,159.0,7.4,19.6,5.6,1.1,0.0,269.0,184.0,169037,sr_legacy_food
"Restaurant, Italian, Cheese Ravioli With Marinara Sauce",Meals,154.0,7.1,18.5,5.7,1.2,0.0,306.0,195.0,169038,sr_legacy_food
"Cereals Ready-To-Eat, Frosted Oat Cereal With Marshmallows",Breakfast,400.0,7.1,84.7,3.3,4.3,0.0,533.0,207.0,169039,sr_legacy_food
"Cereals Ready-To-Eat, Weetabix Whole Grain Cereal",Breakfast,371.0,11.4,81.5,2.9,11.4,0.0,371.0,429.0,169040,sr_legacy_food
"Cereals Ready-To-Eat, Post, Great Grains",Breakfast,378.0,7.9,74.3,7.1,9.3,0.0,247.0,378.0,169041,sr_legacy_food
"Babyfood, Juice, Apple-Sweet Potato",Baby Foods,47.0,0.3,11.4,0.1,0.5,0.0,5.0,137.0,169042,sr_legacy_food
"Babyfood, Juice, Orange-Carrot",Baby Foods,43.0,0.5,9.9,0.1,0.4,0.0,10.0,174.0,169043,sr_legacy_food
"Beverages, Orange Juice Drink",Beverage,54.0,0.2,13.4,0.0,0.2,0.0,2.0,42.0,169044,sr_legacy_food
"Gums, Seed Gums (Includes Locust Bean, Guar)",Snacks,332.0,4.6,77.3,0.5,77.3,0.0,125.0,0.0,169045,sr_legacy_food
"Snacks, Potato Chips, White",Snacks,469.0,5.0,71.4,18.2,4.8,0.0,536.0,721.0,169046,sr_legacy_food
"Babyfood, Baked Product, Finger Snacks Cereal Fortified",Baby Foods,421.0,6.4,76.7,9.9,2.3,0.0,0.0,114.0,169047,sr_legacy_food
"Babyfood, Cereal, Brown Rice",Baby Foods,406.0,8.7,86.0,3.0,6.5,0.0,12.0,386.0,169048,sr_legacy_food
"Babyfood, Green Beans And Turkey, Strained",Baby Foods,51.0,4.1,5.4,1.5,1.4,0.0,11.0,188.0,169049,sr_legacy_food
"Cheese, Muenster, Low Fat",Dairy,271.0,24.7,3.5,17.6,0.0,0.0,600.0,134.0,169050,sr_legacy_food
"Cheese, Mozzarella, Nonfat",Dairy,141.0,31.7,3.5,0.0,1.8,0.0,743.0,106.0,169051,sr_legacy_food
"Margarine-Like, Butter-Margarine Blend, 80% Fat",Fats & Oils,718.0,0.9,0.6,80.7,0.0,0.0,28.0,37.0,169052,sr_legacy_food
"Margarine-Like, Vegetable Oil-Butter Spread, Reduced Calorie",Fats & Oils,450.0,1.0,1.0,50.0,0.0,0.0,607.0,37.0,169053,sr_legacy_food
"Babyfood, Dinner, Chicken And Rice",Baby Foods,51.0,1.6,9.2,0.9,1.1,0.0,25.0,60.0,169054,sr_legacy_food
"Salad Dressing, Caesar Dressing, Regular",Fats & Oils,542.0,2.2,3.3,57.8,0.5,0.0,1209.0,29.0,169055,sr_legacy_food
"Salad Dressing, Coleslaw",Fats & Oils,404.0,0.8,22.4,34.5,0.0,0.0,850.0,35.0,169056,sr_legacy_food
"Salad Dressing, Green Goddess, Regular",Fats & Oils,427.0,1.9,7.4,43.3,0.1,0.0,867.0,58.0,169057,sr_legacy_food
"Jams And Preserves, No Sugar (With Sodium Saccharin), Any Flavor",Snacks,132.0,0.3,53.4,0.3,2.5,0.0,0.0,69.0,169058,sr_legacy_food
"Candies, Chocolate Covered, Caramel With Nuts",Snacks,470.0,9.5,60.7,21.0,4.3,0.0,156.0,445.0,169059,sr_legacy_food
"Candies, Nougat, With Almonds",Snacks,398.0,3.3,92.4,1.7,3.3,0.0,33.0,105.0,169060,sr_legacy_food
"Candies, Gum Drops, No Sugar Or Low Calorie (Sorbitol)",Snacks,354.0,0.0,88.1,0.2,0.0,0.0,7.0,0.0,169061,sr_legacy_food
"Pie Fillings, Cherry, Low Calorie",Snacks,53.0,0.8,12.0,0.2,1.2,0.0,12.0,118.0,169062,sr_legacy_food
"Breakfast Bars, Oats, Sugar",Snacks,464.0,9.8,66.7,17.6,3.1,0.0,251.0,326.0,169063,sr_legacy_food
"Pretzels, Soft",Snacks,338.0,8.2,69.4,3.1,1.7,0.0,203.0,88.0,169064,sr_legacy_food
"Beans, Chili, Barbecue",Legume,97.0,5.0,16.9,1.0,4.2,0.0,725.0,450.0,169065,sr_legacy_food
"Luncheon Slices, Meatless",Legume,189.0,17.8,4.4,11.1,1.1,0.0,711.0,200.0,169066,sr_legacy_food
"Meatballs, Meatless",Legume,197.0,21.0,8.0,9.0,4.6,0.0,550.0,180.0,169067,sr_legacy_food
Vegetarian Fillets,Legume,290.0,23.0,9.0,18.0,6.1,0.0,490.0,600.0,169068,sr_legacy_food
"Sandwich Spread, Meatless",Legume,149.0,8.0,9.0,9.0,3.3,0.0,630.0,340.0,169069,sr_legacy_food
"Alcoholic Beverage, Wine, Cooking",Beverage,50.0,0.5,6.3,0.0,0.0,0.0,626.0,88.0,169070,sr_legacy_food
"Alcoholic Beverage, Wine, Light",Beverage,49.0,0.1,1.2,0.0,0.0,0.0,7.0,88.0,169071,sr_legacy_food
"Sweeteners, Tabletop, Saccharin (Sodium Saccharin)",Snacks,360.0,0.9,89.1,0.0,0.0,0.0,428.0,4.0,169072,sr_legacy_food
"Beverage, Instant Breakfast Powder, Chocolate",Dairy,353.0,19.9,66.2,1.4,0.4,0.0,385.0,947.0,169073,sr_legacy_food
"Tomato Sauce, Canned, No Salt Added",Vegetable,24.0,1.2,5.3,0.3,1.5,0.0,11.0,297.0,169074,sr_legacy_food
"Cereals Ready-To-Eat, Alpen",Breakfast,352.0,11.2,75.7,3.3,9.1,0.0,27.0,418.0,169075,sr_legacy_food
"Cereals Ready-To-Eat, Familia",Breakfast,388.0,9.5,73.8,6.3,8.5,0.0,8.0,494.0,169076,sr_legacy_food
"Cereals Ready-To-Eat, Wheat And Bran, Presweetened With Nuts And Fruits",Breakfast,385.0,7.1,76.2,5.6,9.7,0.0,245.0,382.0,169077,sr_legacy_food
"Cheese, Cottage, With Vegetables",Dairy,95.0,10.9,3.0,4.2,0.1,0.0,403.0,86.0,169078,sr_legacy_food
"Cheese, Cream, Low Fat",Dairy,208.0,7.8,6.7,16.7,0.0,0.0,317.0,247.0,169079,sr_legacy_food
"Cheese, Pasteurized Process, American",Dairy,180.0,24.6,3.5,7.0,0.0,0.0,1789.0,180.0,169080,sr_legacy_food
"Cheese Spread, Cream Cheese Base",Dairy,295.0,7.1,3.5,28.6,0.0,0.0,436.0,112.0,169081,sr_legacy_food
"Pork, Oriental Style, Dehydrated",Protein,615.0,11.8,1.4,62.4,0.0,0.0,685.0,139.0,169082,sr_legacy_food
"Soybean, Curd Cheese",Legume,151.0,12.5,6.9,8.1,0.0,0.0,20.0,199.0,169083,sr_legacy_food
"Potatoes, Canned, Drained Solids",Vegetable,60.0,1.4,13.6,0.2,2.4,0.0,5.0,229.0,169084,sr_legacy_food
"Vegetables, Mixed (Corn, Lima Beans",Vegetable,37.0,1.4,7.3,0.2,3.1,0.0,26.0,138.0,169085,sr_legacy_food
"Litchis, Raw",Fruit,66.0,0.8,16.5,0.4,1.3,0.0,1.0,171.0,169086,sr_legacy_food
"Litchis, Dried",Fruit,277.0,3.8,70.7,1.2,4.6,0.0,3.0,1110.0,169087,sr_legacy_food
"Loganberries, Frozen",Fruit,55.0,1.5,13.0,0.3,5.3,0.0,1.0,145.0,169088,sr_legacy_food
"Longans, Raw",Fruit,60.0,1.3,15.1,0.1,1.1,0.0,0.0,266.0,169089,sr_legacy_food
"Mangosteen, Canned, Syrup Pack",Fruit,73.0,0.4,17.9,0.6,1.8,0.0,7.0,48.0,169090,sr_legacy_food
"Mango, Dried, Sweetened",Fruit,319.0,2.4,78.6,1.2,2.4,0.0,162.0,279.0,169091,sr_legacy_food
"Melons, Cantaloupe, Raw",Fruit,34.0,0.8,8.2,0.2,0.9,0.0,16.0,267.0,169092,sr_legacy_food
"Melons, Casaba, Raw",Fruit,28.0,1.1,6.6,0.1,0.9,0.0,9.0,182.0,169093,sr_legacy_food
"Olives, Ripe, Canned (Small-Extra Large)",Fruit,116.0,0.8,6.0,10.9,1.6,0.0,735.0,8.0,169094,sr_legacy_food
"Olives, Ripe, Canned (Jumbo-Super Colossal)",Fruit,81.0,1.0,5.6,6.9,2.5,0.0,735.0,9.0,169095,sr_legacy_food
"Olives, Pickled, Canned Or Bottled",Fruit,145.0,1.0,3.8,15.3,3.3,0.0,1556.0,42.0,169096,sr_legacy_food
"Oranges, Raw, All Commercial Varieties",Fruit,47.0,0.9,11.8,0.1,2.4,0.0,0.0,181.0,169097,sr_legacy_food
"Orange Juice, Raw (Includes Foods For Usda'S Food Distribution Program)",Fruit,45.0,0.7,10.4,0.2,0.2,0.0,1.0,200.0,169098,sr_legacy_food
"Orange Juice, Canned, Unsweetened",Fruit,47.0,0.7,11.0,0.2,0.3,0.0,4.0,184.0,169099,sr_legacy_food
"Orange Juice, Frozen Concentrate, Unsweetened",Fruit,37.0,0.6,8.8,0.1,0.2,0.0,4.0,158.0,169102,sr_legacy_food
"Orange Peel, Raw",Fruit,97.0,1.5,25.0,0.2,10.6,0.0,3.0,212.0,169103,sr_legacy_food
"Orange-Grapefruit Juice, Canned Or Bottled, Unsweetened",Fruit,43.0,0.6,10.3,0.1,0.1,0.0,3.0,158.0,169104,sr_legacy_food
"Tangerines, (Mandarin Oranges), Raw",Fruit,53.0,0.8,13.3,0.3,1.8,0.0,2.0,166.0,169105,sr_legacy_food
"Papaya Nectar, Canned",Fruit,57.0,0.2,14.5,0.2,0.6,0.0,5.0,31.0,169107,sr_legacy_food
"Passion-Fruit, (Granadilla), Purple",Fruit,97.0,2.2,23.4,0.7,10.4,0.0,28.0,348.0,169108,sr_legacy_food
"Passion-Fruit Juice, Purple, Raw",Fruit,51.0,0.4,13.6,0.0,0.2,0.0,6.0,278.0,169109,sr_legacy_food
"Passion-Fruit Juice, Yellow, Raw",Fruit,60.0,0.7,14.4,0.2,0.2,0.0,6.0,278.0,169110,sr_legacy_food
"Peaches, Canned, Light Syrup Pack",Fruit,54.0,0.4,14.6,0.0,1.3,0.0,5.0,97.0,169111,sr_legacy_food
"Peaches, Canned, Heavy Syrup Pack",Fruit,74.0,0.4,19.9,0.1,1.3,0.0,6.0,92.0,169112,sr_legacy_food
"Peaches, Canned, Extra Heavy Syrup Pack",Fruit,96.0,0.5,26.1,0.0,1.0,0.0,8.0,83.0,169113,sr_legacy_food
"Peaches, Spiced, Canned",Fruit,75.0,0.4,20.1,0.1,1.3,0.0,4.0,85.0,169114,sr_legacy_food
"Peaches, Dried, Sulfured",Fruit,103.0,1.1,26.6,0.2,2.4,0.0,2.0,292.0,169115,sr_legacy_food
"Peaches, Frozen, Sliced",Fruit,94.0,0.6,24.0,0.1,1.8,0.0,6.0,130.0,169116,sr_legacy_food
"Peach Nectar, Canned, With Sucralose",Fruit,49.0,0.1,11.6,0.6,0.1,0.0,11.0,30.0,169117,sr_legacy_food
"Pears, Raw",Fruit,57.0,0.4,15.2,0.1,3.1,0.0,1.0,116.0,169118,sr_legacy_food
"Pears, Canned, Water Pack",Fruit,29.0,0.2,7.8,0.0,1.6,0.0,2.0,53.0,169119,sr_legacy_food
"Pears, Canned, Extra Heavy Syrup Pack",Fruit,97.0,0.2,25.2,0.1,1.6,0.0,5.0,64.0,169120,sr_legacy_food
"Pears, Dried, Sulfured",Fruit,262.0,1.9,69.7,0.6,7.5,0.0,6.0,533.0,169121,sr_legacy_food
"Pineapple, Raw, All Varieties",Fruit,50.0,0.5,13.1,0.1,1.4,0.0,1.0,109.0,169124,sr_legacy_food
"Pineapple, Canned, Water Pack",Fruit,32.0,0.4,8.3,0.1,0.8,0.0,1.0,127.0,169125,sr_legacy_food
"Pineapple, Canned, Light Syrup Pack",Fruit,52.0,0.4,13.4,0.1,0.8,0.0,1.0,105.0,169127,sr_legacy_food
"Pineapple Juice, Frozen Concentrate, Unsweetened",Fruit,51.0,0.4,12.7,0.0,0.2,0.0,1.0,132.0,169128,sr_legacy_food
"Pitanga, (Surinam-Cherry), Raw",Fruit,33.0,0.8,7.5,0.4,0.0,0.0,3.0,103.0,169129,sr_legacy_food
"Plantains, Yellow, Raw",Fruit,122.0,1.3,31.9,0.4,1.7,0.0,4.0,487.0,169130,sr_legacy_food
"Plantains, Yellow, Baked",Fruit,155.0,1.5,41.4,0.2,2.2,0.0,2.0,477.0,169131,sr_legacy_food
"Plums, Canned, Purple",Fruit,89.0,0.4,23.2,0.1,0.9,0.0,19.0,91.0,169132,sr_legacy_food
"Pomegranates, Raw",Fruit,83.0,1.7,18.7,1.2,4.0,0.0,3.0,236.0,169134,sr_legacy_food
"Lima Beans, Immature Seeds, Cooked",Vegetable,123.0,6.8,23.6,0.3,5.4,0.0,17.0,570.0,169135,sr_legacy_food
"Lima Beans, Immature Seeds, Canned",Vegetable,71.0,4.1,13.3,0.3,3.6,0.0,252.0,285.0,169136,sr_legacy_food
"Beans, Snap, Canned",Vegetable,16.0,0.8,3.5,0.2,1.5,0.0,373.0,93.0,169144,sr_legacy_food
"Beets, Raw",Vegetable,43.0,1.6,9.6,0.2,2.8,0.0,78.0,325.0,169145,sr_legacy_food
"Beets, Cooked, Boiled",Vegetable,44.0,1.7,10.0,0.2,2.0,0.0,77.0,305.0,169146,sr_legacy_food
"Beets, Canned, Regular Pack",Vegetable,30.0,0.7,7.1,0.1,1.2,0.0,143.0,159.0,169147,sr_legacy_food
"Pork, Pickled Pork Hocks",Protein,171.0,19.1,0.0,10.5,0.0,0.0,1050.0,47.0,169157,sr_legacy_food
"Pork, Leg Cap Steak, Boneless",Protein,123.0,21.6,0.0,3.4,0.0,0.0,73.0,365.0,169186,sr_legacy_food
"Pork, Shoulder Breast, Boneless",Protein,127.0,22.5,0.0,3.4,0.0,0.0,54.0,378.0,169187,sr_legacy_food
"Pork, Shoulder, Petite Tender",Protein,155.0,27.5,0.0,4.2,0.0,0.0,53.0,415.0,169189,sr_legacy_food
"Arrowhead, Raw",Vegetable,99.0,5.3,20.2,0.3,0.0,0.0,22.0,922.0,169203,sr_legacy_food
"Artichokes, (Globe Or French), Raw",Vegetable,47.0,3.3,10.5,0.2,5.4,0.0,94.0,370.0,169205,sr_legacy_food
"Asparagus, Canned, Regular Pack",Vegetable,15.0,1.8,2.5,0.2,1.0,0.0,284.0,172.0,169206,sr_legacy_food
"Asparagus, Canned, Drained Solids",Vegetable,19.0,2.1,2.5,0.6,1.6,0.0,287.0,172.0,169207,sr_legacy_food
"Asparagus, Frozen, Unprepared",Vegetable,24.0,3.2,4.1,0.2,1.9,0.0,8.0,253.0,169208,sr_legacy_food
"Bamboo Shoots, Raw",Vegetable,27.0,2.6,5.2,0.3,2.2,0.0,4.0,533.0,169210,sr_legacy_food
"Bamboo Shoots, Canned, Drained Solids",Vegetable,19.0,1.7,3.2,0.4,1.4,0.0,7.0,80.0,169212,sr_legacy_food
"Corn, Yellow, Whole Kernel",Vegetable,113.0,3.6,25.9,1.4,2.6,0.0,4.0,276.0,169217,sr_legacy_food
"Corn With Red And Green Peppers, Canned, Solids And Liquids",Vegetable,75.0,2.3,18.2,0.6,0.0,0.0,347.0,153.0,169218,sr_legacy_food
"Cornsalad, Raw",Vegetable,21.0,2.0,3.6,0.4,0.0,0.0,4.0,459.0,169219,sr_legacy_food
"Cowpeas (Blackeyes), Immature Seeds, Raw",Vegetable,90.0,3.0,18.8,0.4,5.0,0.0,4.0,431.0,169220,sr_legacy_food
"Yardlong Bean, Raw",Vegetable,47.0,2.8,8.4,0.4,0.0,0.0,4.0,240.0,169222,sr_legacy_food
"Yardlong Bean, Cooked, Boiled",Vegetable,47.0,2.5,9.2,0.1,0.0,0.0,4.0,290.0,169223,sr_legacy_food
"Cowpeas, Leafy Tips, Raw",Vegetable,29.0,4.1,4.8,0.2,0.0,0.0,7.0,455.0,169224,sr_legacy_food
"Cucumber, Peeled, Raw",Vegetable,10.0,0.6,2.2,0.2,0.7,0.0,2.0,136.0,169225,sr_legacy_food
"Dandelion Greens, Raw",Vegetable,45.0,2.7,9.2,0.7,3.5,0.0,76.0,397.0,169226,sr_legacy_food
"Dandelion Greens, Cooked, Boiled",Vegetable,33.0,2.0,6.4,0.6,2.9,0.0,44.0,232.0,169227,sr_legacy_food
"Eggplant, Raw",Vegetable,25.0,1.0,5.9,0.2,3.0,0.0,2.0,229.0,169228,sr_legacy_food
"Eggplant, Cooked, Boiled",Vegetable,35.0,0.8,8.7,0.2,2.5,0.0,1.0,123.0,169229,sr_legacy_food
"Garlic, Raw",Vegetable,149.0,6.4,33.1,0.5,2.1,0.0,17.0,401.0,169230,sr_legacy_food
"Ginger Root, Raw",Vegetable,80.0,1.8,17.8,0.8,2.0,0.0,13.0,415.0,169231,sr_legacy_food
"Gourd, White-Flowered (Calabash), Raw",Vegetable,14.0,0.6,3.4,0.0,0.5,0.0,2.0,150.0,169232,sr_legacy_food
"Gourd, White-Flowered (Calabash), Cooked",Vegetable,15.0,0.6,3.7,0.0,1.2,0.0,2.0,170.0,169233,sr_legacy_food
"Hyacinth-Beans, Immature Seeds, Raw",Vegetable,46.0,2.1,9.2,0.2,3.3,0.0,2.0,252.0,169234,sr_legacy_food
"Jerusalem-Artichokes, Raw",Vegetable,73.0,2.0,17.4,0.0,1.6,0.0,4.0,429.0,169236,sr_legacy_food
"Jew'S Ear, (Pepeao), Raw",Vegetable,25.0,0.5,6.8,0.0,0.0,0.0,9.0,43.0,169237,sr_legacy_food
"Kale, Cooked, Boiled",Vegetable,36.0,2.9,5.3,1.2,4.0,0.0,16.0,144.0,169238,sr_legacy_food
"Kale, Frozen, Unprepared",Vegetable,28.0,2.7,4.9,0.5,2.0,0.0,15.0,333.0,169239,sr_legacy_food
"Kale, Frozen, Cooked",Vegetable,36.0,2.9,5.3,1.2,2.3,0.0,16.0,144.0,169240,sr_legacy_food
"Kanpyo, (Dried Gourd Strips)",Vegetable,258.0,8.6,65.0,0.6,9.8,0.0,15.0,1582.0,169241,sr_legacy_food
"Mushrooms, Shiitake, Raw",Vegetable,34.0,2.2,6.8,0.5,2.5,0.0,9.0,304.0,169242,sr_legacy_food
"Mushrooms, Portabella, Grilled",Vegetable,29.0,3.3,4.4,0.6,2.2,0.0,11.0,437.0,169243,sr_legacy_food
"Lambsquarters, Raw",Vegetable,43.0,4.2,7.3,0.8,4.0,0.0,43.0,452.0,169244,sr_legacy_food
"Leeks, (Bulb And Lower Leaf-Portion), Raw",Vegetable,61.0,1.5,14.2,0.3,1.8,0.0,20.0,180.0,169246,sr_legacy_food
"Lettuce, Cos Or Romaine, Raw",Vegetable,17.0,1.2,3.3,0.3,2.1,0.0,8.0,247.0,169247,sr_legacy_food
"Lettuce, Iceberg (Includes Crisphead Types), Raw",Vegetable,14.0,0.9,3.0,0.1,1.2,0.0,10.0,141.0,169248,sr_legacy_food
"Lettuce, Green Leaf, Raw",Vegetable,15.0,1.4,2.9,0.2,1.3,0.0,28.0,194.0,169249,sr_legacy_food
"Lotus Root, Raw",Vegetable,74.0,2.6,17.2,0.1,4.9,0.0,40.0,556.0,169250,sr_legacy_food
"Mushrooms, White, Raw",Vegetable,22.0,3.1,3.3,0.3,1.0,0.0,5.0,318.0,169251,sr_legacy_food
"Mushrooms, White, Stir-Fried",Vegetable,26.0,3.6,4.0,0.3,1.8,0.0,12.0,396.0,169253,sr_legacy_food
"Mushrooms, Canned, Drained Solids",Vegetable,25.0,1.9,5.1,0.3,2.4,0.0,425.0,129.0,169254,sr_legacy_food
"Mushrooms, Portabella, Raw",Vegetable,22.0,2.1,3.9,0.4,1.3,0.0,9.0,364.0,169255,sr_legacy_food
"Mustard Greens, Raw",Vegetable,27.0,2.9,4.7,0.4,3.2,0.0,20.0,384.0,169256,sr_legacy_food
"Mustard Greens, Cooked, Boiled",Vegetable,26.0,2.6,4.5,0.5,2.0,0.0,9.0,162.0,169257,sr_legacy_food
"Mustard Greens, Frozen, Unprepared",Vegetable,20.0,2.5,3.4,0.3,3.3,0.0,29.0,170.0,169258,sr_legacy_food
"Mustard Greens, Frozen, Cooked",Vegetable,19.0,2.3,3.1,0.2,2.8,0.0,25.0,139.0,169259,sr_legacy_food
"Okra, Raw",Vegetable,33.0,1.9,7.4,0.2,3.2,0.0,7.0,299.0,169260,sr_legacy_food
"Okra, Cooked, Boiled",Vegetable,22.0,1.9,4.5,0.2,2.5,0.0,6.0,135.0,169261,sr_legacy_food
"Okra, Frozen, Unprepared",Vegetable,30.0,1.7,6.6,0.2,2.2,0.0,3.0,211.0,169262,sr_legacy_food
"Okra, Frozen, Cooked",Vegetable,29.0,1.6,6.4,0.2,2.1,0.0,3.0,184.0,169263,sr_legacy_food
"Potatoes, French Fried, Cottage-Cut",Vegetable,153.0,2.4,24.0,5.8,3.0,0.0,32.0,338.0,169265,sr_legacy_food
"Potatoes, Frozen, French Fried",Vegetable,260.0,2.8,30.2,15.0,2.9,0.0,490.0,430.0,169267,sr_legacy_food
"Potato Salad, Home-Prepared",Vegetable,143.0,2.7,11.2,8.2,1.3,0.0,529.0,254.0,169269,sr_legacy_food
"Pumpkin Flowers, Raw",Vegetable,15.0,1.0,3.3,0.1,0.0,0.0,5.0,173.0,169270,sr_legacy_food
"Pumpkin Flowers, Cooked, Boiled",Vegetable,15.0,1.1,3.3,0.1,0.9,0.0,6.0,106.0,169271,sr_legacy_food
"Pumpkin Leaves, Raw",Vegetable,19.0,3.2,2.3,0.4,0.0,0.0,11.0,436.0,169272,sr_legacy_food
"Pumpkin Pie Mix, Canned",Vegetable,104.0,1.1,26.4,0.1,8.3,0.0,208.0,138.0,169273,sr_legacy_food
"Purslane, Raw",Vegetable,20.0,2.0,3.4,0.4,0.0,0.0,45.0,494.0,169274,sr_legacy_food
"Purslane, Cooked, Boiled",Vegetable,18.0,1.5,3.6,0.2,0.0,0.0,44.0,488.0,169275,sr_legacy_food
"Radishes, Raw",Vegetable,16.0,0.7,3.4,0.1,1.6,0.0,39.0,233.0,169276,sr_legacy_food
"Salsify, (Vegetable Oyster), Raw",Vegetable,82.0,3.3,18.6,0.2,3.3,0.0,20.0,380.0,169277,sr_legacy_food
"Salsify, Cooked, Boiled",Vegetable,68.0,2.7,15.4,0.2,3.1,0.0,16.0,283.0,169278,sr_legacy_food
"Sauerkraut, Canned, Solids And Liquids",Vegetable,19.0,0.9,4.3,0.1,2.9,0.0,661.0,170.0,169279,sr_legacy_food
"Seaweed, Agar, Raw",Vegetable,26.0,0.5,6.8,0.0,0.5,0.0,9.0,226.0,169280,sr_legacy_food
"Sesbania Flower, Cooked, Steamed",Vegetable,22.0,1.1,5.2,0.0,0.0,0.0,11.0,107.0,169281,sr_legacy_food
"Soybeans, Green, Raw",Vegetable,147.0,13.0,11.0,6.8,4.2,0.0,15.0,620.0,169282,sr_legacy_food
"Soybeans, Green, Cooked",Vegetable,141.0,12.4,11.0,6.4,4.2,0.0,14.0,539.0,169283,sr_legacy_food
"Spinach, Canned, Regular Pack",Vegetable,19.0,2.1,2.9,0.4,1.6,0.0,319.0,230.0,169285,sr_legacy_food
"Spinach, Frozen, Chopped Or Leaf",Vegetable,29.0,3.6,4.2,0.6,2.9,0.0,74.0,346.0,169287,sr_legacy_food
"Squash, Summer, Scallop",Vegetable,18.0,1.2,3.8,0.2,1.2,0.0,1.0,182.0,169289,sr_legacy_food
"Squash, Winter, Spaghetti",Vegetable,31.0,0.6,6.9,0.6,1.5,0.0,17.0,108.0,169298,sr_legacy_food
"Succotash, (Corn And Limas), Raw",Vegetable,99.0,5.0,19.6,1.0,3.8,0.0,4.0,369.0,169300,sr_legacy_food
"Water Convolvulus, Raw",Vegetable,19.0,2.6,3.1,0.2,2.1,0.0,113.0,312.0,169301,sr_legacy_food
"Water Convolvulus, Cooked, Boiled",Vegetable,20.0,2.1,3.7,0.2,1.9,0.0,122.0,284.0,169302,sr_legacy_food
"Sweet Potato Leaves, Raw",Vegetable,42.0,2.5,8.8,0.5,5.3,0.0,6.0,508.0,169303,sr_legacy_food
"Sweet Potato Leaves, Cooked, Steamed",Vegetable,35.0,2.2,7.4,0.3,1.9,0.0,7.0,312.0,169304,sr_legacy_food
"Sweet Potato, Canned, Mashed",Vegetable,101.0,2.0,23.2,0.2,1.7,0.0,75.0,210.0,169305,sr_legacy_food
"Sweet Potato, Frozen, Unprepared (Includes Foods For Usda'S Food Distribution Program)",Vegetable,96.0,1.7,22.2,0.2,1.7,0.0,6.0,365.0,169306,sr_legacy_food
"Sweet Potato, Frozen, Cooked",Vegetable,100.0,1.7,23.4,0.1,1.8,0.0,8.0,377.0,169307,sr_legacy_food
"Taro, Raw",Vegetable,112.0,1.5,26.5,0.2,4.1,0.0,11.0,591.0,169308,sr_legacy_food
"Taro Shoots, Cooked, Without Salt",Vegetable,14.0,0.7,3.2,0.1,0.0,0.0,2.0,344.0,169309,sr_legacy_food
"Taro, Tahitian, Raw",Vegetable,44.0,2.8,6.9,1.0,0.0,0.0,50.0,606.0,169310,sr_legacy_food
"Asparagus, Canned, No Salt Added",Vegetable,15.0,1.8,2.5,0.2,1.0,0.0,26.0,172.0,169314,sr_legacy_food
"Beans, Pinto, Mature Seeds",Vegetable,20.0,1.9,3.5,0.3,0.0,0.0,287.0,98.0,169319,sr_legacy_food
"Broadbeans, Immature Seeds, Cooked",Vegetable,62.0,4.8,10.1,0.5,0.0,0.0,277.0,193.0,169328,sr_legacy_food
"Broccoli, Leaves, Raw",Vegetable,28.0,3.0,5.1,0.4,2.3,0.0,27.0,325.0,169329,sr_legacy_food
"Broccoli, Flower Clusters, Raw",Vegetable,28.0,3.0,5.1,0.4,2.3,0.0,27.0,325.0,169330,sr_legacy_food
"Broccoli, Stalks, Raw",Vegetable,28.0,3.0,5.2,0.4,0.0,0.0,27.0,325.0,169331,sr_legacy_food
"Brussels Sprouts, Frozen, Cooked",Vegetable,42.0,3.6,8.3,0.4,4.1,0.0,259.0,290.0,169332,sr_legacy_food
"Burdock Root, Cooked, Boiled",Vegetable,88.0,2.1,21.2,0.1,1.8,0.0,240.0,360.0,169333,sr_legacy_food
"Butterbur, Cooked, Boiled",Vegetable,8.0,0.2,2.2,0.0,0.0,0.0,240.0,354.0,169334,sr_legacy_food
"Cabbage, Common (Danish, Domestic",Vegetable,24.0,1.2,5.4,0.2,2.3,0.0,18.0,246.0,169335,sr_legacy_food
"Cabbage, Chinese (Pe-Tsai), Cooked",Vegetable,14.0,1.5,2.4,0.2,1.7,0.0,245.0,225.0,169337,sr_legacy_food
"Cardoon, Cooked, Boiled",Vegetable,20.0,0.8,4.7,0.1,1.7,0.0,412.0,392.0,169338,sr_legacy_food
"Carrots, Cooked, Boiled",Vegetable,35.0,0.8,8.2,0.2,3.0,0.0,302.0,235.0,169339,sr_legacy_food
"Celeriac, Cooked, Boiled",Vegetable,27.0,1.0,5.9,0.2,0.0,0.0,297.0,173.0,169341,sr_legacy_food
"Celery, Cooked, Boiled",Vegetable,18.0,0.8,4.0,0.2,1.6,0.0,327.0,284.0,169342,sr_legacy_food
"Chard, Swiss, Cooked",Vegetable,20.0,1.9,4.1,0.1,2.1,0.0,415.0,549.0,169343,sr_legacy_food
"Chayote, Fruit, Cooked",Vegetable,22.0,0.6,4.5,0.5,2.8,0.0,237.0,173.0,169344,sr_legacy_food
"Yambean (Jicama), Cooked, Boiled",Vegetable,36.0,0.7,8.2,0.1,0.0,0.0,242.0,135.0,169358,sr_legacy_food
"Dock, Cooked, Boiled",Vegetable,20.0,1.8,2.9,0.6,0.0,0.0,239.0,321.0,169371,sr_legacy_food
"Potatoes, Mashed, Dehydrated",Vegetable,113.0,1.9,15.0,5.6,2.3,0.0,332.0,233.0,169372,sr_legacy_food
"Mushroom, White, Exposed To Ultraviolet Light",Vegetable,22.0,3.1,3.3,0.3,1.0,0.0,5.0,318.0,169376,sr_legacy_food
"Mushrooms, Portabella, Exposed To Ultraviolet Light",Vegetable,29.0,3.3,4.4,0.6,2.2,0.0,11.0,437.0,169377,sr_legacy_food
"Pickles, Cucumber, Sweet (Includes Bread And Butter Pickles)",Vegetable,91.0,0.6,21.2,0.4,1.0,0.0,457.0,100.0,169378,sr_legacy_food
"Pickles, Cucumber, Sweet",Vegetable,122.0,0.4,33.7,0.3,1.1,0.0,18.0,32.0,169380,sr_legacy_food
"Catsup, Low Sodium",Vegetable,101.0,1.0,27.4,0.1,0.3,0.0,20.0,281.0,169381,sr_legacy_food
"Mushrooms, Enoki, Raw",Vegetable,37.0,2.7,7.8,0.3,2.7,0.0,3.0,359.0,169382,sr_legacy_food
"Peppers, Sweet, Yellow",Vegetable,27.0,1.0,6.3,0.2,0.9,0.0,2.0,212.0,169383,sr_legacy_food
"Tomatoes, Sun-Dried, Packed In Oil",Vegetable,213.0,5.1,23.3,14.1,5.8,0.0,266.0,1565.0,169384,sr_legacy_food
"Fennel, Bulb, Raw",Vegetable,31.0,1.2,7.3,0.2,3.1,0.0,52.0,414.0,169385,sr_legacy_food
"Pickle Relish, Hamburger",Vegetable,129.0,0.6,34.5,0.5,3.2,0.0,1096.0,76.0,169386,sr_legacy_food
"Arugula, Raw",Vegetable,25.0,2.6,3.6,0.7,1.6,0.0,27.0,369.0,169387,sr_legacy_food
"Nopales, Cooked, Without Salt",Vegetable,15.0,1.4,3.3,0.0,2.0,0.0,20.0,195.0,169388,sr_legacy_food
"Cauliflower, Green, Raw",Vegetable,31.0,3.0,6.1,0.3,3.2,0.0,23.0,300.0,169389,sr_legacy_food
"Cauliflower, Green, Cooked",Vegetable,32.0,3.0,6.3,0.3,3.3,0.0,23.0,278.0,169390,sr_legacy_food
"Broccoli, Chinese, Cooked",Vegetable,22.0,1.1,3.8,0.7,2.5,0.0,7.0,261.0,169392,sr_legacy_food
"Grape Leaves, Canned",Vegetable,69.0,4.3,11.7,2.0,9.9,0.0,2853.0,29.0,169393,sr_legacy_food
"Pepper, Banana, Raw",Vegetable,27.0,1.7,5.4,0.4,3.4,0.0,13.0,256.0,169394,sr_legacy_food
"Peppers, Serrano, Raw",Vegetable,32.0,1.7,6.7,0.4,3.7,0.0,10.0,305.0,169395,sr_legacy_food
"Peppers, Ancho, Dried",Vegetable,281.0,11.9,51.4,8.2,21.6,0.0,43.0,2411.0,169396,sr_legacy_food
"Pickles, Chowchow, With Cauliflower Onion Mustard",Vegetable,121.0,1.5,26.6,0.9,1.5,0.0,527.0,200.0,169397,sr_legacy_food
"Epazote, Raw",Vegetable,32.0,0.3,7.4,0.5,3.8,0.0,43.0,633.0,169398,sr_legacy_food
"Fireweed, Leaves, Raw",Vegetable,103.0,4.7,19.2,2.8,10.6,0.0,34.0,494.0,169399,sr_legacy_food
"Malabar Spinach, Cooked",Vegetable,23.0,3.0,2.7,0.8,2.1,0.0,55.0,256.0,169400,sr_legacy_food
"Yautia (Tannier), Raw",Vegetable,98.0,1.5,23.6,0.4,1.5,0.0,21.0,598.0,169401,sr_legacy_food
"Mushrooms, White, Microwaved",Vegetable,35.0,3.9,6.0,0.5,2.5,0.0,17.0,488.0,169402,sr_legacy_food
"Mushrooms, Maitake, Raw",Vegetable,31.0,1.9,7.0,0.2,2.7,0.0,1.0,204.0,169403,sr_legacy_food
"Broccoli, Chinese, Raw",Vegetable,26.0,1.2,4.7,0.8,2.6,0.0,7.0,274.0,169404,sr_legacy_food
"Fiddlehead Ferns, Raw",Vegetable,34.0,4.6,5.5,0.4,0.0,0.0,1.0,370.0,169405,sr_legacy_food
"Seeds, Watermelon Seed Kernels, Dried",Nuts,557.0,28.3,15.3,47.4,0.0,0.0,99.0,648.0,169407,sr_legacy_food
"Nuts, Coconut Milk, Frozen (Liquid Expressed From Grated Meat And Water)",Nuts,202.0,1.6,5.6,20.8,0.0,0.0,12.0,232.0,169409,sr_legacy_food
"Nuts, Formulated, Wheat-Based",Nuts,647.0,13.1,20.8,62.3,5.2,0.0,91.0,320.0,169411,sr_legacy_food
"Seeds, Sesame Seed Kernels, Dried (Decorticated)",Nuts,631.0,20.4,11.7,61.2,11.6,0.0,47.0,370.0,169412,sr_legacy_food
"Seeds, Flaxseed",Nuts,534.0,18.3,28.9,42.2,27.3,0.0,30.0,813.0,169414,sr_legacy_food
"Seeds, Pumpkin And Squash Seed Kernels, Roasted",Nuts,574.0,29.8,14.7,49.0,6.5,0.0,256.0,788.0,169415,sr_legacy_food
"Seeds, Sesame Seed Kernels, Toasted",Nuts,567.0,17.0,26.0,48.0,16.9,0.0,588.0,406.0,169416,sr_legacy_food
"Seeds, Sunflower Seed Kernels From Shell, Dry Roasted",Nuts,546.0,19.3,15.3,49.8,9.0,0.0,6008.0,850.0,169417,sr_legacy_food
"Seeds, Sunflower Seed Kernels, Dry Roasted",Nuts,582.0,19.3,24.1,49.8,9.0,0.0,655.0,850.0,169418,sr_legacy_food
"Nuts, Cashew Nuts, Dry Roasted",Nuts,574.0,15.3,32.7,46.4,3.0,0.0,640.0,565.0,169421,sr_legacy_food
"Nuts, Cashew Nuts, Oil Roasted",Nuts,581.0,16.8,30.2,47.8,3.3,0.0,308.0,632.0,169422,sr_legacy_food
"Nuts, Pecans, Dry Roasted",Nuts,710.0,9.5,13.6,74.3,9.4,0.0,383.0,424.0,169424,sr_legacy_food
"Nuts, Pecans, Oil Roasted",Nuts,715.0,9.2,13.0,75.2,9.5,0.0,393.0,392.0,169425,sr_legacy_food
"Nuts, Pistachio Nuts, Dry Roasted",Nuts,569.0,21.0,27.6,45.8,10.3,0.0,428.0,1007.0,169426,sr_legacy_food
"Beef, Grass-Fed, Strip Steaks",Protein,117.0,23.1,0.0,2.7,0.0,0.0,55.0,342.0,169429,sr_legacy_food
"Beef, Carcass, Separable Lean And Fat",Protein,291.0,17.3,0.0,24.0,0.0,0.0,59.0,267.0,169430,sr_legacy_food
"Beef, Shank Crosscuts, Separable Lean Only",Protein,128.0,21.8,0.0,3.8,0.0,0.0,63.0,387.0,169441,sr_legacy_food
"Beef, Chuck, Under Blade Pot Roast",Protein,216.0,30.5,0.0,10.5,0.0,0.0,65.0,306.0,169444,sr_legacy_food
"Beef, Chuck, Under Blade Pot Roast Or Steak",Protein,140.0,21.1,0.3,6.1,0.0,0.0,81.0,369.0,169445,sr_legacy_food
"Beef, Ground, Patties",Protein,295.0,23.0,0.0,21.8,0.0,0.0,77.0,305.0,169447,sr_legacy_food
"Beef, Variety Meats And By-Products, Kidneys",Protein,99.0,17.4,0.3,3.1,0.0,0.0,182.0,262.0,169449,sr_legacy_food
"Beef, Variety Meats And By-Products, Pancreas",Protein,235.0,15.7,0.0,18.6,0.0,0.0,67.0,276.0,169452,sr_legacy_food
"Beef, Variety Meats And By-Products, Spleen",Protein,105.0,18.3,0.0,3.0,0.0,0.0,85.0,429.0,169454,sr_legacy_food
"Beef, Shoulder Pot Roast Or Steak, Boneless",Protein,123.0,21.6,0.0,4.1,0.0,0.0,73.0,399.0,169480,sr_legacy_food
"Beef, Brisket, Point Half",Protein,267.0,17.6,0.6,21.0,0.0,0.0,72.0,264.0,169489,sr_legacy_food
"Beef, Tenderloin, Separable Lean And Fat",Protein,274.0,18.2,0.0,21.8,0.0,0.0,49.0,304.0,169547,sr_legacy_food
"Beef, Chuck, Mock Tender Steak",Protein,161.0,25.7,0.0,5.7,0.0,0.0,73.0,293.0,169561,sr_legacy_food
"Beef, Chuck, Short Ribs",Protein,250.0,28.8,0.0,15.0,0.0,0.0,75.0,264.0,169567,sr_legacy_food
"Beef, Loin, Bottom Sirloin Butt",Protein,182.0,26.8,0.0,8.3,0.0,0.0,55.0,340.0,169571,sr_legacy_food
"Alcoholic Beverage, Daiquiri, Canned",Beverage,125.0,0.0,15.7,0.0,0.0,0.0,40.0,11.0,169573,sr_legacy_food
"Alcoholic Beverage, Daiquiri, Prepared-From-Recipe",Beverage,186.0,0.1,6.9,0.1,0.1,0.0,5.0,21.0,169574,sr_legacy_food
"Candies, Milk Chocolate Coated Raisins",Snacks,390.0,4.1,68.4,14.8,3.1,0.0,36.0,514.0,169576,sr_legacy_food
"Candies, Hershey'S Pot Of Gold Almond Bar",Snacks,577.0,12.8,44.9,38.5,3.8,0.0,64.0,0.0,169579,sr_legacy_food
"Candies, Truffles, Prepared-From-Recipe",Snacks,510.0,6.2,44.9,33.8,2.5,0.0,68.0,297.0,169580,sr_legacy_food
"Baking Chocolate, Mars Snackfood Us, M&M'S Semisweet Chocolate Mini Baking Bits",Snacks,517.0,4.4,66.0,26.2,6.7,0.0,2.0,0.0,169581,sr_legacy_food
"Candies, Mars Snackfood Us, M&M'S Peanut Chocolate Candies",Snacks,515.0,9.6,60.5,26.1,3.7,0.0,50.0,347.0,169582,sr_legacy_food
"Candies, Mars Snackfood Us, M&M'S Milk Chocolate Candies",Snacks,492.0,4.3,71.2,21.1,2.8,0.0,61.0,261.0,169583,sr_legacy_food
"Baking Chocolate, Mars Snackfood Us, M&M'S Milk Chocolate Mini Baking Bits",Snacks,502.0,4.8,68.4,23.4,2.7,0.0,68.0,0.0,169584,sr_legacy_food
"Candies, Peanut Bar",Snacks,522.0,15.5,47.4,33.7,4.1,0.0,156.0,407.0,169585,sr_legacy_food
"Candies, Peanut Brittle, Prepared-From-Recipe",Snacks,486.0,7.6,71.2,19.0,2.5,0.0,445.0,168.0,169586,sr_legacy_food
"Candies, Nestle, Raisinets Chocolate Covered Raisins",Snacks,422.0,4.4,71.0,17.0,2.2,0.0,33.0,0.0,169587,sr_legacy_food
"Candies, Sesame Crunch",Snacks,516.0,11.6,50.3,33.3,7.7,0.0,167.0,307.0,169588,sr_legacy_food
"Candies, Mars Snackfood Us, Snickers Bar",Snacks,491.0,7.5,61.5,23.8,2.3,0.0,239.0,323.0,169589,sr_legacy_food
"Candies, Mars Snackfood Us, M&M'S Minis Milk Chocolate Candies",Snacks,502.0,4.8,68.4,23.4,2.7,0.0,68.0,0.0,169591,sr_legacy_food
"Candies, Special Dark Chocolate Bar",Snacks,556.0,5.5,60.5,32.4,6.5,0.0,6.0,502.0,169592,sr_legacy_food
"Desserts, Egg Custard, Baked",Snacks,104.0,5.0,11.0,4.6,0.0,0.0,61.0,148.0,169595,sr_legacy_food
"Gelatin Desserts, Dry Mix, Prepared With Water",Snacks,60.0,1.2,14.2,0.0,0.0,0.0,75.0,1.0,169596,sr_legacy_food
"Gelatin Desserts, Dry Mix, Reduced Calorie",Snacks,198.0,15.7,80.2,0.0,0.1,0.0,862.0,14.0,169597,sr_legacy_food
"Gelatins, Dry Powder, Unsweetened",Snacks,335.0,85.6,0.0,0.1,0.0,0.0,196.0,16.0,169599,sr_legacy_food
"Desserts, Apple Crisp, Prepared-From-Recipe",Snacks,161.0,1.8,30.8,3.4,1.4,0.0,351.0,78.0,169601,sr_legacy_food
"Puddings, Tapioca, Dry Mix",Snacks,369.0,0.1,94.3,0.1,0.2,0.0,477.0,5.0,169606,sr_legacy_food
"Frozen Novelties, Ice Type, Fruit",Snacks,24.0,0.5,6.2,0.1,0.0,0.0,5.0,26.0,169613,sr_legacy_food
"Desserts, Rennin, Chocolate",Snacks,363.0,2.4,91.5,3.3,5.1,0.0,187.0,430.0,169616,sr_legacy_food
"Frostings, Coconut-Nut, Ready-To-Eat",Snacks,433.0,1.5,52.7,24.0,2.5,0.0,160.0,186.0,169618,sr_legacy_food
"Frostings, Cream Cheese-Flavor, Ready-To-Eat",Snacks,415.0,0.1,67.3,17.3,0.0,0.0,191.0,35.0,169619,sr_legacy_food
"Candies, Hershey'S Milk Chocolate With Almond Bites",Snacks,568.0,9.8,51.7,35.7,3.6,0.0,74.0,471.0,169622,sr_legacy_food
"Candies, Reese'S Bites",Snacks,521.0,11.3,55.2,29.8,3.1,0.0,179.0,382.0,169623,sr_legacy_food
"Candies, Reese'S Nutrageous Candy Bar",Snacks,517.0,11.3,52.8,32.1,3.9,0.0,141.0,364.0,169624,sr_legacy_food
"Candies, Hershey'S, Almond Joy Bites",Snacks,563.0,5.6,57.5,34.5,4.3,0.0,39.0,306.0,169627,sr_legacy_food
"Candies, Hershey, Reesesticks Crispy Wafers",Snacks,521.0,9.5,55.4,31.3,3.3,0.0,264.0,295.0,169628,sr_legacy_food
"Candies, Hershey, Kit Kat Big Kat Bar",Snacks,520.0,6.2,63.6,27.8,1.9,0.0,64.0,294.0,169629,sr_legacy_food
"Candies, Reese'S, Fast Break",Snacks,474.0,8.7,61.6,23.4,2.9,0.0,330.0,284.0,169630,sr_legacy_food
"Frozen Novelties, Fruit And Juice Bars",Snacks,87.0,1.2,20.2,0.1,1.0,0.0,4.0,53.0,169632,sr_legacy_food
"Candies, Dark Chocolate Coated Coffee Beans",Snacks,540.0,7.5,60.0,30.0,7.5,0.0,25.0,342.0,169634,sr_legacy_food
"Snacks, Sunkist, Sunkist Fruit Roll",Snacks,342.0,0.6,82.7,1.0,7.7,0.0,111.0,0.0,169635,sr_legacy_food
"Candies, Milk Chocolate Coated Coffee Beans",Snacks,549.0,7.4,55.2,33.2,5.7,0.0,70.0,413.0,169637,sr_legacy_food
"Frozen Novelties, Ice Type, Lime",Snacks,128.0,0.4,32.6,0.0,0.0,0.0,22.0,3.0,169638,sr_legacy_food
"Candies, Mars Snackfood Us, Snickers Munch Bar",Snacks,536.0,15.2,43.6,36.2,4.7,0.0,358.0,0.0,169639,sr_legacy_food
Honey,Snacks,304.0,0.3,82.4,0.0,0.2,0.0,4.0,52.0,169640,sr_legacy_food
Jams And Preserves,Snacks,278.0,0.4,68.9,0.1,1.1,0.0,32.0,77.0,169641,sr_legacy_food
Jellies,Snacks,266.0,0.2,70.0,0.0,1.0,0.0,30.0,54.0,169642,sr_legacy_food
"Candies, Mars Snackfood Us, Pop'Ables Snickers Brand Bite Size Candies",Snacks,480.0,7.2,61.1,24.3,2.3,0.0,224.0,0.0,169643,sr_legacy_food
"Candies, Mars Snackfood Us, Pop'Ables Milky Way Brand Bite Size Candies",Snacks,463.0,3.3,71.8,18.0,1.0,0.0,146.0,0.0,169644,sr_legacy_food
"Candies, Mars Snackfood Us, Pop'Ables 3 Musketeers Brand Bite Size Candies",Snacks,443.0,2.6,75.9,15.2,1.3,0.0,172.0,0.0,169645,sr_legacy_food
"Candies, Mars Snackfood Us, Starburst Sour Fruit Chews",Snacks,400.0,0.4,79.7,7.8,0.0,0.0,89.0,0.0,169647,sr_legacy_food
"Candies, Mars Snackfood Us, Cocoavia Chocolate Bar",Snacks,539.0,5.8,63.0,29.3,8.7,0.0,7.0,0.0,169651,sr_legacy_food
"Candies, Mars Snackfood Us, Cocoavia Blueberry And Almond Chocolate Bar",Snacks,525.0,6.4,60.4,28.7,9.1,0.0,8.0,0.0,169652,sr_legacy_food
"Candies, Mars Snackfood Us, Cocoavia Crispy Chocolate Bar",Snacks,517.0,8.2,62.1,26.2,7.8,0.0,40.0,0.0,169653,sr_legacy_food
"Sugars, Granulated",Snacks,387.0,0.0,100.0,0.0,0.0,0.0,1.0,2.0,169655,sr_legacy_food
"Sugars, Powdered",Snacks,389.0,0.0,99.8,0.0,0.0,0.0,2.0,2.0,169656,sr_legacy_food
"Sweeteners, Tabletop, Aspartame",Snacks,365.0,2.2,89.1,0.0,0.0,0.0,0.0,4.0,169657,sr_legacy_food
"Sugars, Maple",Snacks,354.0,0.1,90.9,0.2,0.0,0.0,11.0,274.0,169658,sr_legacy_food
"Syrups, Corn, High-Fructose",Snacks,281.0,0.0,76.0,0.0,0.0,0.0,2.0,0.0,169659,sr_legacy_food
"Syrups, Malt",Snacks,318.0,6.2,71.3,0.0,0.0,0.0,35.0,320.0,169660,sr_legacy_food
"Syrups, Maple",Snacks,260.0,0.0,67.0,0.1,0.0,0.0,12.0,212.0,169661,sr_legacy_food
"Syrups, Sorghum",Snacks,290.0,0.0,74.9,0.0,0.0,0.0,8.0,1000.0,169662,sr_legacy_food
"Candies, Mars Snackfood Us, Snickers Cruncher",Snacks,488.0,6.9,62.8,24.4,1.9,0.0,189.0,0.0,169663,sr_legacy_food
"Toppings, Marshmallow Cream",Snacks,322.0,0.8,79.0,0.3,0.1,0.0,80.0,5.0,169664,sr_legacy_food
"Toppings, Pineapple",Snacks,253.0,0.1,66.4,0.1,0.4,0.0,42.0,43.0,169665,sr_legacy_food
"Toppings, Nuts In Syrup",Snacks,448.0,4.5,58.1,22.0,2.3,0.0,42.0,151.0,169666,sr_legacy_food
"Candies, Mars Snackfood Us, Skittles Tropical Bite Size Candies",Snacks,405.0,0.2,90.8,4.3,0.0,0.0,15.0,0.0,169667,sr_legacy_food
"Frostings, Glaze, Prepared-From-Recipe",Snacks,341.0,0.4,83.6,0.5,0.0,0.0,6.0,30.0,169668,sr_legacy_food
"Candies, Taffy, Prepared-From-Recipe",Snacks,397.0,0.0,91.6,3.3,0.0,0.0,52.0,3.0,169670,sr_legacy_food
"Candies, Toffee, Prepared-From-Recipe",Snacks,560.0,1.1,64.7,32.8,0.0,0.0,135.0,51.0,169671,sr_legacy_food
"Snacks, Cornnuts, Barbecue-Flavor",Snacks,436.0,9.0,71.7,14.3,8.4,0.0,600.0,286.0,169672,sr_legacy_food
"Snacks, Crisped Rice Bar, Almond",Snacks,458.0,7.0,64.6,20.4,3.6,0.0,234.0,229.0,169673,sr_legacy_food
"Snacks, Potato Chips, Plain",Snacks,532.0,6.4,53.8,34.0,3.1,0.0,527.0,1196.0,169677,sr_legacy_food
"Snacks, Potato Chips, Cheese-Flavor",Snacks,496.0,8.5,57.7,27.2,5.2,0.0,458.0,1528.0,169682,sr_legacy_food
"Snacks, Potato Chips, Reduced Fat",Snacks,471.0,7.1,66.9,20.8,5.9,0.0,571.0,1744.0,169683,sr_legacy_food
"Snacks, Potato Chips, Fat-Free",Snacks,274.0,7.7,65.0,0.7,6.8,0.0,554.0,1160.0,169684,sr_legacy_food
"Popcorn, Sugar Syrup/Caramel, Fat-Free",Snacks,381.0,2.0,90.1,1.4,2.5,0.0,286.0,110.0,169685,sr_legacy_food
"Snacks, Potato Chips, Fat Free",Snacks,379.0,9.6,83.8,0.6,7.5,0.0,643.0,1628.0,169686,sr_legacy_food
"Snacks, Kellogg, Kellogg'S Rice Krispies Treats Squares",Snacks,417.0,3.4,80.5,9.0,0.0,0.0,351.0,39.0,169687,sr_legacy_food
"Snacks, Kellogg, Kellogg'S Low Fat Granola Bar",Snacks,390.0,8.0,78.0,7.4,6.2,0.0,291.0,249.0,169688,sr_legacy_food
"Snacks, M&M Mars, Kudos Whole Grain Bar",Snacks,420.0,4.5,72.3,13.0,2.6,0.0,246.0,279.0,169689,sr_legacy_food
"Candies, Semisweet Chocolate, Made With Butter",Snacks,477.0,4.2,63.4,29.7,5.9,0.0,11.0,365.0,169690,sr_legacy_food
"Gelatin Desserts, Dry Mix, With Added Ascorbic Acid",Snacks,381.0,7.8,90.5,0.0,0.0,0.0,491.0,7.0,169691,sr_legacy_food
"Corn Flour, Masa, Enriched",Grain,363.0,8.5,76.6,3.7,6.4,0.0,5.0,262.0,169694,sr_legacy_food
"Corn Flour, Yellow, Degermed",Grain,375.0,5.6,82.8,1.4,1.9,0.0,1.0,90.0,169695,sr_legacy_food
"Corn Flour, Masa, Unenriched",Grain,363.0,8.5,76.6,3.7,6.4,0.0,5.0,262.0,169696,sr_legacy_food
"Cornmeal, Whole-Grain, Yellow",Grain,362.0,8.1,76.9,3.6,7.3,0.0,35.0,287.0,169697,sr_legacy_food
Cornstarch,Grain,381.0,0.3,91.3,0.0,0.9,0.0,9.0,3.0,169698,sr_legacy_food
"Couscous, Dry",Grain,376.0,12.8,77.4,0.6,5.0,0.0,10.0,166.0,169699,sr_legacy_food
"Couscous, Cooked",Grain,112.0,3.8,23.2,0.2,1.4,0.0,5.0,58.0,169700,sr_legacy_food
"Hominy, Canned, White",Grain,72.0,1.5,14.3,0.9,2.5,0.0,267.0,9.0,169701,sr_legacy_food
"Millet, Raw",Grain,378.0,11.0,72.8,4.2,8.5,0.0,5.0,195.0,169702,sr_legacy_food
"Rice, Brown, Long-Grain",Grain,367.0,7.5,76.2,3.2,3.6,0.0,5.0,250.0,169703,sr_legacy_food
Oats (Includes Foods For Usda'S Food Distribution Program),Grain,389.0,16.9,66.3,6.9,10.6,0.0,2.0,429.0,169705,sr_legacy_food
"Rice, White, Steamed",Grain,151.0,3.2,33.9,0.3,0.9,0.0,5.0,20.0,169712,sr_legacy_food
"Rice Bran, Crude",Grain,316.0,13.4,49.7,20.8,21.0,0.0,5.0,1485.0,169713,sr_legacy_food
"Rice Flour, White, Unenriched",Grain,366.0,6.0,80.1,1.4,2.4,0.0,0.0,76.0,169714,sr_legacy_food
"Semolina, Enriched",Grain,360.0,12.7,72.8,1.0,3.9,0.0,1.0,186.0,169715,sr_legacy_food
Sorghum Grain,Grain,329.0,10.6,72.1,3.5,6.7,0.0,2.0,363.0,169716,sr_legacy_food
"Tapioca, Pearl, Dry",Grain,358.0,0.2,88.7,0.0,0.9,0.0,1.0,11.0,169717,sr_legacy_food
Triticale,Grain,336.0,13.0,72.1,2.1,0.0,0.0,5.0,332.0,169718,sr_legacy_food
"Wheat, Hard White",Grain,342.0,11.3,75.9,1.7,12.2,0.0,2.0,432.0,169719,sr_legacy_food
"Wheat, Soft White",Grain,340.0,10.7,75.4,2.0,12.7,0.0,2.0,435.0,169720,sr_legacy_food
"Wheat, Durum",Grain,339.0,13.7,71.1,2.5,0.0,0.0,2.0,431.0,169721,sr_legacy_food
"Wheat Bran, Crude",Grain,216.0,15.6,64.5,4.2,42.8,0.0,2.0,1182.0,169722,sr_legacy_food
"Wheat Flour, White, Cake",Grain,362.0,8.2,78.0,0.9,1.7,0.0,2.0,105.0,169723,sr_legacy_food
"Wheat Flour, White, Tortilla Mix",Grain,405.0,9.7,67.1,10.6,0.0,0.0,677.0,100.0,169724,sr_legacy_food
"Wheat, Sprouted",Grain,198.0,7.5,42.5,1.3,1.1,0.0,16.0,169.0,169725,sr_legacy_food
"Wild Rice, Raw",Grain,357.0,14.7,74.9,1.1,6.2,0.0,7.0,427.0,169726,sr_legacy_food
"Pasta, Fresh-Refrigerated, Plain",Grain,288.0,11.3,54.7,2.3,0.0,0.0,26.0,179.0,169727,sr_legacy_food
"Pasta, Fresh-Refrigerated, Spinach",Grain,289.0,11.3,55.7,2.1,0.0,0.0,27.0,272.0,169729,sr_legacy_food
"Noodles, Egg, Dry",Grain,384.0,14.2,71.3,4.4,3.3,0.0,21.0,244.0,169731,sr_legacy_food
"Noodles, Egg, Enriched",Grain,138.0,4.5,25.2,2.1,1.2,0.0,5.0,38.0,169732,sr_legacy_food
"Noodles, Egg, Spinach",Grain,382.0,14.6,70.3,4.6,6.8,0.0,72.0,355.0,169733,sr_legacy_food
"Noodles, Flat, Crunchy",Grain,521.0,10.3,51.9,31.7,1.9,0.0,378.0,89.0,169735,sr_legacy_food
"Pasta, Dry, Enriched",Grain,371.0,13.0,74.7,1.5,3.2,0.0,6.0,223.0,169736,sr_legacy_food
"Pasta, Cooked, Enriched",Grain,158.0,5.8,30.9,0.9,1.8,0.0,1.0,44.0,169737,sr_legacy_food
"Pasta, Whole-Wheat, Dry (Includes Foods For Usda'S Food Distribution Program)",Grain,352.0,13.9,73.4,2.9,9.2,0.0,6.0,434.0,169738,sr_legacy_food
Barley Flour Or Meal,Grain,345.0,10.5,74.5,1.6,10.1,0.0,4.0,309.0,169739,sr_legacy_food
Barley Malt Flour,Grain,361.0,10.3,78.3,1.8,7.1,0.0,11.0,224.0,169740,sr_legacy_food
"Oat Flour, Partially Debranned",Grain,404.0,14.7,65.7,9.1,6.5,0.0,19.0,371.0,169741,sr_legacy_food
"Rice Noodles, Dry",Grain,364.0,6.0,80.2,0.6,1.6,0.0,182.0,30.0,169742,sr_legacy_food
"Wheat, Khorasan, Uncooked",Grain,337.0,14.5,70.6,2.1,11.1,0.0,5.0,403.0,169743,sr_legacy_food
"Wheat, Khorasan, Cooked",Grain,132.0,5.7,27.6,0.8,4.3,0.0,8.0,164.0,169744,sr_legacy_food
"Spelt, Uncooked",Grain,338.0,14.6,70.2,2.4,10.7,0.0,8.0,388.0,169745,sr_legacy_food
"Spelt, Cooked",Grain,127.0,5.5,26.4,0.8,3.9,0.0,5.0,143.0,169746,sr_legacy_food
"Teff, Uncooked",Grain,367.0,13.3,73.1,2.4,8.0,0.0,12.0,427.0,169747,sr_legacy_food
"Corn Flour, Whole-Grain, White",Grain,361.0,6.9,76.8,3.9,7.3,0.0,5.0,315.0,169748,sr_legacy_food
"Corn Flour, Yellow, Masa",Grain,363.0,8.5,76.6,3.7,6.4,0.0,5.0,262.0,169749,sr_legacy_food
"Cornmeal, Whole-Grain, White",Grain,362.0,8.1,76.9,3.6,7.3,0.0,35.0,287.0,169750,sr_legacy_food
"Hominy, Canned, Yellow",Grain,72.0,1.5,14.3,0.9,2.5,0.0,345.0,9.0,169752,sr_legacy_food
"Potatoes, Yellow Fleshed, Roasted",Vegetable,119.0,2.0,23.4,1.8,2.6,0.0,338.0,444.0,169763,sr_legacy_food
"Potatoes, Yellow Fleshed, French Fried",Vegetable,162.0,2.5,25.0,5.8,2.2,0.0,300.0,447.0,169764,sr_legacy_food
"Ginger Root, Pickled, Canned",Vegetable,20.0,0.3,4.8,0.1,2.6,0.0,906.0,36.0,169765,sr_legacy_food
"Peppers, Hot Pickled, Canned",Vegetable,22.0,0.8,4.6,0.4,2.6,0.0,1430.0,113.0,169766,sr_legacy_food
"Vegetable Juice, Bolthouse Farms, Daily Greens",Vegetable,31.0,0.5,8.1,0.0,1.9,0.0,15.0,224.0,169767,sr_legacy_food
"Potatoes, Mashed, Ready-To-Eat",Vegetable,106.0,2.0,13.3,5.0,1.9,0.0,298.0,274.0,169768,sr_legacy_food
"Macaroni And Cheese, Box Mix With Cheese Sauce, Unprepared",Meals,334.0,12.7,46.7,10.7,1.8,0.0,766.0,197.0,169769,sr_legacy_food
"Macaroni And Cheese, Box Mix With Cheese Sauce, Prepared",Meals,164.0,6.7,23.1,5.0,1.2,0.0,460.0,80.0,169770,sr_legacy_food
"Taquitos, Frozen, Chicken And Cheese",Meals,284.0,9.2,33.6,12.5,2.9,0.0,453.0,155.0,169771,sr_legacy_food
"Taquitos, Frozen, Beef And Cheese",Meals,287.0,9.4,33.5,12.8,2.8,0.0,456.0,174.0,169772,sr_legacy_food
"Potsticker Or Wonton, Pork And Vegetable, Frozen",Meals,136.0,8.3,13.3,5.5,1.4,0.0,441.0,284.0,169773,sr_legacy_food
"Macaroni Or Noodles With Cheese, Made From Reduced Fat Packaged Mix, Unprepared",Meals,297.0,13.1,52.1,4.0,2.0,0.0,867.0,203.0,169774,sr_legacy_food
"Turnover, Cheese-Filled, Tomato-Based Sauce",Meals,235.0,10.2,27.3,9.4,1.6,0.0,598.0,179.0,169775,sr_legacy_food
"Macaroni Or Noodles With Cheese, Microwaveable, Unprepared",Meals,388.0,11.5,70.8,6.6,1.6,0.0,902.0,348.0,169776,sr_legacy_food
"Spanish Rice Mix, Dry Mix, Prepared (With Canola/Vegetable Oil Blend Or Diced Tomatoes And Margarine)",Meals,125.0,3.3,22.7,2.4,1.5,0.0,349.0,185.0,169777,sr_legacy_food
"Rice Mix, Cheese Flavor, Dry Mix",Meals,362.0,8.8,73.9,3.5,1.8,0.0,1193.0,351.0,169778,sr_legacy_food
"Dumpling, Potato- Or Cheese-Filled, Frozen",Meals,195.0,5.3,29.6,6.1,0.9,0.0,474.0,107.0,169779,sr_legacy_food
"Turnover, Chicken- Or Turkey-, And Vegetable-Filled",Meals,168.0,7.9,21.7,5.5,3.1,0.0,276.0,167.0,169780,sr_legacy_food
"Sausage, Egg And Cheese Breakfast Biscuit",Meals,324.0,9.5,21.6,22.1,2.0,0.0,591.0,269.0,169781,sr_legacy_food
"Hungry Man, Salisbury Steak With Gravy, Frozen",Meals,136.0,8.0,7.0,8.5,1.3,0.0,379.0,195.0,169782,sr_legacy_food
"Banquet, Salisbury Steak With Gravy, Family Size",Meals,155.0,6.9,7.0,11.1,1.0,0.0,517.0,142.0,169783,sr_legacy_food
"Jimmy Dean, Sausage, Egg",Meals,328.0,9.3,21.1,22.9,2.0,0.0,589.0,292.0,169784,sr_legacy_food
"Infant Formula, Gerber, Good Start",Baby Foods,512.0,11.3,57.0,26.1,0.0,0.0,138.0,553.0,169785,sr_legacy_food
"Infant Formula, Gerber Good Start 2, Gentle Plus",Baby Foods,492.0,10.8,57.1,25.1,0.0,0.0,133.0,531.0,169786,sr_legacy_food
"Infant Formula, Gerber, Good Start 2",Baby Foods,501.0,11.1,56.3,25.7,0.0,0.0,138.0,553.0,169787,sr_legacy_food
"Babyfood, Gerber, Banana With Orange Medley",Baby Foods,69.0,1.1,20.4,0.0,2.1,0.0,10.0,265.0,169792,sr_legacy_food
"Bear, Black, Meat (Alaska Native)",Traditional,155.0,20.1,0.0,8.3,0.0,0.0,0.0,0.0,169793,sr_legacy_food
"Bear, Polar, Meat",Traditional,130.0,25.6,0.0,3.1,0.0,0.0,0.0,40.0,169794,sr_legacy_food
"Whale, Beluga, Meat",Traditional,327.0,69.9,0.0,5.3,0.0,0.0,220.0,800.0,169795,sr_legacy_food
"Whale, Beluga, Eyes (Alaska Native)",Traditional,291.0,19.6,0.0,23.3,0.0,0.0,0.0,0.0,169796,sr_legacy_food
"Fish, Blackfish, Whole (Alaska Native)",Traditional,82.0,15.5,0.0,1.8,0.0,0.0,0.0,0.0,169798,sr_legacy_food
"Blueberries, Wild, Frozen (Alaska Native)",Traditional,44.0,0.7,10.4,0.0,0.0,0.0,0.0,0.0,169799,sr_legacy_food
"Caribou, Bone Marrow, Raw (Alaska Native)",Traditional,786.0,6.7,0.0,84.4,0.0,0.0,0.0,0.0,169800,sr_legacy_food
"Caribou, Eye, Raw (Alaska Native)",Traditional,326.0,10.8,0.0,31.4,0.0,0.0,0.0,0.0,169801,sr_legacy_food
"Cloudberries, Raw (Alaska Native)",Traditional,51.0,2.4,8.6,0.8,0.0,0.0,0.0,0.0,169802,sr_legacy_food
"Cockles, Raw (Alaska Native)",Traditional,79.0,13.5,4.7,0.7,0.0,0.0,0.0,0.0,169803,sr_legacy_food
"Cranberries, Wild, Bush",Traditional,55.0,1.1,12.3,0.2,6.7,0.0,26.0,140.0,169804,sr_legacy_food
"Cranberry, Low Bush Or Lingenberry, Raw (Alaska Native)",Traditional,55.0,0.4,12.2,0.5,0.0,0.0,0.0,0.0,169805,sr_legacy_food
"Fish, Herring, Pacific",Traditional,489.0,44.5,0.0,34.6,0.0,0.0,0.0,0.0,169807,sr_legacy_food
"Huckleberries, Raw (Alaska Native)",Traditional,37.0,0.4,8.7,0.1,0.0,0.0,10.0,0.0,169808,sr_legacy_food
"Fish, Lingcod, Meat",Traditional,79.0,17.9,0.0,0.8,0.0,0.0,59.0,433.0,169809,sr_legacy_food
"Fish, Lingcod, Liver (Alaska Native)",Traditional,424.0,5.6,6.0,42.0,0.0,0.0,0.0,0.0,169810,sr_legacy_food
"Tennis Bread, Plain (Apache)",Traditional,258.0,9.0,53.3,1.0,2.6,0.0,810.0,100.0,169811,sr_legacy_food
"Fish, Halibut, Cooked",Traditional,113.0,22.1,0.0,2.7,0.0,0.0,86.0,501.0,169812,sr_legacy_food
"Salmon, Red (Sockeye), Filets With Skin",Traditional,345.0,60.6,0.0,11.4,0.0,0.0,51.0,960.0,169813,sr_legacy_food
"Agave, Raw (Southwest)",Traditional,68.0,0.5,16.2,0.2,6.6,0.0,14.0,127.0,169814,sr_legacy_food
"Lambsquarters, Steamed (Northern Plains Indians)",Traditional,48.0,4.1,7.5,0.2,5.2,0.0,4.0,1070.0,169815,sr_legacy_food
"Prickly Pears, Raw (Northern Plains Indians)",Traditional,42.0,0.1,10.2,0.1,5.3,0.0,4.0,130.0,169816,sr_legacy_food
"Prickly Pears, Broiled (Northern Plains Indians)",Traditional,91.0,0.4,21.6,0.3,0.0,0.0,0.0,0.0,169817,sr_legacy_food
"Prairie Turnips, Raw (Northern Plains Indians)",Traditional,156.0,2.6,35.7,0.4,8.0,0.0,5.0,156.0,169818,sr_legacy_food
"Stinging Nettles, Blanched (Northern Plains Indians)",Traditional,42.0,2.7,7.5,0.1,6.9,0.0,4.0,334.0,169819,sr_legacy_food
"Plums, Wild (Northern Plains Indians)",Traditional,91.0,0.4,22.0,0.2,6.0,0.0,4.0,364.0,169820,sr_legacy_food
"Pinon Nuts, Roasted (Navajo)",Traditional,541.0,7.4,51.1,34.1,43.4,0.0,310.0,458.0,169821,sr_legacy_food
"Caribou, Hind Quarter, Meat",Traditional,159.0,28.8,0.0,4.8,0.0,0.0,45.0,245.0,169822,sr_legacy_food
"Agutuk, Fish With Shortening (Alaskan Ice Cream) (Alaska Native)",Traditional,470.0,9.0,10.5,43.5,0.0,0.0,24.0,206.0,169823,sr_legacy_food
"Sea Lion, Steller, Meat With Fat (Alaska Native)",Traditional,242.0,22.1,5.6,14.6,0.0,0.0,80.0,346.0,169824,sr_legacy_food
"Sea Lion, Steller, Fat (Alaska Native)",Traditional,850.0,0.9,0.0,94.0,0.0,0.0,0.0,0.0,169825,sr_legacy_food
"Wocas, Dried Seeds, Oregon",Traditional,361.0,7.9,80.0,1.1,19.2,0.0,25.0,553.0,169826,sr_legacy_food
"Hazelnuts, Beaked (Northern Plains Indians)",Traditional,628.0,14.9,23.0,53.0,9.8,0.0,2.0,738.0,169827,sr_legacy_food
"Tea, Herbal, Brewed",Traditional,2.0,0.1,0.0,0.2,0.0,0.0,27.0,44.0,169828,sr_legacy_food
"Tortilla, Blue Corn, Sakwavikaviki (Hopi)",Traditional,276.0,7.8,58.1,1.4,3.4,0.0,663.0,132.0,169829,sr_legacy_food
"Bread, Blue Corn, Somiviki (Hopi)",Traditional,186.0,3.1,39.8,1.5,3.6,0.0,9.0,114.0,169830,sr_legacy_food
"Applebee'S, 9 Oz House Sirloin Steak",Meals,189.0,26.8,0.0,9.1,0.0,0.0,604.0,350.0,169831,sr_legacy_food
"T.G.I. Friday'S, Friday'S Shrimp, Breaded",Meals,302.0,11.9,20.9,19.0,0.0,0.0,1210.0,122.0,169832,sr_legacy_food
"T.G.I. Friday'S, French Fries",Meals,296.0,3.7,36.9,14.8,4.1,0.0,409.0,604.0,169833,sr_legacy_food
"T.G.I. Friday'S, Fried Mozzarella",Meals,333.0,15.8,25.3,18.8,2.2,0.0,738.0,97.0,169834,sr_legacy_food
"T.G.I. Friday'S, Macaroni & Cheese, From Kid'S Menu",Meals,121.0,5.0,17.4,3.4,1.0,0.0,482.0,88.0,169835,sr_legacy_food
"Restaurant, Family Style, French Fries",Meals,289.0,3.5,37.2,14.0,3.9,0.0,357.0,545.0,169836,sr_legacy_food
"Restaurant, Family Style, Chicken Fingers",Meals,307.0,18.7,18.8,17.4,1.1,0.0,809.0,322.0,169837,sr_legacy_food
"Restaurant, Family Style, Shrimp",Meals,308.0,12.7,22.3,18.7,1.5,0.0,1125.0,108.0,169838,sr_legacy_food
"Restaurant, Family Style, Macaroni & Cheese",Meals,151.0,5.4,18.8,6.1,1.1,0.0,361.0,135.0,169839,sr_legacy_food
"Applebee'S, Crunchy Onion Rings",Meals,356.0,4.6,40.2,19.6,3.1,0.0,833.0,135.0,169840,sr_legacy_food
"Applebee'S, Chicken Tenders Platter",Meals,297.0,19.6,18.0,16.2,1.0,0.0,740.0,336.0,169841,sr_legacy_food
"Cracker Barrel, Coleslaw",Meals,175.0,0.9,13.0,13.2,1.6,0.0,110.0,162.0,169843,sr_legacy_food
"Denny'S, Onion Rings",Meals,385.0,5.3,41.0,22.2,2.4,0.0,780.0,150.0,169844,sr_legacy_food
"Denny'S, Spaghetti And Meatballs",Meals,170.0,7.8,15.5,8.5,1.5,0.0,351.0,206.0,169845,sr_legacy_food
"Restaurant, Family Style, Fish Fillet",Meals,219.0,13.5,16.9,10.8,0.9,0.0,561.0,251.0,169846,sr_legacy_food
"Restaurant, Family Style, Chicken Tenders",Meals,302.0,18.9,19.3,16.6,0.9,0.0,800.0,324.0,169847,sr_legacy_food
"Restaurant, Family Style, Hash Browns",Meals,197.0,2.5,26.6,9.0,2.7,0.0,468.0,416.0,169848,sr_legacy_food
"Cracker Barrel, Macaroni N' Cheese",Meals,194.0,6.5,15.6,11.8,1.1,0.0,375.0,127.0,169849,sr_legacy_food
"Restaurant, Italian, Lasagna With Meat",Meals,185.0,10.8,11.4,10.7,1.5,0.0,466.0,255.0,169850,sr_legacy_food
"Olive Garden, Lasagna Classico",Meals,184.0,11.3,10.3,10.8,1.6,0.0,450.0,258.0,169851,sr_legacy_food
"Olive Garden, Spaghetti With Pomodoro Sauce",Meals,102.0,4.3,17.1,1.8,1.7,0.0,183.0,124.0,169852,sr_legacy_food
"Carrabba'S Italian Grill, Spaghetti With Pomodoro Sauce",Meals,104.0,3.4,18.6,1.8,1.7,0.0,218.0,143.0,169853,sr_legacy_food
"On The Border, Cheese Enchilada",Meals,271.0,11.7,16.2,17.7,1.8,0.0,561.0,176.0,169854,sr_legacy_food
"Restaurant, Mexican, Cheese Enchilada",Meals,273.0,11.2,15.4,18.5,1.9,0.0,528.0,140.0,169855,sr_legacy_food
"Restaurant, Mexican, Cheese Tamales",Meals,216.0,9.0,18.0,12.0,2.2,0.0,503.0,176.0,169856,sr_legacy_food
"Carrabba'S Italian Grill, Chicken Parmesan Without Cavatappi Pasta",Meals,206.0,19.0,7.8,11.0,0.9,0.0,467.0,319.0,169857,sr_legacy_food
"Olive Garden, Chicken Parmigiana Without Pasta",Meals,211.0,15.3,12.3,11.2,0.9,0.0,625.0,277.0,169858,sr_legacy_food
"Margarine-Like, Vegetable Oil Spread, Stick Or Tub",Fats & Oils,534.0,0.0,16.7,52.0,0.0,0.0,542.0,30.0,169860,sr_legacy_food
"Snacks, Popcorn, Home-Prepared",Snacks,500.0,9.0,58.1,28.1,10.0,0.0,3.0,225.0,169861,sr_legacy_food
"Cereals Ready-To-Eat, Post, Great Grains Crunchy Pecan Cereal",Breakfast,403.0,9.0,73.0,10.5,9.7,0.0,287.0,337.0,169862,sr_legacy_food
"Snacks, Granola Bar, With Coconut",Snacks,531.0,5.2,55.2,32.2,6.2,0.0,152.0,254.0,169863,sr_legacy_food
"Babyfood, Vegetable And Brown Rice, Strained",Baby Foods,69.0,1.9,12.1,1.5,1.1,0.0,14.0,135.0,169864,sr_legacy_food
"Babyfood, Peas And Brown Rice",Baby Foods,64.0,3.4,11.5,0.5,2.5,0.0,6.0,93.0,169865,sr_legacy_food
"Frankfurter, Meat And Poultry, Low Fat",Protein,121.0,15.5,8.4,2.8,0.1,0.0,983.0,261.0,169866,sr_legacy_food
"Oil, Corn And Canola",Fats & Oils,884.0,0.0,0.0,100.0,0.0,0.0,0.0,0.0,169867,sr_legacy_food
"Milk, Fluid, Nonfat",Dairy,35.0,3.4,4.8,0.2,0.0,0.0,52.0,166.0,169868,sr_legacy_food
"Peanut Butter, Reduced Sodium",Legume,590.0,24.0,21.8,49.9,6.6,0.0,203.0,747.0,169869,sr_legacy_food
"Cereals Ready-To-Eat, Post Great Grains Banana Nut Crunch",Breakfast,390.0,9.8,70.9,8.8,11.2,0.0,238.0,349.0,169870,sr_legacy_food
"Babyfood, Carrots, Toddler",Baby Foods,21.0,0.6,5.2,0.3,2.3,0.0,48.0,129.0,169871,sr_legacy_food
"Babyfood, Dessert, Banana Pudding",Baby Foods,68.0,1.0,14.1,0.8,0.8,0.0,54.0,90.0,169872,sr_legacy_food
"Babyfood, Fruit, Tutti Frutti",Baby Foods,66.0,0.4,15.5,0.3,0.6,0.0,25.0,46.0,169873,sr_legacy_food
"Salad Dressing, Sweet And Sour",Fats & Oils,15.0,0.1,3.7,0.0,0.0,0.0,208.0,33.0,169875,sr_legacy_food
"Salad Dressing, Blue Or Roquefort Cheese, Low Calorie",Fats & Oils,99.0,5.1,2.9,7.2,0.0,0.0,939.0,5.0,169876,sr_legacy_food
"Salad Dressing, Caesar, Low Calorie",Fats & Oils,110.0,0.3,18.6,4.4,0.1,0.0,1148.0,29.0,169877,sr_legacy_food
"Syrups, Sugar Free",Snacks,51.0,0.8,12.0,0.0,0.7,0.0,210.0,0.0,169878,sr_legacy_food
"Jellies, No Sugar (With Sodium Saccharin), Any Flavors",Snacks,121.0,0.6,29.6,0.0,2.2,0.0,3.0,96.0,169879,sr_legacy_food
"Candies, Hard, Dietetic Or Low Calorie (Sorbitol)",Snacks,394.0,0.0,98.6,0.0,0.0,0.0,0.0,0.0,169880,sr_legacy_food
"Candies, Chocolate Covered, Low Sugar Or Low Calorie",Snacks,590.0,12.4,37.7,43.3,3.5,0.0,111.0,606.0,169881,sr_legacy_food
"Chewing Gum, Sugarless",Snacks,268.0,0.0,94.8,0.4,2.4,0.0,7.0,0.0,169882,sr_legacy_food
"Fluid Replacement, Electrolyte Solution (Include Pedialyte)",Baby Foods,10.0,0.0,2.4,0.0,0.0,0.0,101.0,77.0,169883,sr_legacy_food
"Vermicelli, Made From Soy",Legume,331.0,0.1,82.3,0.1,3.9,0.0,4.0,3.0,169884,sr_legacy_food
"Beans, Liquid From Stewed Kidney Beans",Legume,47.0,1.8,2.8,3.2,0.1,0.0,2.0,408.0,169885,sr_legacy_food
"Chicken, Meatless",Legume,224.0,23.6,3.6,12.7,3.6,0.0,709.0,54.0,169886,sr_legacy_food
"Frankfurter, Meatless",Legume,233.0,19.6,7.7,13.7,3.9,0.0,471.0,98.0,169887,sr_legacy_food
Vegetarian Meatloaf Or Patties,Legume,197.0,21.0,8.0,9.0,4.6,0.0,550.0,180.0,169888,sr_legacy_food
"Radishes, Hawaiian Style, Pickled",Vegetable,28.0,1.1,5.2,0.3,2.2,0.0,789.0,333.0,169889,sr_legacy_food
"Cabbage, Japanese Style, Fresh",Vegetable,30.0,1.6,5.7,0.1,3.1,0.0,277.0,853.0,169890,sr_legacy_food
"Cabbage, Mustard, Salted",Vegetable,28.0,1.1,5.6,0.1,3.1,0.0,717.0,246.0,169891,sr_legacy_food
"Eggplant, Pickled",Vegetable,49.0,0.9,9.8,0.7,2.5,0.0,1674.0,12.0,169892,sr_legacy_food
"Bacon Bits, Meatless",Legume,476.0,32.0,28.6,25.9,10.2,0.0,1770.0,145.0,169893,sr_legacy_food
"Butter Replacement, Without Fat, Powder",Fats & Oils,373.0,2.0,89.0,1.0,0.0,0.0,1200.0,2.0,169894,sr_legacy_food
"Salad Dressing, Buttermilk, Lite",Fats & Oils,202.0,1.2,21.3,12.4,1.1,0.0,1120.0,132.0,169895,sr_legacy_food
"Yogurt, Fruit Variety, Nonfat",Dairy,95.0,4.4,19.0,0.2,0.0,0.0,58.0,194.0,169898,sr_legacy_food
"Whipped Cream Substitute, Dietetic, Made From Powdered Mix",Dairy,100.0,0.9,10.6,6.0,0.0,0.0,106.0,26.0,169899,sr_legacy_food
"Frozen Novelties, Ice Cream Type, Sundae",Snacks,190.0,4.3,29.6,6.0,0.3,0.0,95.0,211.0,169900,sr_legacy_food
"Cheese, American Cheddar, Imitation",Dairy,239.0,16.7,11.6,14.0,0.0,0.0,1345.0,242.0,169901,sr_legacy_food
"Quail, Cooked, Total Edible",Protein,227.0,25.1,0.0,14.1,0.0,0.0,52.0,216.0,169902,sr_legacy_food
"Pheasant, Cooked, Total Edible",Protein,239.0,32.4,0.0,12.1,0.0,0.0,43.0,271.0,169903,sr_legacy_food
"Eggs, Scrambled, Frozen Mixture",Dairy,131.0,13.1,7.5,5.6,0.0,0.0,162.0,147.0,169904,sr_legacy_food
"Dove, Cooked (Includes Squab)",Protein,213.0,23.9,0.0,13.0,0.0,0.0,57.0,256.0,169905,sr_legacy_food
"Longans, Dried",Fruit,286.0,4.9,74.0,0.4,0.0,0.0,48.0,658.0,169907,sr_legacy_food
"Loquats, Raw",Fruit,47.0,0.4,12.1,0.2,1.7,0.0,1.0,266.0,169908,sr_legacy_food
"Mammy-Apple, (Mamey), Raw",Fruit,51.0,0.5,12.5,0.5,3.0,0.0,15.0,47.0,169909,sr_legacy_food
"Mangos, Raw",Fruit,60.0,0.8,15.0,0.4,1.6,0.0,1.0,168.0,169910,sr_legacy_food
"Melons, Honeydew, Raw",Fruit,36.0,0.5,9.1,0.1,0.8,0.0,18.0,228.0,169911,sr_legacy_food
"Melon Balls, Frozen",Fruit,33.0,0.8,7.9,0.2,0.7,0.0,31.0,280.0,169912,sr_legacy_food
"Mulberries, Raw",Fruit,43.0,1.4,9.8,0.4,1.7,0.0,10.0,194.0,169913,sr_legacy_food
"Nectarines, Raw",Fruit,44.0,1.1,10.6,0.3,1.7,0.0,0.0,201.0,169914,sr_legacy_food
"Oheloberries, Raw",Fruit,28.0,0.4,6.8,0.2,0.0,0.0,1.0,38.0,169915,sr_legacy_food
"Oranges, Raw, California",Fruit,49.0,1.0,11.9,0.3,2.5,0.0,0.0,179.0,169916,sr_legacy_food
"Oranges, Raw, Navels (Includes Foods For Usda'S Food Distribution Program)",Fruit,49.0,0.9,12.5,0.2,2.2,0.0,1.0,166.0,169917,sr_legacy_food
"Oranges, Raw, Florida",Fruit,46.0,0.7,11.5,0.2,2.4,0.0,0.0,169.0,169918,sr_legacy_food
"Oranges, Raw, With Peel",Fruit,63.0,1.3,15.5,0.3,4.5,0.0,2.0,196.0,169919,sr_legacy_food
"Tangerine Juice, Raw",Fruit,43.0,0.5,10.1,0.2,0.2,0.0,1.0,178.0,169925,sr_legacy_food
"Papayas, Raw",Fruit,43.0,0.5,10.8,0.3,1.7,0.0,8.0,182.0,169926,sr_legacy_food
"Papaya, Canned, Heavy Syrup",Fruit,206.0,0.1,55.8,0.6,1.5,0.0,9.0,67.0,169927,sr_legacy_food
"Peaches, Yellow, Raw",Fruit,39.0,0.9,9.5,0.2,1.5,0.0,0.0,190.0,169928,sr_legacy_food
"Peaches, Canned, Water Pack",Fruit,24.0,0.4,6.1,0.1,1.3,0.0,3.0,99.0,169929,sr_legacy_food
"Peaches, Canned, Juice Pack",Fruit,44.0,0.6,11.6,0.0,1.3,0.0,4.0,128.0,169930,sr_legacy_food
"Peaches, Canned, Extra Light Syrup",Fruit,42.0,0.4,11.1,0.1,1.0,0.0,5.0,74.0,169931,sr_legacy_food
"Peaches, Dehydrated (Low-Moisture), Sulfured",Fruit,325.0,4.9,83.2,1.0,0.0,0.0,10.0,1351.0,169932,sr_legacy_food
"Pears, Canned, Juice Pack",Fruit,50.0,0.3,12.9,0.1,1.6,0.0,4.0,96.0,169936,sr_legacy_food
"Pears, Canned, Extra Light Syrup Pack",Fruit,47.0,0.3,12.2,0.1,1.6,0.0,2.0,45.0,169937,sr_legacy_food
"Pears, Canned, Light Syrup Pack",Fruit,57.0,0.2,15.2,0.0,1.6,0.0,5.0,66.0,169938,sr_legacy_food
"Pears, Canned, Heavy Syrup Pack",Fruit,74.0,0.2,19.2,0.1,1.6,0.0,5.0,65.0,169939,sr_legacy_food
"Pear Nectar, Canned, Without Added Ascorbic Acid",Fruit,60.0,0.1,15.8,0.0,0.6,0.0,4.0,13.0,169940,sr_legacy_food
"Persimmons, Japanese, Raw",Fruit,70.0,0.6,18.6,0.2,3.6,0.0,1.0,161.0,169941,sr_legacy_food
"Persimmons, Japanese, Dried",Fruit,274.0,1.4,73.4,0.6,14.5,0.0,2.0,802.0,169942,sr_legacy_food
"Persimmons, Native, Raw",Fruit,127.0,0.8,33.5,0.4,0.0,0.0,1.0,310.0,169943,sr_legacy_food
"Pineapple, Canned, Heavy Syrup Pack",Fruit,78.0,0.4,20.2,0.1,0.8,0.0,1.0,104.0,169944,sr_legacy_food
"Pineapple, Canned, Extra Heavy Syrup Pack",Fruit,83.0,0.3,21.5,0.1,0.8,0.0,1.0,102.0,169945,sr_legacy_food
"Pineapple, Frozen, Chunks",Fruit,86.0,0.4,22.2,0.1,1.1,0.0,2.0,100.0,169946,sr_legacy_food
"Plums, Raw",Fruit,46.0,0.7,11.4,0.3,1.4,0.0,0.0,157.0,169949,sr_legacy_food
"Beans, Shellie, Canned",Vegetable,30.0,1.8,6.2,0.2,3.4,0.0,334.0,109.0,169960,sr_legacy_food
"Beets, Canned, Drained Solids",Vegetable,31.0,0.9,7.2,0.1,1.8,0.0,194.0,148.0,169966,sr_legacy_food
"Brussels Sprouts, Frozen, Unprepared",Vegetable,41.0,3.8,7.9,0.4,3.8,0.0,10.0,370.0,169972,sr_legacy_food
"Burdock Root, Raw",Vegetable,72.0,1.5,17.3,0.2,3.3,0.0,5.0,308.0,169974,sr_legacy_food
"Cabbage, Raw",Vegetable,25.0,1.3,5.8,0.1,2.5,0.0,18.0,170.0,169975,sr_legacy_food
"Cabbage, Cooked, Boiled",Vegetable,23.0,1.3,5.5,0.1,1.9,0.0,8.0,196.0,169976,sr_legacy_food
"Cabbage, Red, Raw",Vegetable,31.0,1.4,7.4,0.2,2.1,0.0,27.0,243.0,169977,sr_legacy_food
"Cabbage, Chinese (Pe-Tsai), Raw",Vegetable,16.0,1.2,3.2,0.2,1.2,0.0,9.0,238.0,169979,sr_legacy_food
"Cardoon, Raw",Vegetable,17.0,0.7,4.1,0.1,1.6,0.0,170.0,400.0,169981,sr_legacy_food
"Carrots, Frozen, Unprepared (Includes Foods For Usda'S Food Distribution Program)",Vegetable,36.0,0.8,7.9,0.5,3.3,0.0,68.0,235.0,169983,sr_legacy_food
"Cassava, Raw",Vegetable,160.0,1.4,38.1,0.3,1.8,0.0,14.0,271.0,169985,sr_legacy_food
"Cauliflower, Raw",Vegetable,25.0,1.9,5.0,0.3,2.0,0.0,30.0,299.0,169986,sr_legacy_food
"Celery, Raw",Vegetable,14.0,0.7,3.0,0.2,1.6,0.0,80.0,260.0,169988,sr_legacy_food
"Celtuce, Raw",Vegetable,18.0,0.8,3.6,0.3,1.7,0.0,11.0,330.0,169990,sr_legacy_food
"Chard, Swiss, Raw",Vegetable,19.0,1.8,3.7,0.2,1.6,0.0,213.0,379.0,169991,sr_legacy_food
"Chicory Greens, Raw",Vegetable,23.0,1.7,4.7,0.3,4.0,0.0,45.0,420.0,169992,sr_legacy_food
"Chicory Roots, Raw",Vegetable,72.0,1.4,17.5,0.2,1.5,0.0,50.0,290.0,169993,sr_legacy_food
"Chives, Raw",Vegetable,30.0,3.3,4.4,0.7,2.5,0.0,3.0,296.0,169994,sr_legacy_food
"Chrysanthemum, Garland, Raw",Vegetable,24.0,3.4,3.0,0.6,3.0,0.0,118.0,567.0,169995,sr_legacy_food
"Coriander (Cilantro) Leaves, Raw",Vegetable,23.0,2.1,3.7,0.5,2.8,0.0,46.0,521.0,169997,sr_legacy_food
"Onions, Raw",Vegetable,40.0,1.1,9.3,0.1,1.7,0.0,4.0,146.0,170000,sr_legacy_food
"Onions, Cooked, Boiled",Vegetable,44.0,1.4,10.2,0.2,1.4,0.0,3.0,166.0,170001,sr_legacy_food
"Onions, Dehydrated Flakes",Vegetable,349.0,9.0,83.3,0.5,9.2,0.0,21.0,1622.0,170002,sr_legacy_food
"Onions, Canned, Solids And Liquids",Vegetable,19.0,0.8,4.0,0.1,1.2,0.0,371.0,111.0,170003,sr_legacy_food
"Onions, Yellow, Sauteed",Vegetable,123.0,1.0,7.9,10.8,1.7,0.0,12.0,133.0,170004,sr_legacy_food
"Onions, Spring Or Scallions (Includes Tops And Bulb), Raw",Vegetable,32.0,1.8,7.3,0.2,2.6,0.0,16.0,276.0,170005,sr_legacy_food
"Onions, Young Green, Tops Only",Vegetable,27.0,1.0,5.7,0.5,1.8,0.0,15.0,159.0,170006,sr_legacy_food
"Onions, Welsh, Raw",Vegetable,34.0,1.9,6.5,0.4,2.4,0.0,17.0,212.0,170007,sr_legacy_food
"Onions, Sweet, Raw",Vegetable,32.0,0.8,7.6,0.1,0.9,0.0,8.0,119.0,170008,sr_legacy_food
"Parsnips, Cooked, Boiled",Vegetable,71.0,1.3,17.0,0.3,3.6,0.0,10.0,367.0,170009,sr_legacy_food
"Peas, Edible-Podded, Raw",Vegetable,42.0,2.8,7.6,0.2,2.6,0.0,4.0,200.0,170010,sr_legacy_food
"Peas, Edible-Podded, Boiled",Vegetable,42.0,3.3,7.0,0.2,2.8,0.0,4.0,240.0,170011,sr_legacy_food
"Peas, Edible-Podded, Frozen",Vegetable,42.0,2.8,7.2,0.3,3.1,0.0,4.0,192.0,170012,sr_legacy_food
"Peas, Green (Includes Baby And Lesuer Types), Canned",Vegetable,68.0,4.5,11.4,0.8,4.9,0.0,273.0,106.0,170013,sr_legacy_food
"Peas, Green, Canned",Vegetable,50.0,3.1,9.2,0.3,2.0,0.0,254.0,122.0,170014,sr_legacy_food
"Peas, Green, Frozen",Vegetable,77.0,5.2,13.6,0.4,4.5,0.0,108.0,153.0,170016,sr_legacy_food
"Peas And Carrots, Frozen, Cooked",Vegetable,48.0,3.1,10.1,0.4,3.1,0.0,68.0,158.0,170018,sr_legacy_food
"Peas And Onions, Canned, Solids And Liquids",Vegetable,51.0,3.3,8.6,0.4,2.3,0.0,442.0,96.0,170019,sr_legacy_food
"Peas And Onions, Frozen, Unprepared",Vegetable,70.0,4.0,13.5,0.3,3.5,0.0,61.0,203.0,170020,sr_legacy_food
"Peas And Onions, Frozen, Cooked",Vegetable,45.0,2.5,8.6,0.2,2.2,0.0,37.0,117.0,170021,sr_legacy_food
"Peppers, Sweet, Green",Vegetable,20.0,1.1,4.4,0.2,1.6,0.0,5.0,91.0,170022,sr_legacy_food
"Pigeonpeas, Immature Seeds, Raw",Vegetable,136.0,7.2,23.9,1.6,5.1,0.0,5.0,552.0,170025,sr_legacy_food
"Potatoes, Flesh And Skin, Raw",Vegetable,77.0,2.0,17.5,0.1,2.1,0.0,6.0,425.0,170026,sr_legacy_food
"Potatoes, Russet, Flesh And Skin",Vegetable,79.0,2.1,18.1,0.1,1.3,0.0,5.0,417.0,170027,sr_legacy_food
"Potatoes, White, Flesh And Skin",Vegetable,69.0,1.7,15.7,0.1,2.4,0.0,16.0,407.0,170028,sr_legacy_food
"Potatoes, Red, Flesh And Skin",Vegetable,70.0,1.9,15.9,0.1,1.7,0.0,18.0,455.0,170029,sr_legacy_food
"Potatoes, Roasted, Salt Added In Processing",Vegetable,127.0,2.2,26.2,1.8,2.6,0.0,298.0,450.0,170031,sr_legacy_food
"Potatoes, Raw, Skin",Vegetable,58.0,2.6,12.4,0.1,2.5,0.0,10.0,413.0,170032,sr_legacy_food
"Potatoes, Baked, Flesh",Vegetable,93.0,2.0,21.6,0.1,1.5,0.0,5.0,391.0,170033,sr_legacy_food
"Potatoes, Baked, Skin",Vegetable,198.0,4.3,46.1,0.1,7.9,0.0,21.0,573.0,170034,sr_legacy_food
"Potatoes, Microwaved, Cooked In Skin",Vegetable,132.0,4.4,29.6,0.1,5.5,0.0,16.0,650.0,170035,sr_legacy_food
"Potatoes, Hash Brown, Home-Prepared",Vegetable,265.0,3.0,35.1,12.5,3.2,0.0,342.0,576.0,170036,sr_legacy_food
"Potatoes, Scalloped, Home-Prepared With Butter",Vegetable,88.0,2.9,10.8,3.7,1.9,0.0,335.0,378.0,170038,sr_legacy_food
"Potatoes, Hash Brown, Frozen",Vegetable,82.0,2.1,17.7,0.6,1.4,0.0,22.0,285.0,170043,sr_legacy_food
"Potato Puffs, Frozen, Unprepared",Vegetable,178.0,1.9,24.8,8.7,2.3,0.0,428.0,247.0,170047,sr_legacy_food
"Potato Puffs, Frozen, Oven-Heated",Vegetable,192.0,2.1,27.3,9.0,2.0,0.0,463.0,287.0,170048,sr_legacy_food
"Potatoes, Frozen, Whole",Vegetable,65.0,2.0,14.5,0.1,1.4,0.0,20.0,287.0,170049,sr_legacy_food
"Tomatoes, Red, Ripe",Vegetable,18.0,1.0,4.0,0.1,0.7,0.0,11.0,218.0,170050,sr_legacy_food
"Tomato Products, Canned, Sauce",Vegetable,24.0,1.2,5.3,0.3,1.5,0.0,474.0,297.0,170054,sr_legacy_food
"Turnips, Cooked, Boiled",Vegetable,22.0,0.7,5.1,0.1,2.0,0.0,16.0,177.0,170058,sr_legacy_food
"Turnips, Frozen, Unprepared",Vegetable,16.0,1.0,2.9,0.2,1.8,0.0,25.0,137.0,170059,sr_legacy_food
"Turnips, Frozen, Cooked",Vegetable,23.0,1.5,4.4,0.2,2.0,0.0,36.0,182.0,170060,sr_legacy_food
"Turnip Greens, Raw",Vegetable,32.0,1.5,7.1,0.3,3.2,0.0,40.0,296.0,170061,sr_legacy_food
"Turnip Greens And Turnips, Frozen, Cooked",Vegetable,35.0,3.0,4.8,0.4,3.1,0.0,19.0,216.0,170062,sr_legacy_food
"Vegetable Juice Cocktail, Canned",Vegetable,22.0,0.9,3.9,0.3,0.5,0.0,169.0,185.0,170063,sr_legacy_food
"Vegetables, Mixed, Canned",Vegetable,36.0,1.4,7.1,0.2,3.8,0.0,224.0,138.0,170064,sr_legacy_food
"Waterchestnuts, Chinese, (Matai)",Vegetable,97.0,1.4,23.9,0.1,3.0,0.0,14.0,584.0,170066,sr_legacy_food
"Waterchestnuts, Chinese, Canned",Vegetable,50.0,0.9,12.3,0.1,2.5,0.0,8.0,118.0,170067,sr_legacy_food
"Watercress, Raw",Vegetable,11.0,2.3,1.3,0.1,0.5,0.0,41.0,330.0,170068,sr_legacy_food
"Waxgourd, (Chinese Preserving Melon), Raw",Vegetable,13.0,0.4,3.0,0.2,2.9,0.0,111.0,6.0,170069,sr_legacy_food
"Winged Bean Tuber, Raw",Vegetable,148.0,11.6,28.1,0.9,0.0,0.0,35.0,586.0,170070,sr_legacy_food
"Yam, Raw",Vegetable,118.0,1.5,27.9,0.2,4.1,0.0,9.0,816.0,170071,sr_legacy_food
"Yam, Cooked, Boiled",Vegetable,116.0,1.5,27.5,0.1,3.9,0.0,8.0,670.0,170072,sr_legacy_food
"Yambean (Jicama), Raw",Vegetable,38.0,0.7,8.8,0.1,4.9,0.0,4.0,150.0,170073,sr_legacy_food
"Chives, Freeze-Dried",Vegetable,311.0,21.2,64.3,3.5,26.2,0.0,70.0,2960.0,170075,sr_legacy_food
"Dock, Raw",Vegetable,22.0,2.0,3.2,0.7,2.9,0.0,4.0,390.0,170076,sr_legacy_food
"Eppaw, Raw",Vegetable,150.0,4.6,31.7,1.8,0.0,0.0,12.0,340.0,170078,sr_legacy_food
"Beans, Mung, Mature Seeds",Vegetable,12.0,1.4,2.1,0.1,0.8,0.0,42.0,27.0,170079,sr_legacy_food
"Peppers, Jalapeno, Canned",Vegetable,27.0,0.9,4.7,0.9,2.6,0.0,1671.0,193.0,170080,sr_legacy_food
"Radishes, White Icicle, Raw",Vegetable,14.0,1.1,2.6,0.1,1.4,0.0,16.0,280.0,170081,sr_legacy_food
"Shallots, Freeze-Dried",Vegetable,348.0,12.3,80.7,0.5,15.7,0.0,59.0,1650.0,170082,sr_legacy_food
"Sweet Potato, Canned, Syrup Pack",Vegetable,89.0,1.0,20.9,0.2,2.5,0.0,29.0,185.0,170083,sr_legacy_food
"Sweet Potato, Cooked, Candied",Vegetable,164.0,0.9,32.1,3.5,2.1,0.0,119.0,178.0,170088,sr_legacy_food
"Seaweed, Agar, Dried",Vegetable,306.0,6.2,80.9,0.3,7.7,0.0,102.0,1125.0,170090,sr_legacy_food
"Seaweed, Spirulina, Raw",Vegetable,26.0,5.9,2.4,0.4,0.4,0.0,98.0,127.0,170091,sr_legacy_food
Potato Pancakes,Vegetable,268.0,6.1,27.8,14.8,3.3,0.0,764.0,622.0,170092,sr_legacy_food
"Potatoes, Baked, Flesh And Skin",Vegetable,93.0,2.5,21.2,0.1,2.2,0.0,10.0,535.0,170093,sr_legacy_food
"Radish Seeds, Sprouted, Raw",Vegetable,43.0,3.8,3.6,2.5,0.0,0.0,6.0,86.0,170095,sr_legacy_food
"Tomatoes, Yellow, Raw",Vegetable,15.0,1.0,3.0,0.3,0.7,0.0,23.0,258.0,170096,sr_legacy_food
"Onions, Frozen, Chopped",Vegetable,26.0,0.8,6.0,0.1,1.7,0.0,248.0,108.0,170101,sr_legacy_food
"Peas, Green, Cooked",Vegetable,84.0,5.4,15.6,0.2,5.5,0.0,239.0,271.0,170102,sr_legacy_food
"Peppers, Hot Chili, Red",Vegetable,40.0,1.9,8.8,0.4,1.5,0.0,9.0,322.0,170106,sr_legacy_food
"Potatoes, Baked, Skin Only",Vegetable,198.0,4.3,46.1,0.1,7.9,0.0,257.0,573.0,170113,sr_legacy_food
"Potatoes, Boiled, Cooked In Skin",Vegetable,87.0,1.9,20.1,0.1,2.0,0.0,240.0,379.0,170114,sr_legacy_food
"Potatoes, Microwaved, Cooked",Vegetable,132.0,4.4,29.6,0.1,5.5,0.0,252.0,650.0,170115,sr_legacy_food
"Pumpkin, Flowers, Cooked",Vegetable,15.0,1.1,3.2,0.1,0.9,0.0,242.0,106.0,170119,sr_legacy_food
"Spinach, Canned, No Salt Added",Vegetable,19.0,2.1,2.9,0.4,2.2,0.0,75.0,230.0,170123,sr_legacy_food
"Squash, Summer, All Varieties",Vegetable,20.0,0.9,4.3,0.3,1.4,0.0,237.0,192.0,170125,sr_legacy_food
"Squash, Winter, All Varieties",Vegetable,37.0,0.9,8.8,0.4,2.8,0.0,237.0,241.0,170127,sr_legacy_food
"Taro, Shoots, Cooked",Vegetable,14.0,0.7,3.2,0.1,0.0,0.0,238.0,344.0,170135,sr_legacy_food
"Taro, Tahitian, Cooked",Vegetable,44.0,4.2,6.8,0.7,0.0,0.0,290.0,623.0,170136,sr_legacy_food
"Turnip Greens, Cooked, Boiled",Vegetable,20.0,1.1,4.4,0.2,3.5,0.0,265.0,203.0,170139,sr_legacy_food
"Turnip Greens, Frozen, Cooked",Vegetable,29.0,3.4,5.0,0.4,3.4,0.0,251.0,224.0,170140,sr_legacy_food
"Vegetables, Mixed, Frozen",Vegetable,60.0,2.9,13.1,0.2,4.4,0.0,271.0,169.0,170142,sr_legacy_food
"Seeds, Breadfruit Seeds, Raw",Nuts,191.0,7.4,29.2,5.6,5.2,0.0,25.0,941.0,170144,sr_legacy_food
"Seeds, Breadfruit Seeds, Boiled",Nuts,168.0,5.3,32.0,2.3,4.8,0.0,23.0,875.0,170145,sr_legacy_food
"Seeds, Cottonseed Flour, Low Fat (Glandless)",Nuts,332.0,49.8,36.1,1.4,0.0,0.0,35.0,1761.0,170146,sr_legacy_food
"Seeds, Cottonseed Meal, Partially Defatted (Glandless)",Nuts,367.0,49.1,38.4,4.8,0.0,0.0,37.0,1869.0,170147,sr_legacy_food
"Seeds, Hemp Seed, Hulled",Nuts,553.0,31.6,8.7,48.8,4.0,0.0,5.0,1200.0,170148,sr_legacy_food
"Seeds, Lotus Seeds, Dried",Nuts,332.0,15.4,64.5,2.0,0.0,0.0,5.0,1368.0,170149,sr_legacy_food
"Seeds, Sesame Seeds, Whole",Nuts,573.0,17.7,23.4,49.7,11.8,0.0,11.0,468.0,170150,sr_legacy_food
"Seeds, Sesame Flour, Partially Defatted",Nuts,382.0,40.3,35.1,11.9,0.0,0.0,41.0,425.0,170153,sr_legacy_food
"Seeds, Sunflower Seed Butter, Without Salt",Nuts,617.0,17.3,23.3,55.2,5.7,0.0,3.0,576.0,170155,sr_legacy_food
"Seeds, Sunflower Seed Flour, Partially Defatted",Nuts,326.0,48.1,35.8,1.6,5.2,0.0,3.0,67.0,170156,sr_legacy_food
"Nuts, Acorns, Raw",Nuts,387.0,6.2,40.8,23.9,0.0,0.0,0.0,539.0,170157,sr_legacy_food
"Nuts, Almond Paste",Nuts,458.0,9.0,47.8,27.7,4.8,0.0,9.0,314.0,170160,sr_legacy_food
"Nuts, Beechnuts, Dried",Nuts,576.0,6.2,33.5,50.0,0.0,0.0,38.0,1017.0,170161,sr_legacy_food
"Nuts, Cashew Nuts, Raw",Nuts,553.0,18.2,30.2,43.8,3.3,0.0,12.0,660.0,170162,sr_legacy_food
"Nuts, Chestnuts, Chinese",Nuts,224.0,4.2,49.1,1.1,0.0,0.0,3.0,447.0,170164,sr_legacy_food
"Nuts, Chestnuts, European",Nuts,369.0,5.0,78.4,3.9,0.0,0.0,37.0,991.0,170167,sr_legacy_food
"Nuts, Coconut Meat, Raw",Nuts,354.0,3.3,15.2,33.5,9.0,0.0,20.0,356.0,170169,sr_legacy_food
"Nuts, Coconut Cream, Canned",Nuts,357.0,1.2,53.2,16.3,0.2,0.0,36.0,101.0,170171,sr_legacy_food
"Nuts, Coconut Milk, Raw (Liquid Expressed From Grated Meat And Water)",Nuts,230.0,2.3,5.5,23.8,2.2,0.0,15.0,263.0,170172,sr_legacy_food
"Nuts, Coconut Milk, Canned (Liquid Expressed From Grated Meat And Water)",Nuts,197.0,2.0,2.8,21.3,0.0,0.0,13.0,220.0,170173,sr_legacy_food
"Nuts, Coconut Water (Liquid From Coconuts)",Nuts,19.0,0.7,3.7,0.2,1.1,0.0,105.0,250.0,170174,sr_legacy_food
"Nuts, Ginkgo Nuts, Dried",Nuts,348.0,10.4,72.4,2.0,0.0,0.0,13.0,998.0,170175,sr_legacy_food
"Nuts, Ginkgo Nuts, Canned",Nuts,111.0,2.3,22.1,1.6,9.3,0.0,307.0,180.0,170176,sr_legacy_food
"Nuts, Hickorynuts, Dried",Nuts,657.0,12.7,18.2,64.4,6.4,0.0,1.0,436.0,170177,sr_legacy_food
"Nuts, Macadamia Nuts, Raw",Nuts,718.0,7.9,13.8,75.8,8.6,0.0,5.0,368.0,170178,sr_legacy_food
"Nuts, Pecans",Nuts,691.0,9.2,13.9,72.0,9.6,0.0,0.0,410.0,170182,sr_legacy_food
"Nuts, Pistachio Nuts, Raw",Nuts,560.0,20.2,27.2,45.3,10.6,0.0,1.0,1025.0,170184,sr_legacy_food
"Nuts, Walnuts, Black",Nuts,619.0,24.1,9.6,59.3,6.8,0.0,2.0,523.0,170186,sr_legacy_food
"Nuts, Walnuts, English",Nuts,654.0,15.2,13.7,65.2,6.7,0.0,2.0,441.0,170187,sr_legacy_food
"Seeds, Sesame Butter, Paste",Nuts,586.0,18.1,24.0,50.9,5.5,0.0,12.0,582.0,170191,sr_legacy_food
"Seeds, Sesame Flour, High-Fat",Nuts,526.0,30.8,26.6,37.1,0.0,0.0,41.0,423.0,170192,sr_legacy_food
"Beef, Variety Meats And By-Products, Suet",Protein,854.0,1.5,0.0,94.0,0.0,0.0,7.0,16.0,170193,sr_legacy_food
"Beef, Variety Meats And By-Products, Thymus",Protein,236.0,12.2,0.0,20.4,0.0,0.0,96.0,360.0,170194,sr_legacy_food
"Beef, Variety Meats And By-Products, Tongue",Protein,224.0,14.9,3.7,16.1,0.0,0.0,69.0,315.0,170196,sr_legacy_food
"Beef, Cured, Breakfast Strips",Protein,406.0,12.5,0.7,38.8,0.0,0.0,955.0,153.0,170197,sr_legacy_food
"Beef, Cured, Corned Beef",Protein,198.0,14.7,0.1,14.9,0.0,0.0,1217.0,297.0,170199,sr_legacy_food
"Beef, Cured, Luncheon Meat",Protein,111.0,19.0,0.0,3.3,0.0,0.0,1322.0,402.0,170202,sr_legacy_food
"Beef, Cured, Pastrami",Protein,147.0,21.8,0.4,5.8,0.0,0.0,1078.0,210.0,170204,sr_legacy_food
"Beef, Composite Of Trimmed Retail Cuts, Separable Lean Only",Protein,203.0,29.9,0.0,8.4,0.0,0.0,64.0,339.0,170208,sr_legacy_food
"Beef, Round, Bottom Round Roast",Protein,169.0,28.3,0.0,5.3,0.0,0.0,38.0,238.0,170227,sr_legacy_food
"Beef, Round, Eye Of Round Roast",Protein,167.0,29.7,0.0,4.5,0.0,0.0,67.0,401.0,170228,sr_legacy_food
"Beef, Loin, Tenderloin Steak",Protein,211.0,30.5,0.0,8.9,0.0,0.0,57.0,350.0,170237,sr_legacy_food
"Snacks, Popcorn, Air-Popped (Unsalted)",Snacks,382.0,12.0,77.9,4.2,15.1,0.0,4.0,301.0,170246,sr_legacy_food
"Potato Chips, Without Salt, Reduced Fat",Snacks,487.0,7.1,67.8,20.8,6.1,0.0,8.0,1744.0,170253,sr_legacy_food
"Frozen Novelties, Juice Type, Popsicle Scribblers",Snacks,81.0,0.0,19.7,0.2,0.0,0.0,13.0,23.0,170255,sr_legacy_food
"Sweeteners, Tabletop, Sucralose",Snacks,336.0,0.0,91.2,0.0,0.0,0.0,0.0,4.0,170257,sr_legacy_food
"Frozen Novelties, No Sugar Added, Fudgsicle Pops",Snacks,124.0,3.7,23.1,1.9,1.5,0.0,96.0,253.0,170258,sr_legacy_food
"Frozen Novelties, Ice Type, Sugar Free",Snacks,21.0,0.0,5.1,0.0,0.0,0.0,10.0,11.0,170259,sr_legacy_food
"Frozen Novelties, Klondike, Slim-A-Bear Fudge Bar",Snacks,124.0,4.3,30.1,1.9,6.0,0.0,120.0,0.0,170260,sr_legacy_food
"Ice Creams, Breyers, All Natural Light Vanilla",Snacks,162.0,4.8,25.3,4.6,0.2,0.0,71.0,0.0,170261,sr_legacy_food
"Ice Creams, Breyers, No Sugar Added",Snacks,180.0,4.0,21.3,10.3,0.9,0.0,164.0,0.0,170262,sr_legacy_food
"Frozen Novelties, No Sugar Added Creamsicle Pops",Snacks,72.0,3.7,12.9,0.6,3.6,0.0,41.0,0.0,170266,sr_legacy_food
"Frozen Novelties, Sugar Free, Creamsicle Pops",Snacks,49.0,1.4,12.0,2.3,7.5,0.0,6.0,0.0,170267,sr_legacy_food
"Ice Creams, Breyers, All Natural Light French Chocolate",Snacks,201.0,5.3,29.7,7.3,1.0,0.0,75.0,0.0,170268,sr_legacy_food
"Ice Creams, Breyers, 98% Fat Free Chocolate",Snacks,136.0,3.9,30.2,2.2,5.8,0.0,75.0,0.0,170269,sr_legacy_food
"Ice Creams, Regular, Low Carbohydrate",Snacks,237.0,3.8,26.8,12.7,4.8,0.0,76.0,249.0,170270,sr_legacy_food
"Chocolate, Dark, 45- 59% Cacao Solids",Snacks,546.0,4.9,61.2,31.3,7.0,0.0,24.0,559.0,170271,sr_legacy_food
"Chocolate, Dark, 60-69% Cacao Solids",Snacks,579.0,6.1,52.4,38.3,8.0,0.0,10.0,567.0,170272,sr_legacy_food
"Chocolate, Dark, 70-85% Cacao Solids",Snacks,598.0,7.8,45.9,42.6,10.9,0.0,20.0,715.0,170273,sr_legacy_food
"Candies, Chocolate, Dark",Snacks,550.0,5.1,60.0,32.2,7.2,0.0,23.0,568.0,170274,sr_legacy_food
"Candies, Crispy Bar With Peanut Butter Filling",Snacks,542.0,9.5,55.5,31.3,3.3,0.0,264.0,295.0,170275,sr_legacy_food
"Syrup, Maple, Canadian",Snacks,270.0,0.0,67.4,0.0,0.0,0.0,9.0,225.0,170276,sr_legacy_food
"Sweetener, Syrup, Agave",Snacks,310.0,0.1,76.4,0.4,0.2,0.0,4.0,4.0,170277,sr_legacy_food
"Candies, Nestle, Butterfinger Crisp",Snacks,465.0,6.7,68.4,18.3,1.7,0.0,13.0,429.0,170278,sr_legacy_food
"Candies, Fruit Snacks, With High Vitamin C",Snacks,352.0,0.1,88.0,0.0,0.0,0.0,23.0,8.0,170279,sr_legacy_food
"Jams, Preserves, Marmalades",Snacks,212.0,0.0,52.9,0.0,0.9,0.0,0.0,65.0,170280,sr_legacy_food
"Candies, Tamarind",Snacks,331.0,0.0,92.0,0.0,2.5,0.0,1643.0,309.0,170281,sr_legacy_food
"Candies, Coconut Bar, Not Chocolate Covered",Snacks,481.0,2.1,55.9,27.6,6.4,0.0,128.0,294.0,170282,sr_legacy_food
"Barley, Hulled",Grain,354.0,12.5,73.5,2.3,17.3,0.0,12.0,452.0,170283,sr_legacy_food
"Barley, Pearled, Raw",Grain,352.0,9.9,77.7,1.2,15.6,0.0,9.0,280.0,170284,sr_legacy_food
"Barley, Pearled, Cooked",Grain,123.0,2.3,28.2,0.4,3.8,0.0,3.0,93.0,170285,sr_legacy_food
Buckwheat,Grain,343.0,13.2,71.5,3.4,10.0,0.0,1.0,460.0,170286,sr_legacy_food
"Bulgur, Cooked",Grain,83.0,3.1,18.6,0.2,4.5,0.0,5.0,68.0,170287,sr_legacy_food
"Corn Grain, Yellow",Grain,365.0,9.4,74.3,4.7,7.3,0.0,35.0,287.0,170288,sr_legacy_food
"Corn Bran, Crude",Grain,224.0,8.4,85.6,0.9,79.0,0.0,7.0,44.0,170289,sr_legacy_food
"Corn Flour, Whole-Grain, Yellow",Grain,361.0,6.9,76.8,3.9,7.3,0.0,5.0,315.0,170290,sr_legacy_food
"Fast Foods, Nachos, With Cheese",Fast Foods,343.0,4.3,34.9,21.5,3.2,0.0,313.0,362.0,170291,sr_legacy_food
"Fast Foods, Cheeseburger, Double",Fast Foods,282.0,16.2,18.0,16.2,1.0,0.0,617.0,226.0,170293,sr_legacy_food
"Fast Foods, Cheeseburger; Single, Large Patty; Plain",Fast Foods,310.0,17.3,24.1,16.0,1.7,0.0,481.0,210.0,170294,sr_legacy_food
"Fast Foods, Chicken Fillet Sandwich, Plain With Pickles",Fast Foods,250.0,16.3,20.9,11.2,1.4,0.0,753.0,245.0,170295,sr_legacy_food
"Fast Foods, Fish Sandwich, With Tartar Sauce",Fast Foods,257.0,10.3,26.7,12.4,1.0,0.0,602.0,206.0,170296,sr_legacy_food
"Fast Foods, Fish Sandwich, With Tartar Sauce And Cheese",Fast Foods,279.0,11.3,26.4,14.6,0.8,0.0,434.0,220.0,170297,sr_legacy_food
"Fast Foods, Submarine Sandwich, Roast Beef On White Bread With Lettuce And Tomato",Fast Foods,156.0,12.2,20.3,2.7,0.7,0.0,329.0,188.0,170298,sr_legacy_food
"Fast Foods, Submarine Sandwich, Tuna On White Bread With Lettuce And Tomato",Fast Foods,218.0,12.3,16.0,12.0,0.7,0.0,329.0,177.0,170299,sr_legacy_food
"Fast Foods, Coleslaw",Fast Foods,153.0,1.0,14.9,9.9,1.9,0.0,203.0,129.0,170300,sr_legacy_food
"Fast Foods, Hush Puppies",Fast Foods,296.0,6.2,40.2,13.2,2.9,0.0,813.0,256.0,170301,sr_legacy_food
"Fast Food, Biscuit",Fast Foods,370.0,7.1,42.8,18.9,2.5,0.0,979.0,131.0,170302,sr_legacy_food
"Chick-Fil-A, Chick-N-Strips",Fast Foods,228.0,21.4,10.4,11.2,0.9,0.0,577.0,497.0,170303,sr_legacy_food
"Chick-Fil-A, Hash Browns",Fast Foods,301.0,3.0,30.5,18.5,3.2,0.0,454.0,456.0,170304,sr_legacy_food
"School Lunch, Pizza, Big Daddy'S Ls 16"" 51% Whole Grain Rolled Edge Cheese Pizza",Fast Foods,243.0,13.9,27.1,8.8,2.7,0.0,400.0,288.0,170305,sr_legacy_food
"Fast Foods, Submarine Sandwich, Sweet Onion Chicken Teriyaki On White Bread With Lettuce",Fast Foods,155.0,10.9,22.5,2.4,1.2,0.0,305.0,285.0,170306,sr_legacy_food
"Subway, Subway Club Sub On White Bread With Lettuce And Tomato",Fast Foods,146.0,10.7,20.4,2.4,1.4,0.0,348.0,265.0,170307,sr_legacy_food
"Fast Foods, Submarine Sandwich, Turkey",Fast Foods,146.0,10.7,20.4,2.4,1.4,0.0,348.0,265.0,170308,sr_legacy_food
"Fast Foods, Submarine Sandwich, Oven Roasted Chicken On White Bread With Lettuce And Tomato",Fast Foods,157.0,10.8,21.4,3.2,1.2,0.0,268.0,198.0,170309,sr_legacy_food
"Subway, Steak & Cheese Sub On White Bread With American Cheese, Lettuce And Tomato",Fast Foods,183.0,12.3,21.5,5.3,1.2,0.0,444.0,183.0,170310,sr_legacy_food
"Fast Foods, Submarine Sandwich, Steak And Cheese On White Bread With Cheese",Fast Foods,183.0,12.3,21.5,5.3,1.2,0.0,444.0,183.0,170311,sr_legacy_food
"Subway, B.L.T. Sub On White Bread With Bacon, Lettuce And Tomato",Fast Foods,205.0,10.1,26.7,6.4,1.6,0.0,354.0,186.0,170312,sr_legacy_food
"Fast Foods, Submarine Sandwich, Bacon",Fast Foods,205.0,10.1,26.7,6.4,1.6,0.0,354.0,186.0,170313,sr_legacy_food
"Subway, Oven Roasted Chicken Sub On White Bread With Lettuce And Tomato",Fast Foods,157.0,10.8,21.4,3.2,1.2,0.0,268.0,198.0,170314,sr_legacy_food
"Subway, Cold Cut Sub On White Bread With Lettuce And Tomato",Fast Foods,214.0,10.5,20.4,10.0,1.2,0.0,575.0,282.0,170315,sr_legacy_food
"Subway, Tuna Sub On White Bread With Lettuce And Tomato",Fast Foods,221.0,12.3,16.0,12.0,0.7,0.0,329.0,177.0,170316,sr_legacy_food
"Pizza, Cheese Topping, Regular Crust",Fast Foods,268.0,10.4,29.0,12.3,2.2,0.0,447.0,152.0,170317,sr_legacy_food
"Fast Foods, Crispy Chicken Filet Sandwich, With Lettuce And Mayonnaise",Fast Foods,276.0,10.9,27.4,13.6,1.4,0.0,617.0,179.0,170318,sr_legacy_food
"Mcdonald'S, Filet-O-Fish",Fast Foods,282.0,11.3,26.4,14.6,1.4,0.0,434.0,220.0,170319,sr_legacy_food
"Mcdonald'S, Cheeseburger",Fast Foods,263.0,13.0,27.8,11.8,1.1,0.0,626.0,200.0,170320,sr_legacy_food
"Mcdonald'S, Quarter Pounder",Fast Foods,244.0,14.1,22.2,11.6,1.6,0.0,427.0,227.0,170321,sr_legacy_food
"Wendy'S, Classic Single Hamburger, With Cheese",Fast Foods,221.0,14.9,14.2,11.6,1.4,0.0,476.0,187.0,170322,sr_legacy_food
"Wendy'S, Jr. Hamburger, Without Cheese",Fast Foods,243.0,12.6,28.4,8.8,1.7,0.0,539.0,175.0,170323,sr_legacy_food
"Wendy'S, Jr. Hamburger, With Cheese",Fast Foods,256.0,13.1,25.0,11.5,1.4,0.0,660.0,178.0,170324,sr_legacy_food
"Wendy'S, Classic Double, With Cheese",Fast Foods,241.0,16.5,11.7,14.2,1.1,0.0,422.0,214.0,170325,sr_legacy_food
"Wendy'S, Frosty Dairy Dessert",Fast Foods,132.0,3.5,23.6,2.6,3.3,0.0,98.0,185.0,170326,sr_legacy_food
"Burger King, French Fries",Fast Foods,280.0,3.2,38.7,12.5,2.9,0.0,279.0,467.0,170327,sr_legacy_food
"Burger King, Hamburger",Fast Foods,261.0,14.8,26.8,10.6,1.0,0.0,461.0,217.0,170328,sr_legacy_food
"Burger King, Cheeseburger",Fast Foods,286.0,14.6,23.7,14.8,1.0,0.0,602.0,178.0,170329,sr_legacy_food
"Burger King, Premium Fish Sandwich",Fast Foods,260.0,10.3,26.7,12.4,0.9,0.0,602.0,206.0,170330,sr_legacy_food
"Burger King, Original Chicken Sandwich",Fast Foods,286.0,12.1,26.2,14.7,2.4,0.0,638.0,196.0,170331,sr_legacy_food
"Taco Bell, Original Taco With Beef, Cheese And Lettuce",Fast Foods,229.0,8.9,19.8,12.7,3.9,0.0,397.0,209.0,170332,sr_legacy_food
"Taco Bell, Soft Taco With Beef, Cheese And Lettuce",Fast Foods,206.0,9.2,20.2,9.8,2.9,0.0,560.0,161.0,170333,sr_legacy_food
"Taco Bell, Burrito Supreme With Chicken",Fast Foods,179.0,9.8,20.5,6.4,2.4,0.0,564.0,264.0,170334,sr_legacy_food
"Taco Bell, Burrito Supreme With Steak",Fast Foods,183.0,9.1,20.3,7.3,2.4,0.0,534.0,228.0,170335,sr_legacy_food
"Taco Bell, Nachos",Fast Foods,350.0,4.3,34.9,21.5,3.2,0.0,313.0,362.0,170336,sr_legacy_food
"Taco Bell, Nachos Supreme",Fast Foods,223.0,6.2,21.4,12.5,3.7,0.0,348.0,298.0,170337,sr_legacy_food
"Popeyes, Spicy Chicken Strips, Analyzed 2006",Fast Foods,253.0,19.6,18.5,11.2,1.2,0.0,997.0,289.0,170338,sr_legacy_food
"Kfc, Biscuit",Fast Foods,358.0,7.5,43.6,17.0,2.0,0.0,1070.0,115.0,170339,sr_legacy_food
"Kfc, Coleslaw",Fast Foods,144.0,0.9,15.6,8.6,2.0,0.0,189.0,140.0,170340,sr_legacy_food
"Kfc, Crispy Chicken Strips",Fast Foods,274.0,20.2,13.7,15.4,1.4,0.0,948.0,333.0,170341,sr_legacy_food
"Kfc, Fried Chicken, Original Recipe",Fast Foods,216.0,28.6,1.8,10.5,0.0,0.0,738.0,286.0,170342,sr_legacy_food
"Kfc, Fried Chicken, Extra Crispy",Fast Foods,464.0,11.0,22.5,36.6,1.5,0.0,828.0,170.0,170343,sr_legacy_food
"Popeyes, Fried Chicken, Mild",Fast Foods,433.0,14.0,21.5,32.3,1.0,0.0,769.0,192.0,170350,sr_legacy_food
"Yogurt Parfait, Lowfat, With Fruit And Granola",Fast Foods,84.0,3.4,15.9,1.0,1.1,0.0,49.0,189.0,170355,sr_legacy_food
"Fast Foods, Fried Chicken, Breast",Fast Foods,153.0,27.9,0.0,4.5,0.0,0.0,512.0,306.0,170356,sr_legacy_food
"Fast Foods, Fried Chicken, Drumstick",Fast Foods,172.0,26.2,0.0,7.4,0.0,0.0,492.0,291.0,170357,sr_legacy_food
"Fast Foods, Fried Chicken, Thigh",Fast Foods,178.0,23.2,0.2,9.4,0.0,0.0,577.0,248.0,170358,sr_legacy_food
"Fast Foods, Fried Chicken, Wing",Fast Foods,310.0,21.1,11.2,20.1,0.1,0.0,867.0,262.0,170360,sr_legacy_food
"Digiorno Pizza, Cheese Topping, Cheese Stuffed Crust",Fast Foods,279.0,13.5,29.9,11.7,1.9,0.0,806.0,185.0,170361,sr_legacy_food
"Digiorno Pizza, Cheese Topping, Rising Crust",Fast Foods,256.0,12.8,31.8,8.6,2.4,0.0,696.0,196.0,170362,sr_legacy_food
"Digiorno Pizza, Supreme Topping, Rising Crust",Fast Foods,255.0,11.7,27.9,10.7,2.3,0.0,712.0,210.0,170363,sr_legacy_food
"Digiorno Pizza, Supreme Topping, Thin Crispy Crust",Fast Foods,255.0,11.4,28.0,10.8,2.8,0.0,555.0,278.0,170364,sr_legacy_food
"Fast Food, Pizza Chain, 14"" Pizza",Fast Foods,282.0,11.1,30.4,12.9,2.3,0.0,637.0,190.0,170365,sr_legacy_food
"Fast Foods, Grilled Chicken Filet Sandwich, With Lettuce",Fast Foods,182.0,17.3,16.8,4.6,0.9,0.0,427.0,197.0,170368,sr_legacy_food
"Pizza Hut 14"" Pepperoni Pizza, Thin 'N Crispy Crust",Fast Foods,333.0,14.1,32.7,16.2,2.1,0.0,967.0,222.0,170369,sr_legacy_food
"Domino'S 14"" Pepperoni Pizza, Crunchy Thin Crust",Fast Foods,328.0,13.9,25.4,19.0,2.6,0.0,783.0,224.0,170370,sr_legacy_food
"Domino'S 14"" Sausage Pizza, Crunchy Thin Crust",Fast Foods,319.0,12.8,25.3,18.5,2.6,0.0,725.0,231.0,170371,sr_legacy_food
"Pizza Hut 14"" Sausage Pizza, Pan Crust",Fast Foods,287.0,11.1,29.6,13.8,2.0,0.0,596.0,192.0,170372,sr_legacy_food
"Pizza, Cheese Topping, Thin Crust",Fast Foods,263.0,11.9,28.8,11.1,3.0,0.0,471.0,201.0,170373,sr_legacy_food
"Burger King, Double Cheeseburger",Fast Foods,282.0,16.8,17.4,16.1,0.0,0.0,562.0,231.0,170374,sr_legacy_food
"Beet Greens, Raw",Vegetable,22.0,2.2,4.3,0.1,3.7,0.0,226.0,762.0,170375,sr_legacy_food
"Broadbeans, Immature Seeds, Raw",Vegetable,72.0,5.6,11.7,0.6,4.2,0.0,50.0,250.0,170377,sr_legacy_food
"Broccoli, Raw",Vegetable,34.0,2.8,6.6,0.4,2.6,0.0,33.0,316.0,170379,sr_legacy_food
"Broccoli Raab, Raw",Vegetable,22.0,3.2,2.8,0.5,2.7,0.0,33.0,196.0,170381,sr_legacy_food
"Broccoli Raab, Cooked",Vegetable,25.0,3.8,3.1,0.5,2.8,0.0,56.0,343.0,170382,sr_legacy_food
"Brussels Sprouts, Raw",Vegetable,43.0,3.4,9.0,0.3,3.8,0.0,25.0,389.0,170383,sr_legacy_food
"Butterbur, (Fuki), Raw",Vegetable,14.0,0.4,3.6,0.0,0.0,0.0,7.0,655.0,170385,sr_legacy_food
"Butterbur, Canned",Vegetable,3.0,0.1,0.4,0.1,0.0,0.0,4.0,12.0,170387,sr_legacy_food
"Cabbage, Savoy, Raw",Vegetable,27.0,2.0,6.1,0.1,3.1,0.0,28.0,230.0,170388,sr_legacy_food
"Cabbage, Chinese (Pak-Choi), Raw",Vegetable,13.0,1.5,2.2,0.2,1.0,0.0,65.0,252.0,170390,sr_legacy_food
"Cabbage, Kimchi",Vegetable,15.0,1.1,2.4,0.5,1.6,0.0,498.0,151.0,170392,sr_legacy_food
"Carrots, Raw",Vegetable,41.0,0.9,9.6,0.2,2.8,0.0,69.0,320.0,170393,sr_legacy_food
"Carrots, Canned, Regular Pack",Vegetable,23.0,0.6,5.4,0.1,1.8,0.0,240.0,173.0,170395,sr_legacy_food
"Cauliflower, Frozen, Unprepared",Vegetable,24.0,2.0,4.7,0.3,2.3,0.0,24.0,193.0,170398,sr_legacy_food
"Celeriac, Raw",Vegetable,42.0,1.5,9.2,0.3,1.8,0.0,100.0,300.0,170400,sr_legacy_food
"Chayote, Fruit, Raw",Vegetable,19.0,0.8,4.5,0.1,1.7,0.0,2.0,125.0,170402,sr_legacy_food
"Chicory, Witloof, Raw",Vegetable,17.0,0.9,4.0,0.1,3.1,0.0,2.0,211.0,170404,sr_legacy_food
"Collards, Raw",Vegetable,32.0,3.0,5.4,0.6,4.0,0.0,17.0,213.0,170406,sr_legacy_food
"Onions, Frozen, Whole",Vegetable,35.0,0.9,8.4,0.1,1.7,0.0,10.0,142.0,170412,sr_legacy_food
"Onion Rings, Breaded, Par Fried",Vegetable,258.0,3.2,30.5,14.1,1.8,0.0,246.0,190.0,170414,sr_legacy_food
"Parsley, Fresh",Vegetable,36.0,3.0,6.3,0.8,3.3,0.0,56.0,554.0,170416,sr_legacy_food
"Parsnips, Raw",Vegetable,75.0,1.2,18.0,0.3,4.9,0.0,10.0,375.0,170417,sr_legacy_food
"Peas, Green, Raw",Vegetable,81.0,5.4,14.4,0.4,5.7,0.0,5.0,244.0,170419,sr_legacy_food
"Peas, Mature Seeds, Sprouted",Vegetable,124.0,8.8,27.1,0.7,0.0,0.0,20.0,381.0,170422,sr_legacy_food
"Peas And Carrots, Canned, Regular Pack",Vegetable,38.0,2.2,8.5,0.3,2.0,0.0,260.0,100.0,170424,sr_legacy_food
"Peas And Carrots, Frozen, Unprepared",Vegetable,53.0,3.4,11.2,0.5,3.4,0.0,79.0,194.0,170425,sr_legacy_food
"Peppers, Hot Chili, Green",Vegetable,21.0,0.9,5.1,0.1,1.3,0.0,1173.0,187.0,170426,sr_legacy_food
"Pigeonpeas, Immature Seeds, Cooked",Vegetable,111.0,6.0,19.5,1.4,4.2,0.0,5.0,456.0,170430,sr_legacy_food
Poi,Vegetable,112.0,0.4,27.2,0.1,0.4,0.0,12.0,183.0,170431,sr_legacy_food
"Pokeberry Shoots, (Poke), Raw",Vegetable,23.0,2.6,3.7,0.4,1.7,0.0,23.0,242.0,170432,sr_legacy_food
"Pokeberry Shoots, (Poke), Cooked",Vegetable,20.0,2.3,3.1,0.4,1.5,0.0,18.0,184.0,170433,sr_legacy_food
"Potatoes, French Fried, Crinkle Or Regular Cut",Vegetable,146.0,2.3,24.0,5.0,2.0,0.0,349.0,380.0,170436,sr_legacy_food
"Potatoes, Boiled, Cooked Without Skin",Vegetable,86.0,1.7,20.0,0.1,1.8,0.0,5.0,328.0,170440,sr_legacy_food
"Potatoes, Au Gratin, Home-Prepared From Recipe Using Butter",Vegetable,134.0,5.1,11.3,7.6,1.8,0.0,433.0,396.0,170442,sr_legacy_food
"Potatoes, Canned, Solids And Liquids",Vegetable,44.0,1.2,9.9,0.1,1.4,0.0,217.0,205.0,170443,sr_legacy_food
"Potatoes, Au Gratin, Dry Mix",Vegetable,314.0,8.9,74.3,3.7,4.1,0.0,2095.0,990.0,170447,sr_legacy_food
"Potatoes, Scalloped, Dry Mix",Vegetable,358.0,7.8,73.9,4.6,8.6,0.0,1578.0,905.0,170449,sr_legacy_food
"Potatoes, French Fried, Shoestring",Vegetable,163.0,2.2,25.6,6.2,2.3,0.0,323.0,379.0,170451,sr_legacy_food
"Potatoes, O'Brien, Frozen",Vegetable,76.0,1.8,17.5,0.1,1.9,0.0,33.0,249.0,170453,sr_legacy_food
"Tomatoes, Green, Raw",Vegetable,23.0,1.2,5.1,0.2,1.1,0.0,13.0,204.0,170456,sr_legacy_food
"Tomato Juice, Canned, With Salt Added",Vegetable,17.0,0.8,3.5,0.3,0.4,0.0,253.0,217.0,170458,sr_legacy_food
"Tomato Products, Canned, Paste",Vegetable,82.0,4.3,18.9,0.5,4.1,0.0,59.0,1014.0,170459,sr_legacy_food
"Tomato Products, Canned, Puree",Vegetable,38.0,1.6,9.0,0.2,1.9,0.0,28.0,439.0,170460,sr_legacy_food
Tomato Powder,Vegetable,302.0,12.9,74.7,0.4,16.5,0.0,134.0,1927.0,170461,sr_legacy_food
"Tree Fern, Cooked, Without Salt",Vegetable,40.0,0.3,11.0,0.1,3.7,0.0,5.0,5.0,170464,sr_legacy_food
"Turnips, Raw",Vegetable,28.0,0.9,6.4,0.1,1.8,0.0,67.0,191.0,170465,sr_legacy_food
"Turnip Greens, Canned, Solids And Liquids",Vegetable,14.0,1.4,2.4,0.3,1.7,0.0,277.0,141.0,170467,sr_legacy_food
"Turnip Greens, Frozen, Unprepared",Vegetable,22.0,2.5,3.7,0.3,2.5,0.0,12.0,184.0,170468,sr_legacy_food
"Turnip Greens And Turnips, Frozen, Unprepared",Vegetable,21.0,2.5,3.4,0.2,2.4,0.0,18.0,82.0,170470,sr_legacy_food
"Vegetable Juice Cocktail, Low Sodium, Canned",Vegetable,19.0,0.9,3.8,0.3,0.5,0.0,55.0,204.0,170473,sr_legacy_food
"Vinespinach, (Basella), Raw",Vegetable,19.0,1.8,3.4,0.3,0.0,0.0,24.0,510.0,170474,sr_legacy_food
"Waxgourd, (Chinese Preserving Melon), Cooked",Vegetable,14.0,0.4,3.0,0.2,1.0,0.0,107.0,5.0,170475,sr_legacy_food
"Winged Beans, Immature Seeds, Raw",Vegetable,49.0,7.0,4.3,0.9,0.0,0.0,4.0,223.0,170476,sr_legacy_food
"Winged Beans, Immature Seeds, Cooked",Vegetable,38.0,5.3,3.2,0.7,0.0,0.0,4.0,274.0,170477,sr_legacy_food
"Winged Bean Leaves, Raw",Vegetable,74.0,5.8,14.1,1.1,0.0,0.0,9.0,176.0,170478,sr_legacy_food
"Beets, Harvard, Canned",Vegetable,73.0,0.8,18.2,0.1,2.5,0.0,162.0,164.0,170479,sr_legacy_food
"Beets, Pickled, Canned",Vegetable,65.0,0.8,16.3,0.1,0.8,0.0,149.0,115.0,170480,sr_legacy_food
"Borage, Raw",Vegetable,21.0,1.8,3.1,0.7,0.0,0.0,80.0,470.0,170481,sr_legacy_food
"Drumstick Pods, Raw",Vegetable,37.0,2.1,8.5,0.2,3.2,0.0,42.0,461.0,170483,sr_legacy_food
"Leeks, (Bulb And Lower-Leaf Portion), Freeze-Dried",Vegetable,321.0,15.2,74.6,2.1,10.4,0.0,35.0,2400.0,170485,sr_legacy_food
"Parsley, Freeze-Dried",Vegetable,271.0,31.3,42.4,5.2,32.7,0.0,391.0,6300.0,170486,sr_legacy_food
"Carrot Juice, Canned",Vegetable,40.0,1.0,9.3,0.2,0.8,0.0,66.0,292.0,170491,sr_legacy_food
"Corn Pudding, Home Prepared",Vegetable,131.0,4.4,17.0,5.0,1.2,0.0,282.0,176.0,170492,sr_legacy_food
Spinach Souffle,Vegetable,172.0,7.9,5.9,13.0,0.7,0.0,566.0,231.0,170494,sr_legacy_food
"Seaweed, Spirulina, Dried",Vegetable,290.0,57.5,23.9,7.7,3.6,0.0,1048.0,1363.0,170495,sr_legacy_food
"Seaweed, Wakame, Raw",Vegetable,45.0,3.0,9.1,0.6,0.5,0.0,872.0,50.0,170496,sr_legacy_food
"Potatoes, O'Brien, Home-Prepared",Vegetable,81.0,2.4,15.5,1.3,0.0,0.0,217.0,266.0,170498,sr_legacy_food
"Shallots, Raw",Vegetable,72.0,2.5,16.8,0.1,3.2,0.0,12.0,334.0,170499,sr_legacy_food
"Carrot, Dehydrated",Vegetable,341.0,8.1,79.6,1.5,23.6,0.0,275.0,2540.0,170500,sr_legacy_food
"Tomatoes, Crushed, Canned",Vegetable,32.0,1.6,7.3,0.3,1.9,0.0,186.0,293.0,170501,sr_legacy_food
"Tomatoes, Orange, Raw",Vegetable,16.0,1.2,3.2,0.2,0.9,0.0,42.0,212.0,170502,sr_legacy_food
"Peas, Edible-Podded, Cooked",Vegetable,40.0,3.3,6.5,0.2,2.8,0.0,240.0,240.0,170509,sr_legacy_food
"Peas And Carrots, Canned, No Salt Added",Vegetable,38.0,2.2,8.5,0.3,3.3,0.0,4.0,100.0,170512,sr_legacy_food
"Potatoes, Au Gratin, Home-Prepared From Recipe Using Margarine",Vegetable,132.0,5.1,11.3,7.6,1.8,0.0,433.0,396.0,170524,sr_legacy_food
"Potatoes, Scalloped, Home-Prepared With Margarine",Vegetable,88.0,2.9,10.8,3.7,1.9,0.0,335.0,378.0,170525,sr_legacy_food
"Pumpkin, Canned, With Salt",Vegetable,34.0,1.1,8.1,0.3,2.9,0.0,241.0,206.0,170527,sr_legacy_food
"Taro, Cooked, With Salt",Vegetable,142.0,0.5,34.6,0.1,5.1,0.0,251.0,484.0,170543,sr_legacy_food
"Taro, Leaves, Cooked",Vegetable,24.0,2.7,3.9,0.4,2.0,0.0,238.0,460.0,170544,sr_legacy_food
"Tomato Juice, Canned, Without Salt Added",Vegetable,17.0,0.8,3.5,0.3,0.4,0.0,10.0,217.0,170545,sr_legacy_food
"Winged Bean, Immature Seeds, Cooked",Vegetable,37.0,5.3,3.2,0.7,0.0,0.0,240.0,274.0,170550,sr_legacy_food
"Seeds, Breadnut Tree Seeds, Raw",Nuts,217.0,6.0,46.3,1.0,0.0,0.0,31.0,1183.0,170552,sr_legacy_food
"Seeds, Breadnut Tree Seeds, Dried",Nuts,367.0,8.6,79.4,1.7,14.9,0.0,53.0,2011.0,170553,sr_legacy_food
"Seeds, Chia Seeds, Dried",Nuts,486.0,16.5,42.1,30.7,34.4,0.0,16.0,407.0,170554,sr_legacy_food
"Seeds, Cottonseed Flour, Partially Defatted (Glandless)",Nuts,359.0,41.0,40.5,6.2,3.0,0.0,35.0,1772.0,170555,sr_legacy_food
"Seeds, Pumpkin And Squash Seed Kernels, Dried",Nuts,559.0,30.2,10.7,49.0,6.0,0.0,7.0,809.0,170556,sr_legacy_food
"Seeds, Safflower Seed Kernels, Dried",Nuts,517.0,16.2,34.3,38.4,0.0,0.0,3.0,687.0,170558,sr_legacy_food
"Seeds, Safflower Seed Meal, Partially Defatted",Nuts,342.0,35.6,48.7,2.4,0.0,0.0,3.0,68.0,170559,sr_legacy_food
"Seeds, Sesame Flour, Low-Fat",Nuts,333.0,50.1,35.5,1.8,0.0,0.0,39.0,397.0,170560,sr_legacy_food
"Seeds, Sesame Meal, Partially Defatted",Nuts,567.0,17.0,26.0,48.0,0.0,0.0,39.0,406.0,170561,sr_legacy_food
"Seeds, Sunflower Seed Kernels, Dried",Nuts,584.0,20.8,20.0,51.5,8.6,0.0,9.0,645.0,170562,sr_legacy_food
"Nuts, Acorns, Dried",Nuts,509.0,8.1,53.7,31.4,0.0,0.0,0.0,709.0,170565,sr_legacy_food
"Nuts, Acorn Flour, Full Fat",Nuts,501.0,7.5,54.6,30.2,0.0,0.0,0.0,712.0,170566,sr_legacy_food
"Nuts, Almonds",Nuts,579.0,21.2,21.6,49.9,12.5,0.0,1.0,733.0,170567,sr_legacy_food
"Nuts, Almonds, Blanched",Nuts,590.0,21.4,18.7,52.5,9.9,0.0,19.0,659.0,170568,sr_legacy_food
"Nuts, Brazilnuts, Dried",Nuts,659.0,14.3,11.7,67.1,7.5,0.0,3.0,659.0,170569,sr_legacy_food
"Nuts, Butternuts, Dried",Nuts,612.0,24.9,12.0,57.0,4.7,0.0,1.0,421.0,170570,sr_legacy_food
"Nuts, Coconut Cream, Raw (Liquid Expressed From Grated Meat)",Nuts,330.0,3.6,6.6,34.7,2.2,0.0,4.0,325.0,170580,sr_legacy_food
"Nuts, Hazelnuts Or Filberts",Nuts,628.0,15.0,16.7,60.8,9.7,0.0,0.0,680.0,170581,sr_legacy_food
"Nuts, Hazelnuts Or Filberts, Blanched",Nuts,629.0,13.7,17.0,61.2,11.0,0.0,0.0,658.0,170582,sr_legacy_food
"Nuts, Hazelnuts Or Filberts, Dry Roasted",Nuts,646.0,15.0,17.6,62.4,9.4,0.0,0.0,755.0,170583,sr_legacy_food
"Nuts, Ginkgo Nuts, Raw",Nuts,182.0,4.3,37.6,1.7,0.0,0.0,7.0,510.0,170584,sr_legacy_food
"Nuts, Pilinuts, Dried",Nuts,719.0,10.8,4.0,79.6,0.0,0.0,3.0,507.0,170590,sr_legacy_food
"Nuts, Pine Nuts, Dried",Nuts,673.0,13.7,13.1,68.4,3.7,0.0,2.0,597.0,170591,sr_legacy_food
"Nuts, Pine Nuts, Pinyon",Nuts,629.0,11.6,19.3,61.0,10.7,0.0,72.0,628.0,170592,sr_legacy_food
"Nuts, Walnuts, Glazed",Nuts,500.0,8.3,47.6,35.7,3.6,0.0,446.0,232.0,170593,sr_legacy_food
"Nuts, Walnuts, Dry Roasted",Nuts,643.0,14.3,17.9,60.7,7.1,0.0,643.0,459.0,170594,sr_legacy_food
"Seeds, Breadfruit Seeds, Roasted",Nuts,207.0,6.2,40.1,2.7,6.0,0.0,28.0,1082.0,170595,sr_legacy_food
"Seeds, Cottonseed Kernels, Roasted (Glandless)",Nuts,506.0,32.6,21.9,36.3,5.5,0.0,25.0,1350.0,170596,sr_legacy_food
"Beef, Variety Meats And By-Products, Tripe",Protein,85.0,12.1,0.0,3.7,0.0,0.0,97.0,67.0,170599,sr_legacy_food
"Beef, Sandwich Steaks, Flaked",Protein,309.0,16.5,0.0,27.0,0.0,0.0,68.0,233.0,170600,sr_legacy_food
"Beef, Cured, Dried",Protein,153.0,31.1,2.8,1.9,0.0,0.0,2790.0,235.0,170604,sr_legacy_food
"Sausage, Beef, Cured",Protein,312.0,14.1,2.4,26.9,0.0,0.0,1131.0,176.0,170606,sr_legacy_food
"Beef, Chopped, Cured",Protein,133.0,20.2,1.9,4.4,0.0,0.0,1258.0,377.0,170607,sr_legacy_food
"Jams And Preserves, Apricot",Snacks,242.0,0.7,64.4,0.2,0.3,0.0,40.0,77.0,170645,sr_legacy_food
"Snacks, Corn Cakes, Very Low Sodium",Snacks,387.0,8.1,83.4,2.4,0.0,0.0,28.0,157.0,170647,sr_legacy_food
"Candies, Sugar-Coated Almonds",Snacks,465.0,10.0,68.3,17.9,2.5,0.0,13.0,255.0,170656,sr_legacy_food
"Cocoa, Dry Powder, Hi-Fat Or Breakfast",Snacks,479.0,16.8,49.7,23.7,33.9,0.0,20.0,2509.0,170657,sr_legacy_food
"Candies, Soft Fruit And Nut Squares",Snacks,390.0,2.3,73.8,9.5,2.4,0.0,131.0,82.0,170658,sr_legacy_food
"Ice Creams, Vanilla, Fat Free",Snacks,138.0,4.5,30.1,0.0,1.0,0.0,97.0,302.0,170659,sr_legacy_food
"Ice Creams, Breyers, All Natural Light French Vanilla",Snacks,173.0,4.8,26.0,5.6,0.2,0.0,73.0,0.0,170660,sr_legacy_food
"Ice Creams, Breyers, 98% Fat Free Vanilla",Snacks,137.0,3.3,30.5,2.2,5.4,0.0,73.0,0.0,170661,sr_legacy_food
"Ice Creams, Breyers, All Natural Light Vanilla Chocolate Strawberry",Snacks,161.0,4.7,26.1,4.4,0.4,0.0,69.0,0.0,170662,sr_legacy_food
"Ice Creams, Breyers, All Natural Light Mint Chocolate Chip",Snacks,196.0,4.7,28.4,7.1,0.6,0.0,67.0,0.0,170663,sr_legacy_food
"Frozen Novelties, Klondike, Slim-A-Bear Chocolate Cone",Snacks,224.0,4.1,45.3,4.1,4.3,0.0,159.0,0.0,170665,sr_legacy_food
"Frozen Novelties, Klondike, Slim-A-Bear Vanilla Sandwich",Snacks,239.0,3.9,42.8,5.8,4.3,0.0,191.0,0.0,170666,sr_legacy_food
"Frozen Novelties, Klondike, Slim-A-Bear",Snacks,242.0,5.2,26.0,13.0,3.9,0.0,86.0,0.0,170667,sr_legacy_food
"Candies, Reese'S Fast Break, Milk Chocolate",Snacks,495.0,8.9,63.9,23.2,3.6,0.0,321.0,257.0,170669,sr_legacy_food
"Candies, Mars Snackfood Us, Cocoavia Chocolate Covered Almonds",Snacks,573.0,9.5,50.2,37.1,10.4,0.0,9.0,0.0,170670,sr_legacy_food
"Sweeteners, For Baking, Brown",Snacks,388.0,0.0,97.1,0.0,0.0,0.0,11.0,130.0,170672,sr_legacy_food
"Sweeteners, For Baking, Contains Sugar And Sucralose",Snacks,398.0,0.0,99.5,0.0,0.0,0.0,2.0,2.0,170673,sr_legacy_food
"Sugar, Turbinado",Snacks,399.0,0.0,99.8,0.0,0.0,0.0,3.0,29.0,170674,sr_legacy_food
"Sweeteners, Sugar Substitute, Granulated",Snacks,347.0,2.1,84.8,0.0,0.6,0.0,572.0,39.0,170675,sr_legacy_food
"Candies, M&M Mars 3 Musketeers Truffle Crisp",Snacks,538.0,6.4,63.2,28.8,0.0,0.0,63.0,296.0,170676,sr_legacy_food
"Syrups, Chocolate, Hershey'S Sugar Free",Snacks,43.0,2.9,14.2,2.0,2.9,0.0,343.0,388.0,170677,sr_legacy_food
"Candies, M&M Mars Pretzel Chocolate Candies",Snacks,447.0,5.0,72.9,15.0,2.5,0.0,475.0,253.0,170678,sr_legacy_food
"Sweetener, Herbal Extract Powder From Stevia Leaf",Snacks,0.0,0.0,100.0,0.0,0.0,0.0,0.0,0.0,170679,sr_legacy_food
"Candies, Hersheys, Payday Bar",Snacks,490.0,13.4,52.9,25.0,3.8,0.0,231.0,725.0,170680,sr_legacy_food
"Syrup, Nestle, Chocolate",Snacks,269.0,0.0,67.2,0.0,0.0,0.0,150.0,122.0,170681,sr_legacy_food
"Amaranth Grain, Uncooked",Grain,371.0,13.6,65.2,7.0,6.7,0.0,4.0,508.0,170682,sr_legacy_food
"Amaranth Grain, Cooked",Grain,102.0,3.8,18.7,1.6,2.1,0.0,6.0,135.0,170683,sr_legacy_food
Arrowroot Flour,Grain,357.0,0.3,88.2,0.1,3.4,0.0,2.0,11.0,170684,sr_legacy_food
"Buckwheat Groats, Roasted, Dry",Grain,346.0,11.7,75.0,2.7,10.3,0.0,11.0,320.0,170685,sr_legacy_food
"Buckwheat Groats, Roasted, Cooked",Grain,92.0,3.4,19.9,0.6,2.7,0.0,4.0,88.0,170686,sr_legacy_food
"Buckwheat Flour, Whole-Groat",Grain,335.0,12.6,70.6,3.1,10.0,0.0,11.0,577.0,170687,sr_legacy_food
"Bulgur, Dry",Grain,342.0,12.3,75.9,1.3,12.5,0.0,17.0,410.0,170688,sr_legacy_food
"Fast Foods, Taco With Beef, Cheese And Lettuce",Fast Foods,226.0,8.9,19.8,12.7,3.9,0.0,397.0,209.0,170689,sr_legacy_food
"Fast Foods, Cheeseburger; Single, Regular Patty; Plain",Fast Foods,308.0,16.5,28.0,14.7,2.0,0.0,515.0,196.0,170690,sr_legacy_food
"Fast Foods, Cheeseburger; Single, Regular Patty",Fast Foods,270.0,13.5,25.5,12.9,1.9,0.0,628.0,184.0,170691,sr_legacy_food
"Fast Foods, Hamburger; Single, Regular Patty; Plain",Fast Foods,297.0,16.5,31.5,12.0,1.7,0.0,331.0,197.0,170693,sr_legacy_food
"Fast Foods, Hamburger; Single, Regular Patty; With Condiments",Fast Foods,263.0,13.3,29.6,10.2,1.8,0.0,487.0,197.0,170694,sr_legacy_food
"Fast Foods, Roast Beef Sandwich, Plain",Fast Foods,244.0,15.2,22.2,10.3,1.3,0.0,653.0,224.0,170695,sr_legacy_food
"Fast Foods, Submarine Sandwich, Cold Cut On White Bread With Lettuce And Tomato",Fast Foods,213.0,10.5,20.4,10.0,1.2,0.0,575.0,282.0,170696,sr_legacy_food
"Fast Foods, Onion Rings, Breaded And Fried",Fast Foods,411.0,3.9,43.6,25.2,2.7,0.0,776.0,167.0,170697,sr_legacy_food
"Fast Foods, Potato, French Fried In Vegetable Oil",Fast Foods,312.0,3.4,41.4,14.7,3.8,0.0,210.0,579.0,170698,sr_legacy_food
"Fast Foods, Potato, Mashed",Fast Foods,89.0,1.6,14.6,2.8,1.3,0.0,306.0,286.0,170699,sr_legacy_food
"Burger King, Vanilla Shake",Fast Foods,168.0,3.2,19.0,8.7,0.0,0.0,100.0,153.0,170700,sr_legacy_food
"School Lunch, Pizza, Big Daddy'S Ls 16"" 51% Whole Grain Rolled Edge Turkey Pepperoni Pizza",Fast Foods,248.0,13.6,27.4,9.3,4.1,0.0,450.0,293.0,170701,sr_legacy_food
"School Lunch, Pizza, Tony'S Smartpizza Whole Grain 4X6 Cheese Pizza 50/50 Cheese",Fast Foods,233.0,12.1,29.3,7.5,3.8,0.0,400.0,331.0,170702,sr_legacy_food
"School Lunch, Pizza, Tony'S Smartpizza Whole Grain 4X6 Pepperoni Pizza 50/50 Cheese",Fast Foods,238.0,12.1,28.8,8.2,4.1,0.0,470.0,363.0,170703,sr_legacy_food
"School Lunch, Pizza, Tony'S Breakfast Pizza Sausage",Fast Foods,240.0,10.4,27.0,10.0,2.0,0.0,600.0,229.0,170704,sr_legacy_food
"Subway, Sweet Onion Chicken Teriyaki Sub On White Bread With Lettuce, Tomato And Sweet Onion Sauce",Fast Foods,155.0,10.9,22.5,2.4,1.2,0.0,305.0,285.0,170705,sr_legacy_food
"Fast Foods, Submarine Sandwich, Turkey Breast On White Bread With Lettuce And Tomato",Fast Foods,147.0,9.1,22.4,2.3,1.3,0.0,317.0,253.0,170706,sr_legacy_food
"Fast Foods, Submarine Sandwich, Ham On White Bread With Lettuce And Tomato",Fast Foods,151.0,9.1,22.9,2.5,1.3,0.0,396.0,367.0,170707,sr_legacy_food
"Subway, Meatball Marinara Sub On White Bread (No Toppings)",Fast Foods,219.0,9.8,26.0,8.4,2.1,0.0,437.0,275.0,170708,sr_legacy_food
"Fast Foods, Submarine Sandwich, Meatball Marinara On White Bread",Fast Foods,219.0,9.8,26.0,8.4,2.1,0.0,437.0,275.0,170709,sr_legacy_food
"Fast Foods, Hamburger, Large",Fast Foods,256.0,15.7,22.1,11.6,1.1,0.0,374.0,225.0,170710,sr_legacy_food
"Subway, Turkey Breast Sub On White Bread With Lettuce And Tomato",Fast Foods,147.0,9.1,22.4,2.3,1.3,0.0,317.0,253.0,170711,sr_legacy_food
"Subway, Black Forest Ham Sub On White Bread With Lettuce And Tomato",Fast Foods,151.0,9.1,22.9,2.5,1.3,0.0,396.0,367.0,170712,sr_legacy_food
"Subway, Roast Beef Sub On White Bread With Lettuce And Tomato",Fast Foods,155.0,12.2,20.3,2.7,0.7,0.0,329.0,188.0,170713,sr_legacy_food
"Pizza, Cheese Topping, Rising Crust",Fast Foods,260.0,12.4,32.9,8.8,2.5,0.0,556.0,175.0,170714,sr_legacy_food
"Pizza, Meat And Vegetable Topping, Regular Crust",Fast Foods,276.0,11.3,25.1,14.4,2.2,0.0,555.0,209.0,170715,sr_legacy_food
"Pizza, Meat And Vegetable Topping, Rising Crust",Fast Foods,271.0,12.6,28.8,11.8,2.3,0.0,640.0,189.0,170716,sr_legacy_food
"Mcdonald'S, Hamburger",Fast Foods,264.0,12.9,30.3,10.1,1.3,0.0,494.0,192.0,170717,sr_legacy_food
"Fast Foods, Chicken, Breaded And Fried",Fast Foods,307.0,15.9,14.9,20.4,0.9,0.0,594.0,251.0,170718,sr_legacy_food
"Mcdonald'S, Quarter Pounder With Cheese",Fast Foods,258.0,14.6,20.0,14.2,1.4,0.0,579.0,219.0,170719,sr_legacy_food
"Mcdonald'S, Big Mac",Fast Foods,257.0,11.8,20.1,15.0,1.6,0.0,460.0,181.0,170720,sr_legacy_food
"Mcdonald'S, French Fries",Fast Foods,323.0,3.4,42.6,15.5,3.9,0.0,189.0,596.0,170721,sr_legacy_food
"Wendy'S, Classic Single Hamburger, No Cheese",Fast Foods,213.0,12.6,16.8,10.6,1.3,0.0,395.0,195.0,170722,sr_legacy_food
"Wendy'S, Homestyle Chicken Fillet Sandwich",Fast Foods,214.0,13.8,21.6,8.1,1.3,0.0,401.0,228.0,170723,sr_legacy_food
"Wendy'S, Ultimate Chicken Grill Sandwich",Fast Foods,179.0,14.7,18.9,5.0,1.1,0.0,427.0,221.0,170724,sr_legacy_food
"Wendy'S, Chicken Nuggets",Fast Foods,326.0,16.5,14.3,22.6,0.0,0.0,708.0,250.0,170725,sr_legacy_food
"Wendy'S, French Fries",Fast Foods,301.0,3.7,39.7,14.1,4.0,0.0,219.0,625.0,170726,sr_legacy_food
"Burger King, Whopper, No Cheese",Fast Foods,233.0,10.7,18.6,12.8,1.8,0.0,313.0,169.0,170727,sr_legacy_food
"Burger King, Whopper, With Cheese",Fast Foods,250.0,11.2,16.7,15.3,1.0,0.0,453.0,169.0,170728,sr_legacy_food
"Burger King, Double Whopper, No Cheese",Fast Foods,252.0,13.9,13.7,15.7,1.4,0.0,289.0,192.0,170729,sr_legacy_food
"Burger King, Double Whopper, With Cheese",Fast Foods,266.0,14.5,13.5,17.1,1.6,0.0,387.0,189.0,170730,sr_legacy_food
"Burger King, Chicken Strips",Fast Foods,292.0,18.2,20.5,15.2,1.3,0.0,859.0,315.0,170731,sr_legacy_food
"Taco Bell, Soft Taco With Chicken, Cheese And Lettuce",Fast Foods,189.0,13.3,19.7,6.4,1.2,0.0,613.0,217.0,170732,sr_legacy_food
"Taco Bell, Soft Taco With Steak",Fast Foods,225.0,11.8,17.2,12.1,1.6,0.0,551.0,183.0,170733,sr_legacy_food
"Taco Bell, Bean Burrito",Fast Foods,209.0,7.4,31.2,6.0,4.2,0.0,563.0,261.0,170734,sr_legacy_food
"Taco Bell, Burrito Supreme With Beef",Fast Foods,183.0,7.0,23.4,6.8,3.7,0.0,451.0,204.0,170735,sr_legacy_food
"Taco Bell, Taco Salad",Fast Foods,170.0,6.7,15.1,9.2,3.0,0.0,363.0,229.0,170736,sr_legacy_food
"Kfc, Popcorn Chicken",Fast Foods,351.0,17.7,21.2,21.7,1.0,0.0,1140.0,288.0,170737,sr_legacy_food
"Fast Foods, Grilled Chicken, Bacon And Tomato Club Sandwich",Fast Foods,220.0,17.2,19.9,8.0,1.2,0.0,630.0,226.0,170752,sr_legacy_food
"Fast Foods, Crispy Chicken, Bacon",Fast Foods,257.0,15.4,22.6,11.8,1.2,0.0,605.0,256.0,170753,sr_legacy_food
"Fast Foods, Fried Chicken, Skin And Breading From All Pieces",Fast Foods,398.0,14.1,19.6,29.2,0.3,0.0,965.0,230.0,170755,sr_legacy_food
"Digiorno Pizza, Cheese Topping, Thin Crispy Crust",Fast Foods,247.0,13.0,26.5,9.9,3.0,0.0,506.0,233.0,170758,sr_legacy_food
"Digiorno Pizza, Pepperoni Topping, Cheese Stuffed Crust",Fast Foods,279.0,13.9,29.5,11.7,2.1,0.0,753.0,179.0,170759,sr_legacy_food
"Digiorno Pizza, Pepperoni Topping, Rising Crust",Fast Foods,265.0,12.5,31.2,10.1,2.3,0.0,743.0,212.0,170760,sr_legacy_food
"Digiorno Pizza, Pepperoni Topping, Thin Crispy Crust",Fast Foods,283.0,13.2,28.7,12.9,2.8,0.0,663.0,268.0,170761,sr_legacy_food
"Fast Foods, Taco With Chicken, Lettuce And Cheese",Fast Foods,189.0,13.3,19.7,6.4,1.2,0.0,613.0,217.0,170764,sr_legacy_food
"Fast Foods, Quesadilla, With Chicken",Fast Foods,294.0,15.0,24.0,15.2,1.7,0.0,745.0,183.0,170765,sr_legacy_food
"Domino'S 14"" Sausage Pizza, Classic Hand-Tossed Crust",Fast Foods,273.0,11.1,31.8,11.2,2.4,0.0,594.0,183.0,170766,sr_legacy_food
"Domino'S 14"" Sausage Pizza, Ultimate Deep Dish Crust",Fast Foods,277.0,11.0,31.2,12.0,2.6,0.0,677.0,188.0,170767,sr_legacy_food
"Pizza Hut 14"" Sausage Pizza, Thin 'N Crispy Crust",Fast Foods,323.0,14.0,28.7,16.9,2.4,0.0,839.0,220.0,170768,sr_legacy_food
"Pizza Hut 14"" Sausage Pizza, Hand-Tossed Crust",Fast Foods,287.0,11.9,29.4,13.5,2.3,0.0,671.0,211.0,170769,sr_legacy_food
"Wend'Ys, Crispy Chicken Sandwich",Fast Foods,278.0,11.7,26.4,13.9,0.0,0.0,566.0,185.0,170770,sr_legacy_food
"Burger King, Onion Rings",Fast Foods,417.0,3.9,43.6,25.2,2.7,0.0,776.0,167.0,170771,sr_legacy_food
"Wendy'S, Dave'S Hot 'N Juicy 1/4 Lb, Single",Fast Foods,268.0,13.7,17.7,15.8,1.1,0.0,473.0,208.0,170772,sr_legacy_food
"Pizza Hut 14"" Cheese Pizza, Stuffed Crust",Fast Foods,274.0,12.2,30.0,11.6,1.7,0.0,615.0,229.0,170774,sr_legacy_food
"Fast Foods, Strawberry Banana Smoothie Made With Ice And Low-Fat Yogurt",Fast Foods,65.0,0.9,15.0,0.1,0.9,0.0,14.0,131.0,170775,sr_legacy_food
"Mcdonald'S, Southern Style Chicken Biscuit",Fast Foods,304.0,11.9,30.6,14.9,1.4,0.0,868.0,206.0,170776,sr_legacy_food
"Mcdonald'S, Ranch Snack Wrap, Crispy",Fast Foods,275.0,11.5,23.2,15.1,1.3,0.0,607.0,173.0,170777,sr_legacy_food
"Mcdonald'S, Ranch Snack Wrap, Grilled",Fast Foods,222.0,13.8,18.4,10.3,0.9,0.0,577.0,192.0,170778,sr_legacy_food
"School Lunch, Pizza, Cheese Topping",Fast Foods,254.0,14.6,28.1,9.3,2.9,0.0,421.0,303.0,170779,sr_legacy_food
"School Lunch, Pizza, Pepperoni Topping",Fast Foods,254.0,12.8,31.2,8.6,4.3,0.0,495.0,382.0,170780,sr_legacy_food
"School Lunch, Pizza, Sausage Topping",Fast Foods,250.0,12.6,32.2,7.8,3.9,0.0,457.0,385.0,170782,sr_legacy_food
"Wendy'S, Double Stack, With Cheese",Fast Foods,285.0,18.5,15.4,16.6,0.0,0.0,477.0,258.0,170784,sr_legacy_food
"Fast Foods, Crispy Chicken In Tortilla, With Lettuce",Fast Foods,275.0,11.5,23.2,15.1,1.3,0.0,607.0,173.0,170785,sr_legacy_food
"Fast Foods, Grilled Chicken In Tortilla, With Lettuce",Fast Foods,222.0,13.8,18.4,10.3,0.9,0.0,577.0,192.0,170786,sr_legacy_food
"Fast Foods, Breakfast Burrito, With Egg",Fast Foods,277.0,11.1,23.0,15.6,1.2,0.0,744.0,150.0,170787,sr_legacy_food
"Fast Foods, Breadstick, Soft",Fast Foods,343.0,12.2,44.5,12.9,2.4,0.0,539.0,132.0,170788,sr_legacy_food
"Pizza Hut, Breadstick, Parmesan Garlic",Fast Foods,343.0,12.2,44.5,12.9,2.4,0.0,539.0,132.0,170789,sr_legacy_food
"Chick-Fil-A, Chicken Sandwich",Fast Foods,249.0,16.3,20.9,11.2,1.4,0.0,753.0,245.0,170790,sr_legacy_food
"Arby'S, Roast Beef Sandwich, Classic",Fast Foods,242.0,15.2,22.2,10.3,1.3,0.0,653.0,224.0,170791,sr_legacy_food
"School Lunch, Chicken Patty, Whole Grain Breaded",Fast Foods,246.0,17.6,12.5,13.9,2.3,0.0,467.0,278.0,170794,sr_legacy_food
"School Lunch, Chicken Nuggets, Whole Grain Breaded",Fast Foods,270.0,15.7,22.9,12.9,2.2,0.0,511.0,231.0,170795,sr_legacy_food
"Beef, Chuck Eye Country-Style Ribs, Boneless",Protein,234.0,31.0,0.0,12.2,0.0,0.0,69.0,279.0,170797,sr_legacy_food
"Beef, Chuck Eye Steak, Boneless",Protein,209.0,27.9,0.0,10.8,0.0,0.0,75.0,380.0,170801,sr_legacy_food
"Beef, Chuck For Stew, Separable Lean And Fat",Protein,124.0,21.9,0.2,4.0,0.0,0.0,81.0,359.0,170809,sr_legacy_food
"Beef, Chuck, Under Blade Steak",Protein,222.0,30.9,0.0,10.9,0.0,0.0,65.0,312.0,170811,sr_legacy_food
"Beef, Rib Eye Roast, Bone-In",Protein,231.0,27.1,0.0,13.6,0.0,0.0,69.0,295.0,170836,sr_legacy_food
"Beef, Rib Eye Steak/Roast, Bone-In",Protein,155.0,21.6,0.0,7.6,0.0,0.0,63.0,281.0,170838,sr_legacy_food
"Beef, Rib Eye Steak/Roast, Boneless",Protein,156.0,22.0,0.0,7.5,0.0,0.0,56.0,276.0,170839,sr_legacy_food
"Beef, Rib Eye Roast, Boneless",Protein,229.0,27.9,0.0,13.0,0.0,0.0,54.0,319.0,170842,sr_legacy_food
"Cheese, Fontina",Dairy,389.0,25.6,1.6,31.1,0.0,0.0,800.0,64.0,170843,sr_legacy_food
"Cheese, Monterey",Dairy,373.0,24.5,0.7,30.3,0.0,0.0,600.0,81.0,170844,sr_legacy_food
"Cheese, Mozzarella, Whole Milk",Dairy,299.0,22.2,2.4,22.1,0.0,0.0,486.0,76.0,170845,sr_legacy_food
"Cheese, Mozzarella, Part Skim Milk",Dairy,254.0,24.3,2.8,15.9,0.0,0.0,619.0,84.0,170847,sr_legacy_food
"Cheese, Parmesan, Hard",Dairy,392.0,35.8,3.2,25.0,0.0,0.0,1175.0,92.0,170848,sr_legacy_food
"Cheese, Port De Salut",Dairy,352.0,23.8,0.6,28.2,0.0,0.0,534.0,136.0,170849,sr_legacy_food
"Cheese, Provolone",Dairy,351.0,25.6,2.1,26.6,0.0,0.0,727.0,138.0,170850,sr_legacy_food
"Cheese, Ricotta, Whole Milk",Dairy,150.0,7.5,7.3,10.2,0.0,0.0,110.0,219.0,170851,sr_legacy_food
"Cheese, Tilsit",Dairy,340.0,24.4,1.9,26.0,0.0,0.0,753.0,65.0,170852,sr_legacy_food
"Cheese, Pasteurized Process, Pimento",Dairy,375.0,22.1,1.7,31.2,0.1,0.0,915.0,162.0,170854,sr_legacy_food
"Cheese, Pasteurized Process, Swiss",Dairy,334.0,24.7,2.1,25.0,0.0,0.0,1370.0,216.0,170855,sr_legacy_food
"Cheese Food, Cold Pack, American",Dairy,331.0,19.7,8.3,24.5,0.0,0.0,966.0,363.0,170856,sr_legacy_food
"Cream, Fluid, Light (Coffee Cream Or Table Cream)",Dairy,195.0,3.0,3.7,19.1,0.0,0.0,72.0,136.0,170857,sr_legacy_food
"Cream, Fluid, Light Whipping",Dairy,292.0,2.2,3.0,30.9,0.0,0.0,34.0,97.0,170858,sr_legacy_food
"Cream, Fluid, Heavy Whipping",Dairy,340.0,2.8,2.8,36.1,0.0,0.0,27.0,95.0,170859,sr_legacy_food
"Cream, Whipped, Cream Topping",Dairy,257.0,3.2,12.5,22.2,0.0,0.0,8.0,147.0,170860,sr_legacy_food
"Milk, Filled, Fluid",Dairy,63.0,3.3,4.7,3.5,0.0,0.0,57.0,139.0,170861,sr_legacy_food
"Cheese, American, Nonfat Or Fat Free",Dairy,126.0,21.0,10.5,0.0,0.0,0.0,1316.0,393.0,170863,sr_legacy_food
"Yogurt, Greek, 2% Fat",Dairy,93.0,7.2,12.2,1.7,0.6,0.0,40.0,0.0,170864,sr_legacy_food
"Dessert Topping, Powdered",Dairy,577.0,4.9,52.5,39.9,0.0,0.0,122.0,166.0,170865,sr_legacy_food
"Dessert Topping, Powdered, 1.5 Ounce Prepared With 1/2 Cup Milk",Dairy,194.0,3.6,17.1,12.7,0.0,0.0,66.0,151.0,170866,sr_legacy_food
"Dessert Topping, Pressurized",Dairy,264.0,1.0,16.1,22.3,0.0,0.0,62.0,19.0,170867,sr_legacy_food
"Dessert Topping, Semi Solid, Frozen",Dairy,318.0,1.2,23.0,25.3,0.0,0.0,25.0,18.0,170868,sr_legacy_food
"Sour Cream, Imitation, Cultured",Dairy,208.0,2.4,6.6,19.5,0.0,0.0,102.0,161.0,170869,sr_legacy_food
"Milk, Reduced Fat, Fluid",Dairy,51.0,3.5,5.0,1.9,0.0,0.0,52.0,162.0,170870,sr_legacy_food
"Milk, Lowfat, Fluid",Dairy,42.0,3.4,5.0,1.0,0.0,0.0,44.0,150.0,170872,sr_legacy_food
"Milk, Low Sodium, Fluid",Dairy,61.0,3.1,4.5,3.5,0.0,0.0,3.0,253.0,170875,sr_legacy_food
"Milk, Dry, Whole",Dairy,496.0,26.3,38.4,26.7,0.0,0.0,371.0,1330.0,170876,sr_legacy_food
"Milk, Dry, Nonfat",Dairy,362.0,36.2,52.0,0.8,0.0,0.0,535.0,1794.0,170877,sr_legacy_food
"Milk, Canned, Evaporated",Dairy,78.0,7.6,11.4,0.2,0.0,0.0,115.0,332.0,170878,sr_legacy_food
"Milk, Chocolate, Fluid",Dairy,83.0,3.2,10.3,3.4,0.8,0.0,60.0,167.0,170879,sr_legacy_food
"Milk, Chocolate, Lowfat",Dairy,64.0,3.5,10.2,1.1,0.1,0.0,65.0,172.0,170881,sr_legacy_food
"Milk, Sheep, Fluid",Dairy,108.0,6.0,5.4,7.0,0.0,0.0,44.0,137.0,170882,sr_legacy_food
"Milk Shakes, Thick Chocolate",Dairy,119.0,3.0,21.2,2.7,0.3,0.0,111.0,224.0,170883,sr_legacy_food
"Milk Shakes, Thick Vanilla",Dairy,112.0,3.9,17.8,3.0,0.0,0.0,95.0,183.0,170884,sr_legacy_food
"Whey, Acid, Fluid",Dairy,24.0,0.8,5.1,0.1,0.0,0.0,48.0,143.0,170885,sr_legacy_food
"Yogurt, Plain, Low Fat",Dairy,63.0,5.2,7.0,1.6,0.0,0.0,70.0,234.0,170886,sr_legacy_food
"Yogurt, Plain, Skim Milk",Dairy,56.0,5.7,7.7,0.2,0.0,0.0,77.0,255.0,170887,sr_legacy_food
"Yogurt, Vanilla, Low Fat.",Dairy,85.0,4.9,13.8,1.2,0.0,0.0,66.0,219.0,170888,sr_legacy_food
"Yogurt, Fruit, Low Fat",Dairy,99.0,4.0,18.6,1.2,0.0,0.0,53.0,177.0,170889,sr_legacy_food
"Milk Dessert Bar, Frozen, Made From Lowfat Milk",Dairy,147.0,4.4,32.0,1.5,6.6,0.0,92.0,316.0,170890,sr_legacy_food
"Nutritional Supplement For People With Diabetes, Liquid",Dairy,88.0,4.4,11.9,3.1,2.2,0.0,92.0,176.0,170892,sr_legacy_food
"Egg, Whole, Raw",Dairy,138.0,11.0,0.8,10.1,0.0,0.0,3663.0,128.0,170893,sr_legacy_food
"Yogurt, Greek, Plain",Dairy,59.0,10.2,3.6,0.4,0.0,0.0,36.0,141.0,170894,sr_legacy_food
"Egg, White, Dried",Dairy,357.0,84.1,4.5,0.3,0.0,0.0,1299.0,884.0,170895,sr_legacy_food
"Cheese Spread, American Or Cheddar Cheese Base, Reduced Fat",Dairy,176.0,13.4,10.7,8.9,0.0,0.0,1102.0,250.0,170896,sr_legacy_food
"Cheese, Swiss, Nonfat Or Fat Free",Dairy,127.0,28.4,3.4,0.0,0.0,0.0,1000.0,111.0,170897,sr_legacy_food
"Cheese, Mexican, Queso Cotija",Dairy,366.0,20.0,4.0,30.0,0.0,0.0,1400.0,125.0,170898,sr_legacy_food
"Cheese, Cheddar, Sharp",Dairy,410.0,24.2,2.1,33.8,0.0,0.0,644.0,76.0,170899,sr_legacy_food
"Cheese, Mozzarella, Low Moisture",Dairy,304.0,23.6,8.1,19.7,0.0,0.0,682.0,131.0,170900,sr_legacy_food
"Yogurt, Greek, Strawberry",Dairy,82.0,8.0,12.1,0.2,0.6,0.0,33.0,132.0,170901,sr_legacy_food
"Yogurt, Greek, Vanilla",Dairy,78.0,8.6,10.4,0.2,0.5,0.0,34.0,123.0,170902,sr_legacy_food
"Kefir, Lowfat, Plain",Dairy,43.0,3.8,4.8,1.0,0.0,0.0,40.0,164.0,170904,sr_legacy_food
"Yogurt, Greek, Fruit",Dairy,106.0,7.3,12.3,3.0,0.0,0.0,37.0,113.0,170905,sr_legacy_food
"Yogurt, Vanilla, Non-Fat",Dairy,78.0,2.9,17.0,0.0,0.0,0.0,47.0,141.0,170906,sr_legacy_food
"Yogurt, Frozen, Flavors Other Than Chocolate",Dairy,139.0,8.0,21.0,2.5,0.0,0.0,45.0,108.0,170908,sr_legacy_food
"Ice Cream, Lowfat, No Sugar Added",Dairy,265.0,5.3,40.0,9.3,9.3,0.0,113.0,213.0,170911,sr_legacy_food
"Yogurt, Greek, Nonfat",Dairy,80.0,7.4,12.1,0.2,0.8,0.0,31.0,128.0,170913,sr_legacy_food
"Yogurt, Greek, Blueberry",Dairy,82.0,7.2,12.8,0.2,0.5,0.0,32.0,128.0,170914,sr_legacy_food
"Spices, Bay Leaf",Herbs & Spices,313.0,7.6,75.0,8.4,26.3,0.0,23.0,529.0,170917,sr_legacy_food
"Spices, Caraway Seed",Herbs & Spices,333.0,19.8,49.9,14.6,38.0,0.0,17.0,1351.0,170918,sr_legacy_food
"Spices, Cardamom",Herbs & Spices,311.0,10.8,68.5,6.7,28.0,0.0,18.0,1119.0,170919,sr_legacy_food
"Spices, Celery Seed",Herbs & Spices,392.0,18.1,41.4,25.3,11.8,0.0,160.0,1400.0,170920,sr_legacy_food
"Spices, Coriander Leaf, Dried",Herbs & Spices,279.0,21.9,52.1,4.8,10.4,0.0,211.0,4466.0,170921,sr_legacy_food
"Spices, Coriander Seed",Herbs & Spices,298.0,12.4,55.0,17.8,41.9,0.0,35.0,1267.0,170922,sr_legacy_food
"Spices, Cumin Seed",Herbs & Spices,375.0,17.8,44.2,22.3,10.5,0.0,168.0,1788.0,170923,sr_legacy_food
"Spices, Curry Powder",Herbs & Spices,325.0,14.3,55.8,14.0,53.2,0.0,52.0,1170.0,170924,sr_legacy_food
"Spices, Dill Seed",Herbs & Spices,305.0,16.0,55.2,14.5,21.1,0.0,20.0,1186.0,170925,sr_legacy_food
"Spices, Ginger, Ground",Herbs & Spices,335.0,9.0,71.6,4.2,14.1,0.0,27.0,1320.0,170926,sr_legacy_food
"Spices, Mace, Ground",Herbs & Spices,475.0,6.7,50.5,32.4,20.2,0.0,80.0,463.0,170927,sr_legacy_food
"Spices, Marjoram, Dried",Herbs & Spices,271.0,12.7,60.6,7.0,40.3,0.0,77.0,1522.0,170928,sr_legacy_food
"Spices, Mustard Seed, Ground",Herbs & Spices,508.0,26.1,28.1,36.2,12.2,0.0,13.0,738.0,170929,sr_legacy_food
"Spices, Parsley, Dried",Herbs & Spices,292.0,26.6,50.6,5.5,26.7,0.0,452.0,2683.0,170930,sr_legacy_food
"Spices, Pepper, Black",Herbs & Spices,251.0,10.4,64.0,3.3,25.3,0.0,20.0,1329.0,170931,sr_legacy_food
"Spices, Pepper, Red Or Cayenne",Herbs & Spices,318.0,12.0,56.6,17.3,27.2,0.0,30.0,2014.0,170932,sr_legacy_food
"Spices, Pepper, White",Herbs & Spices,296.0,10.4,68.6,2.1,26.2,0.0,5.0,73.0,170933,sr_legacy_food
"Spices, Saffron",Herbs & Spices,310.0,11.4,65.4,5.8,3.9,0.0,148.0,1724.0,170934,sr_legacy_food
"Spices, Sage, Ground",Herbs & Spices,315.0,10.6,60.7,12.8,40.3,0.0,11.0,1070.0,170935,sr_legacy_food
"Spices, Savory, Ground",Herbs & Spices,272.0,6.7,68.7,5.9,45.7,0.0,24.0,1051.0,170936,sr_legacy_food
"Spices, Tarragon, Dried",Herbs & Spices,295.0,22.8,50.2,7.2,7.4,0.0,62.0,3020.0,170937,sr_legacy_food
"Spices, Thyme, Dried",Herbs & Spices,276.0,9.1,63.9,7.4,37.0,0.0,55.0,814.0,170938,sr_legacy_food
"Babyfood, Vegetables, Peas",Baby Foods,50.0,3.3,8.4,0.4,2.0,0.0,5.0,106.0,170939,sr_legacy_food
"Babyfood, Peas, Dices",Baby Foods,64.0,3.9,10.3,0.8,3.9,0.0,48.0,81.0,170940,sr_legacy_food
"Babyfood, Vegetables, Spinach",Baby Foods,37.0,2.5,5.7,1.3,1.8,0.0,49.0,191.0,170941,sr_legacy_food
"Babyfood, Fruit, Apricot With Tapioca",Baby Foods,63.0,0.3,17.3,0.0,1.5,0.0,0.0,125.0,170942,sr_legacy_food
"Babyfood, Fruit, Pears",Baby Foods,44.0,0.3,11.6,0.1,2.8,0.0,1.0,115.0,170943,sr_legacy_food
"Babyfood, Fruit, Plums With Tapioca",Baby Foods,71.0,0.1,19.7,0.0,1.2,0.0,0.0,85.0,170944,sr_legacy_food
"Babyfood, Fruit, Prunes With Tapioca",Baby Foods,69.0,0.6,18.5,0.1,2.7,0.0,5.0,177.0,170946,sr_legacy_food
"Babyfood, Fruit, Applesauce And Apricots",Baby Foods,44.0,0.2,11.6,0.2,1.8,0.0,0.0,120.0,170947,sr_legacy_food
"Babyfood, Fruit, Applesauce And Cherries",Baby Foods,51.0,0.0,14.1,0.0,1.1,0.0,1.0,132.0,170949,sr_legacy_food
"Babyfood, Fruit, Applesauce With Banana",Baby Foods,66.0,0.4,16.2,0.1,1.6,0.0,3.0,131.0,170951,sr_legacy_food
"Babyfood, Fruit And Vegetable, Apple And Sweet Potato",Baby Foods,64.0,0.3,15.3,0.2,1.4,0.0,3.0,149.0,170952,sr_legacy_food
"Babyfood, Fruit, Bananas And Pineapple With Tapioca",Baby Foods,68.0,0.2,18.4,0.1,1.6,0.0,0.0,78.0,170953,sr_legacy_food
"Babyfood, Fruit, Pears And Pineapple",Baby Foods,41.0,0.3,10.9,0.1,2.6,0.0,0.0,116.0,170955,sr_legacy_food
"Babyfood, Fruit, Bananas With Apples And Pears",Baby Foods,83.0,0.9,19.3,0.2,1.4,0.0,2.0,233.0,170956,sr_legacy_food
"Babyfood, Fruit, Apple And Blueberry",Baby Foods,61.0,0.2,16.3,0.2,1.8,0.0,1.0,69.0,170957,sr_legacy_food
"Babyfood, Juice, Apple",Baby Foods,47.0,0.0,11.7,0.1,0.1,0.0,8.0,91.0,170959,sr_legacy_food
"Babyfood, Juice, Orange And Apple And Banana",Baby Foods,47.0,0.4,11.5,0.1,0.1,0.0,0.0,134.0,170960,sr_legacy_food
"Babyfood, Juice, Orange And Apricot",Baby Foods,46.0,0.8,10.9,0.1,0.1,0.0,6.0,199.0,170961,sr_legacy_food
"Babyfood, Juice, Orange And Banana",Baby Foods,50.0,0.7,11.9,0.1,0.0,0.0,3.0,200.0,170962,sr_legacy_food
"Babyfood, Juice, Orange And Pineapple",Baby Foods,48.0,0.5,11.7,0.1,0.1,0.0,2.0,141.0,170963,sr_legacy_food
"Babyfood, Cereal, Mixed",Baby Foods,399.0,6.7,78.2,6.7,6.7,0.0,33.0,467.0,170964,sr_legacy_food
"Babyfood, Cereal, Oatmeal",Baby Foods,391.0,13.5,69.3,7.0,0.0,0.0,47.0,259.0,170968,sr_legacy_food
"Babyfood, Cereal, Rice",Baby Foods,390.0,6.6,83.1,2.2,1.3,0.0,32.0,281.0,170969,sr_legacy_food
"Babyfood, Cereal, With Egg Yolks",Baby Foods,51.0,1.9,7.0,1.8,0.9,0.0,33.0,39.0,170971,sr_legacy_food
"Babyfood, Crackers, Vegetable",Baby Foods,477.0,8.4,66.8,19.6,4.0,0.0,633.0,245.0,170972,sr_legacy_food
"Babyfood, Cereal, High Protein",Baby Foods,374.0,25.4,57.6,6.5,7.1,0.0,104.0,1330.0,170973,sr_legacy_food
"Babyfood, Cookies",Baby Foods,433.0,11.8,67.1,13.2,0.2,0.0,300.0,501.0,170975,sr_legacy_food
"Babyfood, Dessert, Dutch Apple",Baby Foods,75.0,0.2,19.7,0.4,1.4,0.0,0.0,33.0,170976,sr_legacy_food
"Babyfood, Cherry Cobbler, Junior",Baby Foods,78.0,0.3,19.2,0.1,0.2,0.0,0.0,45.0,170978,sr_legacy_food
"Babyfood, Dessert, Cherry Vanilla Pudding",Baby Foods,68.0,0.2,17.8,0.3,0.3,0.0,0.0,34.0,170979,sr_legacy_food
"Babyfood, Dessert, Peach Melba",Baby Foods,60.0,0.2,16.5,0.0,0.0,0.0,9.0,83.0,170980,sr_legacy_food
"Babyfood, Dessert, Fruit Pudding",Baby Foods,81.0,1.3,20.3,0.3,0.7,0.0,0.0,81.0,170982,sr_legacy_food
"Babyfood, Dessert, Fruit Dessert",Baby Foods,59.0,0.3,16.0,0.0,0.6,0.0,0.0,94.0,170983,sr_legacy_food
"Babyfood, Juice, Fruit Punch",Baby Foods,52.0,0.2,12.7,0.1,0.4,0.0,4.0,86.0,170984,sr_legacy_food
"Babyfood, Yogurt, Whole Milk",Baby Foods,98.0,3.4,13.2,3.5,0.3,0.0,41.0,149.0,170987,sr_legacy_food
"Infant Formula, Abbott Nutrition, Alimentum Advance",Baby Foods,517.0,14.0,51.9,28.2,0.0,0.0,224.0,598.0,170988,sr_legacy_food
"Babyfood, Mashed Cheddar Potatoes And Broccoli, Toddlers",Baby Foods,48.0,1.1,7.5,1.5,1.2,0.0,176.0,118.0,170989,sr_legacy_food
"Infant Formula, Nestle, Good Start Soy",Baby Foods,132.0,3.3,14.7,6.7,0.0,0.0,53.0,154.0,170991,sr_legacy_food
"Toddler Formula, Mead Johnson, Enfagrow",Baby Foods,505.0,12.9,52.8,26.9,0.0,0.0,179.0,650.0,170992,sr_legacy_food
"Toddler Formula, Mead Johnson, Enfagrow Premium (Formerly Enfamil",Baby Foods,64.0,1.8,7.2,3.6,0.0,0.0,25.0,89.0,170993,sr_legacy_food
"Babyfood, Fruit, Banana And Strawberry",Baby Foods,109.0,0.7,25.8,0.4,1.4,0.0,1.0,395.0,170998,sr_legacy_food
"Babyfood, Banana With Mixed Berries, Strained",Baby Foods,92.0,1.0,21.3,0.4,1.0,0.0,0.0,283.0,170999,sr_legacy_food
"Babyfood, Multigrain Whole Grain Cereal, Dry Fortified",Baby Foods,407.0,6.7,80.1,6.7,6.7,0.0,33.0,467.0,171000,sr_legacy_food
"Babyfood, Baby Mum Mum Rice Biscuits",Baby Foods,391.0,12.5,83.2,0.9,0.0,0.0,313.0,504.0,171001,sr_legacy_food
"Salad Dressing, Kraft Mayo Light Mayonnaise",Fats & Oils,334.0,0.6,8.5,32.9,0.1,0.0,633.0,52.0,171002,sr_legacy_food
"Salad Dressing, Kraft Mayo Fat Free Mayonnaise Dressing",Fats & Oils,64.0,0.2,15.8,0.0,2.0,0.0,750.0,50.0,171003,sr_legacy_food
"Salad Dressing, Kraft Miracle Whip Free Nonfat Dressing",Fats & Oils,84.0,0.2,15.5,2.7,1.9,0.0,788.0,49.0,171004,sr_legacy_food
"Salad Dressing, Russian Dressing",Fats & Oils,355.0,0.7,31.9,26.2,0.7,0.0,1133.0,173.0,171005,sr_legacy_food
"Salad Dressing, Sesame Seed Dressing, Regular",Fats & Oils,443.0,3.1,8.6,45.2,1.0,0.0,1000.0,157.0,171006,sr_legacy_food
"Salad Dressing, Russian Dressing, Low Calorie",Fats & Oils,141.0,0.5,27.6,4.0,0.3,0.0,868.0,157.0,171007,sr_legacy_food
"Salad Dressing, Thousand Island Dressing, Reduced Fat",Fats & Oils,195.0,0.8,24.1,11.3,1.2,0.0,955.0,202.0,171008,sr_legacy_food
"Salad Dressing, Mayonnaise, Regular",Fats & Oils,680.0,1.0,0.6,74.8,0.0,0.0,635.0,20.0,171009,sr_legacy_food
"Salad Dressing, Mayonnaise, Soybean And Safflower Oil",Fats & Oils,717.0,1.1,2.7,79.4,0.0,0.0,568.0,34.0,171010,sr_legacy_food
"Shortening, Household, Soybean (Partially Hydrogenated)-Cottonseed (Partially Hydrogenated)",Fats & Oils,884.0,0.0,0.0,100.0,0.0,0.0,0.0,0.0,171011,sr_legacy_food
"Oil, Soybean, Salad Or Cooking",Fats & Oils,884.0,0.0,0.0,100.0,0.0,0.0,0.0,0.0,171012,sr_legacy_food
"Oil, Rice Bran",Fats & Oils,884.0,0.0,0.0,100.0,0.0,0.0,0.0,0.0,171013,sr_legacy_food
"Oil, Wheat Germ",Fats & Oils,884.0,0.0,0.0,100.0,0.0,0.0,0.0,0.0,171014,sr_legacy_food
"Oil, Palm",Fats & Oils,884.0,0.0,0.0,100.0,0.0,0.0,0.0,0.0,171015,sr_legacy_food
"Oil, Sesame, Salad Or Cooking",Fats & Oils,884.0,0.0,0.0,100.0,0.0,0.0,0.0,0.0,171016,sr_legacy_food
"Oil, Sunflower, Linoleic (Less Than 60%)",Fats & Oils,884.0,0.0,0.0,100.0,0.0,0.0,0.0,0.0,171017,sr_legacy_food
"Margarine, Regular, Hard",Fats & Oils,719.0,0.9,0.9,80.5,0.0,0.0,943.0,42.0,171018,sr_legacy_food
"Salad Dressing, Italian Dressing, Commercial",Fats & Oils,240.0,0.4,12.1,21.1,0.0,0.0,993.0,84.0,171019,sr_legacy_food
"Salad Dressing, French Dressing, Commercial",Fats & Oils,459.0,0.8,15.6,44.8,0.0,0.0,0.0,67.0,171020,sr_legacy_food
"Salad Dressing, French Dressing, Reduced Fat",Fats & Oils,233.0,0.6,29.3,13.5,1.1,0.0,30.0,107.0,171021,sr_legacy_food
"Salad Dressing, Italian Dressing, Reduced Fat",Fats & Oils,76.0,0.5,4.6,6.4,0.0,0.0,30.0,85.0,171023,sr_legacy_food
"Oil, Cottonseed, Salad Or Cooking",Fats & Oils,884.0,0.0,0.0,100.0,0.0,0.0,0.0,0.0,171024,sr_legacy_food
"Oil, Sunflower, Linoleic",Fats & Oils,884.0,0.0,0.0,100.0,0.0,0.0,0.0,0.0,171025,sr_legacy_food
"Oil, Safflower, Salad Or Cooking",Fats & Oils,884.0,0.0,0.0,100.0,0.0,0.0,0.0,0.0,171026,sr_legacy_food
"Oil, Grapeseed",Fats & Oils,884.0,0.0,0.0,100.0,0.0,0.0,0.0,0.0,171028,sr_legacy_food
"Oil, Corn, Industrial And Retail",Fats & Oils,900.0,0.0,0.0,100.0,0.0,0.0,0.0,0.0,171029,sr_legacy_food
"Oil, Walnut",Fats & Oils,884.0,0.0,0.0,100.0,0.0,0.0,0.0,0.0,171030,sr_legacy_food
"Oil, Almond",Fats & Oils,884.0,0.0,0.0,100.0,0.0,0.0,0.0,0.0,171031,sr_legacy_food
"Oil, Apricot Kernel",Fats & Oils,884.0,0.0,0.0,100.0,0.0,0.0,0.0,0.0,171032,sr_legacy_food
"Oil, Vegetable, Natreon Canola",Fats & Oils,884.0,0.0,0.0,100.0,0.0,0.0,0.0,0.0,171033,sr_legacy_food
"Salad Dressing, Honey Mustard Dressing, Reduced Calorie",Fats & Oils,207.0,1.0,28.3,10.0,0.8,0.0,701.0,55.0,171034,sr_legacy_food
"Margarine-Like Spread, Benecol Light Spread",Fats & Oils,357.0,0.0,5.7,38.7,0.0,0.0,670.0,4.0,171035,sr_legacy_food
"Salad Dressing, Spray-Style Dressing, Assorted Flavors",Fats & Oils,165.0,0.2,16.6,10.8,0.3,0.0,1102.0,0.0,171036,sr_legacy_food
"Salad Dressing, Mayonnaise, Light",Fats & Oils,333.0,1.5,9.4,34.2,0.2,0.0,848.0,63.0,171037,sr_legacy_food
"Margarine-Like, Vegetable Oil Spread, 60% Fat",Fats & Oils,533.0,0.2,0.9,59.8,0.0,0.0,785.0,30.0,171038,sr_legacy_food
"Margarine-Like Vegetable-Oil Spread, Stick/Tub/Bottle, 60% Fat",Fats & Oils,535.0,0.6,0.0,59.2,0.0,0.0,785.0,30.0,171039,sr_legacy_food
"Margarine, Regular, 80% Fat",Fats & Oils,717.0,0.2,0.7,80.7,0.0,0.0,2.0,18.0,171040,sr_legacy_food
"Oil, Industrial, Canola",Fats & Oils,900.0,0.0,0.0,100.0,0.0,0.0,0.0,0.0,171042,sr_legacy_food
"Salad Dressing, Honey Mustard, Regular",Fats & Oils,464.0,0.9,23.3,40.8,0.4,0.0,512.0,20.0,171043,sr_legacy_food
"Salad Dressing, Poppyseed, Creamy",Fats & Oils,399.0,0.9,23.7,33.3,0.3,0.0,933.0,61.0,171044,sr_legacy_food
"Salad Dressing, Caesar, Fat-Free",Fats & Oils,131.0,1.5,30.7,0.2,0.2,0.0,1265.0,48.0,171045,sr_legacy_food
"Dressing, Honey Mustard, Fat-Free",Fats & Oils,169.0,1.1,38.4,1.5,1.2,0.0,1004.0,69.0,171046,sr_legacy_food
"Chicken, Broilers Or Fryers, Meat And Skin And Giblets And Neck",Protein,213.0,18.3,0.1,14.8,0.0,0.0,70.0,189.0,171047,sr_legacy_food
"Chicken, Broilers Or Fryers, Meat And Skin",Protein,219.0,24.7,0.0,12.6,0.0,0.0,67.0,166.0,171051,sr_legacy_food
"Chicken, Broilers Or Fryers, Meat Only",Protein,119.0,21.4,0.0,3.1,0.0,0.0,77.0,229.0,171052,sr_legacy_food
"Chicken, Broilers Or Fryers, Skin Only",Protein,454.0,20.4,0.0,40.7,0.0,0.0,65.0,136.0,171055,sr_legacy_food
"Chicken, Broilers Or Fryers, Giblets",Protein,124.0,17.9,1.8,4.5,0.0,0.0,77.0,228.0,171057,sr_legacy_food
"Chicken, Heart, All Classes",Protein,185.0,26.4,0.1,7.9,0.0,0.0,48.0,132.0,171059,sr_legacy_food
"Chicken, Liver, All Classes",Protein,119.0,16.9,0.7,4.8,0.0,0.0,71.0,230.0,171060,sr_legacy_food
"Chicken, Broilers Or Fryers, Light Meat",Protein,186.0,20.3,0.0,11.1,0.0,0.0,65.0,204.0,171062,sr_legacy_food
"Chicken, Broilers Or Fryers, Dark Meat",Protein,298.0,21.8,9.4,18.6,0.0,0.0,295.0,185.0,171063,sr_legacy_food
"Chicken, Broilers Or Fryers, Back",Protein,300.0,26.0,0.0,21.0,0.0,0.0,87.0,210.0,171071,sr_legacy_food
"Chicken, Broilers Or Fryers, Breast",Protein,197.0,29.8,0.0,7.8,0.0,0.0,71.0,245.0,171075,sr_legacy_food
"Chicken, Broiler Or Fryers, Breast",Protein,120.0,22.5,0.0,2.6,0.0,0.0,45.0,334.0,171077,sr_legacy_food
"Squab, (Pigeon), Meat Only",Protein,142.0,17.5,0.0,7.5,0.0,0.0,51.0,237.0,171079,sr_legacy_food
"Squab, (Pigeon), Light Meat Without Skin",Protein,134.0,21.8,0.0,4.5,0.0,0.0,55.0,260.0,171080,sr_legacy_food
"Turkey, Whole, Meat And Skin",Protein,144.0,21.6,0.1,5.6,0.0,0.0,112.0,224.0,171081,sr_legacy_food
"Turkey, Whole, Skin (Light And Dark)",Protein,459.0,23.9,0.6,39.3,0.0,0.0,116.0,242.0,171082,sr_legacy_food
"Turkey, Whole, Giblets",Protein,124.0,18.2,0.1,5.1,0.0,0.0,136.0,198.0,171083,sr_legacy_food
"Turkey, Gizzard, All Classes",Protein,111.0,18.8,0.0,3.4,0.0,0.0,147.0,185.0,171085,sr_legacy_food
"Turkey, Whole, Neck",Protein,125.0,16.5,0.0,6.0,0.0,0.0,233.0,133.0,171086,sr_legacy_food
"Turkey, Whole, Light Meat",Protein,161.0,22.0,0.2,7.4,0.0,0.0,105.0,223.0,171088,sr_legacy_food
"Turkey, Whole, Dark Meat",Protein,108.0,21.3,0.2,2.5,0.0,0.0,124.0,226.0,171090,sr_legacy_food
"Turkey, All Classes, Back",Protein,244.0,26.6,0.2,14.4,0.0,0.0,73.0,260.0,171092,sr_legacy_food
"Turkey, All Classes, Breast",Protein,157.0,21.9,0.0,7.0,0.0,0.0,59.0,275.0,171093,sr_legacy_food
"Turkey, All Classes, Wing",Protein,229.0,27.4,0.0,12.4,0.0,0.0,61.0,266.0,171094,sr_legacy_food
"Turkey, Fryer-Roasters, Meat And Skin",Protein,172.0,28.3,0.0,5.7,0.0,0.0,66.0,250.0,171095,sr_legacy_food
"Turkey, Whole, Back",Protein,113.0,21.3,0.2,2.5,0.0,0.0,124.0,226.0,171096,sr_legacy_food
"Turkey, Whole, Breast",Protein,114.0,23.7,0.1,1.5,0.0,0.0,113.0,242.0,171098,sr_legacy_food
"Chicken, Canned, Meat Only",Protein,165.0,21.8,0.0,8.0,0.0,0.0,503.0,138.0,171099,sr_legacy_food
"Pate De Foie Gras, Canned (Goose Liver Pate), Smoked",Protein,462.0,11.4,4.7,43.8,0.0,0.0,697.0,138.0,171100,sr_legacy_food
"Turkey, Canned, Meat Only",Protein,169.0,23.7,1.5,6.9,0.0,0.0,518.0,224.0,171101,sr_legacy_food
"Turkey, Diced, Light And Dark Meat",Protein,138.0,18.7,1.0,6.0,0.0,0.0,850.0,310.0,171102,sr_legacy_food
"Turkey Sticks, Breaded, Battered",Protein,279.0,14.2,17.0,16.9,0.0,0.0,838.0,260.0,171103,sr_legacy_food
"Poultry, Mechanically Deboned, From Backs And Necks With Skin",Protein,272.0,11.4,0.0,24.7,0.0,0.0,40.0,104.0,171104,sr_legacy_food
"Poultry, Mechanically Deboned, From Backs And Necks Without Skin",Protein,199.0,13.8,0.0,15.5,0.0,0.0,51.0,128.0,171105,sr_legacy_food
"Poultry, Mechanically Deboned, From Mature Hens",Protein,243.0,14.7,0.0,20.0,0.0,0.0,40.0,104.0,171106,sr_legacy_food
"Chicken, Cornish Game Hens, Meat And Skin",Protein,259.0,22.3,0.0,18.2,0.0,0.0,64.0,245.0,171107,sr_legacy_food
"Chicken, Cornish Game Hens, Meat Only",Protein,116.0,20.0,0.0,3.3,0.0,0.0,68.0,269.0,171108,sr_legacy_food
"Chicken, Canned, No Broth",Protein,185.0,25.3,0.9,8.1,0.0,0.0,482.0,153.0,171110,sr_legacy_food
"Chicken, Wing, Frozen",Protein,211.0,19.7,3.3,12.7,0.6,0.0,615.0,190.0,171111,sr_legacy_food
"Duck, Young Duckling, Domesticated",Protein,217.0,26.8,0.0,11.4,0.0,0.0,110.0,0.0,171112,sr_legacy_food
"Chicken, Broiler, Rotisserie",Protein,172.0,27.7,0.0,6.8,0.0,0.0,403.0,291.0,171114,sr_legacy_food
"Chicken, Ground, Raw",Protein,143.0,17.4,0.0,8.1,0.0,0.0,60.0,522.0,171116,sr_legacy_food
"Chicken, Ground, Crumbles",Protein,189.0,23.3,0.0,10.9,0.0,0.0,75.0,677.0,171117,sr_legacy_food
"Chicken, Feet, Boiled",Protein,215.0,19.4,0.2,14.6,0.0,0.0,67.0,31.0,171119,sr_legacy_food
"Chicken, Broilers Or Fryers, Rotisserie",Protein,196.0,24.1,0.0,11.1,0.0,0.0,337.0,264.0,171120,sr_legacy_food
"Turkey, Drumstick, From Whole Bird",Protein,158.0,26.1,0.0,6.0,0.0,0.0,201.0,227.0,171128,sr_legacy_food
"Turkey, Thigh, From Whole Bird",Protein,115.0,19.3,0.2,4.1,0.0,0.0,167.0,226.0,171129,sr_legacy_food
"Turkey, Retail Parts, Breast",Protein,144.0,20.8,0.0,6.8,0.0,0.0,126.0,221.0,171130,sr_legacy_food
"Turkey, Retail Parts, Wing",Protein,202.0,19.5,0.0,13.8,0.0,0.0,67.0,192.0,171132,sr_legacy_food
"Turkey, Retail Parts, Drumstick",Protein,141.0,20.0,0.0,6.8,0.0,0.0,86.0,208.0,171134,sr_legacy_food
"Turkey, Retail Parts, Thigh",Protein,183.0,24.0,0.4,9.5,0.0,0.0,101.0,273.0,171137,sr_legacy_food
"Turkey, Back, From Whole Bird",Protein,206.0,16.9,0.2,15.4,0.0,0.0,157.0,185.0,171138,sr_legacy_food
"Soup, Black Bean, Canned",Soups & Sauces,91.0,4.8,15.4,1.3,6.8,0.0,970.0,250.0,171141,sr_legacy_food
"Soup, Bean With Pork, Canned",Soups & Sauces,129.0,5.9,17.0,4.4,5.9,0.0,672.0,375.0,171142,sr_legacy_food
"Soup, Bean With Frankfurters, Canned",Soups & Sauces,142.0,7.6,16.8,5.3,4.6,0.0,831.0,363.0,171143,sr_legacy_food
"Soup, Bean With Ham, Canned",Soups & Sauces,95.0,5.2,11.2,3.5,4.6,0.0,400.0,175.0,171144,sr_legacy_food
"Soup, Chicken, Canned",Soups & Sauces,71.0,5.1,6.9,2.6,0.6,0.0,354.0,70.0,171145,sr_legacy_food
"Soup, Cream Of Chicken, Canned",Soups & Sauces,90.0,2.4,7.2,5.8,0.0,0.0,702.0,49.0,171146,sr_legacy_food
"Soup, Chicken Gumbo, Canned",Soups & Sauces,45.0,2.1,6.7,1.1,1.6,0.0,693.0,60.0,171147,sr_legacy_food
"Soup, Chunky Chicken Noodle, Canned",Soups & Sauces,41.0,3.1,4.5,1.2,0.8,0.0,306.0,117.0,171148,sr_legacy_food
"Soup, Chicken Vegetable, Canned",Soups & Sauces,61.0,2.9,7.0,2.3,0.7,0.0,706.0,126.0,171149,sr_legacy_food
"Soup, Chili Beef, Canned",Soups & Sauces,117.0,5.1,18.9,2.5,2.5,0.0,788.0,400.0,171150,sr_legacy_food
"Soup, Clam Chowder, Manhattan Style",Soups & Sauces,56.0,3.0,7.8,1.4,1.2,0.0,417.0,160.0,171151,sr_legacy_food
"Soup, Clam Chowder, Manhattan",Soups & Sauces,61.0,1.7,9.7,1.8,1.2,0.0,698.0,150.0,171152,sr_legacy_food
"Soup, Minestrone, Canned",Soups & Sauces,68.0,3.5,9.2,2.0,0.8,0.0,516.0,255.0,171153,sr_legacy_food
"Soup, Mushroom Barley, Canned",Soups & Sauces,61.0,1.5,9.6,1.8,0.0,0.0,573.0,76.0,171154,sr_legacy_food
"Soup, Cream Of Mushroom, Canned",Soups & Sauces,79.0,1.4,6.8,5.3,0.7,0.0,691.0,64.0,171155,sr_legacy_food
"Soup, Mushroom With Beef Stock, Canned",Soups & Sauces,68.0,2.5,7.4,3.2,0.1,0.0,773.0,126.0,171156,sr_legacy_food
"Soup, Pea, Split With Ham",Soups & Sauces,141.0,7.7,20.8,3.3,1.7,0.0,630.0,297.0,171157,sr_legacy_food
"Soup, Cream Of Potato, Canned",Soups & Sauces,74.0,1.5,12.8,1.9,1.3,0.0,604.0,165.0,171158,sr_legacy_food
"Soup, Cream Of Shrimp, Canned",Soups & Sauces,72.0,2.2,6.5,4.1,0.2,0.0,685.0,47.0,171159,sr_legacy_food
"Soup, Tomato Beef With Noodle, Canned",Soups & Sauces,112.0,3.6,16.9,3.4,1.2,0.0,731.0,176.0,171160,sr_legacy_food
"Soup, Vegetarian Vegetable, Canned",Soups & Sauces,59.0,1.7,9.8,1.6,0.5,0.0,516.0,171.0,171161,sr_legacy_food
"Soup, Chunky Beef, Canned",Soups & Sauces,66.0,4.0,10.1,1.1,0.6,0.0,338.0,140.0,171162,sr_legacy_food
"Soup, Vegetable Beef, Canned",Soups & Sauces,63.0,4.4,8.1,1.5,1.6,0.0,706.0,138.0,171163,sr_legacy_food
"Soup, Vegetable With Beef Broth, Canned",Soups & Sauces,66.0,2.4,10.7,1.6,1.3,0.0,515.0,157.0,171164,sr_legacy_food
"Soup, Onion, Dry",Soups & Sauces,293.0,7.5,65.1,0.3,6.6,0.0,8031.0,721.0,171165,sr_legacy_food
"Soup, Cream Of Vegetable, Dry",Soups & Sauces,446.0,8.0,52.1,24.1,3.0,0.0,3857.0,408.0,171166,sr_legacy_food
"Sauce, Teriyaki, Ready-To-Serve",Soups & Sauces,89.0,5.9,15.6,0.0,0.1,0.0,3833.0,225.0,171167,sr_legacy_food
"Gravy, Au Jus, Canned",Soups & Sauces,16.0,1.2,2.5,0.2,0.0,0.0,478.0,81.0,171168,sr_legacy_food
"Gravy, Au Jus, Dry",Soups & Sauces,313.0,9.2,47.5,9.6,0.0,0.0,11588.0,279.0,171169,sr_legacy_food
"Gravy, Mushroom, Canned",Soups & Sauces,50.0,1.3,5.5,2.7,0.4,0.0,570.0,106.0,171170,sr_legacy_food
"Gravy, Mushroom, Dry",Soups & Sauces,328.0,10.0,64.7,4.0,4.8,0.0,6580.0,262.0,171171,sr_legacy_food
"Gravy, Onion, Dry",Soups & Sauces,322.0,9.0,67.6,3.0,6.0,0.0,4186.0,262.0,171172,sr_legacy_food
"Gravy, Pork, Dry",Soups & Sauces,367.0,8.8,63.6,8.6,2.4,0.0,5356.0,235.0,171173,sr_legacy_food
"Sauce, Sofrito, Prepared From Recipe",Soups & Sauces,237.0,12.8,5.5,18.2,1.7,0.0,1145.0,401.0,171174,sr_legacy_food
"Soup, Beef Mushroom, Canned",Soups & Sauces,61.0,4.6,5.2,2.4,0.2,0.0,709.0,126.0,171175,sr_legacy_food
"Soup, Tomato, Canned",Soups & Sauces,32.0,0.7,7.4,0.2,0.5,0.0,186.0,275.0,171176,sr_legacy_food
"Soup, Ramen Noodle, Any Flavor",Soups & Sauces,440.0,10.2,60.3,17.6,2.9,0.0,1855.0,181.0,171177,sr_legacy_food
"Soup, Broccoli Cheese, Canned",Soups & Sauces,87.0,2.1,7.7,5.3,1.8,0.0,661.0,207.0,171178,sr_legacy_food
"Soup, Swanson, Beef Broth",Soups & Sauces,6.0,1.2,0.2,0.1,0.0,0.0,180.0,23.0,171179,sr_legacy_food
"Soup, Swanson, Vegetable Broth",Soups & Sauces,6.0,0.2,1.0,0.1,0.0,0.0,303.0,20.0,171180,sr_legacy_food
"Smart Soup, Indian Bean Masala",Soups & Sauces,57.0,3.3,10.5,0.9,2.6,0.0,92.0,0.0,171181,sr_legacy_food
"Smart Soup, Moroccan Chick Pea",Soups & Sauces,51.0,2.0,9.7,1.1,3.1,0.0,148.0,0.0,171182,sr_legacy_food
"Smart Soup, Thai Coconut Curry",Soups & Sauces,36.0,0.8,6.5,1.1,1.0,0.0,141.0,0.0,171183,sr_legacy_food
"Smart Soup, Vietnamese Carrot Lemongrass",Soups & Sauces,44.0,1.3,8.2,1.1,1.5,0.0,145.0,0.0,171184,sr_legacy_food
"Sauce, Pesto, Mezzetta",Soups & Sauces,496.0,6.7,5.1,49.9,1.3,0.0,897.0,205.0,171185,sr_legacy_food
"Sauce, Hot Chile, Sriracha",Soups & Sauces,93.0,1.9,19.2,0.9,2.2,0.0,2124.0,321.0,171186,sr_legacy_food
"Soup, Vegetable Beef, Microwavable",Soups & Sauces,44.0,6.2,3.3,0.7,1.5,0.0,376.0,0.0,171189,sr_legacy_food
"Soup, Beef And Vegetables, Canned",Soups & Sauces,48.0,3.2,6.2,1.2,1.2,0.0,326.0,174.0,171190,sr_legacy_food
"Sauce, Cheese, Ready-To-Serve",Soups & Sauces,174.0,6.7,6.8,13.3,0.5,0.0,828.0,30.0,171191,sr_legacy_food
"Sauce, Pasta, Spaghetti/Marinara",Soups & Sauces,50.0,1.4,7.4,1.6,1.8,0.0,437.0,320.0,171192,sr_legacy_food
"Beef, Shoulder Pot Roast, Boneless",Protein,200.0,31.3,0.0,8.3,0.0,0.0,60.0,358.0,171198,sr_legacy_food
"Beef, Rib Eye Steak, Boneless",Protein,207.0,28.0,0.0,10.6,0.0,0.0,59.0,296.0,171209,sr_legacy_food
"Beef, Rib Eye Steak, Bone-In",Protein,221.0,27.4,0.0,12.4,0.0,0.0,67.0,279.0,171236,sr_legacy_food
"Cheese, Gjetost",Dairy,466.0,9.6,42.6,29.5,0.0,0.0,600.0,1409.0,171240,sr_legacy_food
"Cheese, Gouda",Dairy,356.0,24.9,2.2,27.4,0.0,0.0,819.0,121.0,171241,sr_legacy_food
"Cheese, Gruyere",Dairy,413.0,29.8,0.4,32.3,0.0,0.0,714.0,81.0,171242,sr_legacy_food
"Cheese, Limburger",Dairy,327.0,20.0,0.5,27.2,0.0,0.0,800.0,128.0,171243,sr_legacy_food
"Cheese, Muenster",Dairy,368.0,23.4,1.1,30.0,0.0,0.0,628.0,134.0,171245,sr_legacy_food
"Cheese, Neufchatel",Dairy,253.0,9.2,3.6,22.8,0.0,0.0,334.0,152.0,171246,sr_legacy_food
"Cheese, Parmesan, Grated",Dairy,420.0,28.4,13.9,27.8,0.0,0.0,1804.0,180.0,171247,sr_legacy_food
"Cheese, Ricotta, Part Skim Milk",Dairy,138.0,11.4,5.1,7.9,0.0,0.0,99.0,125.0,171248,sr_legacy_food
"Cheese, Romano",Dairy,387.0,31.8,3.6,26.9,0.0,0.0,1433.0,86.0,171249,sr_legacy_food
"Cheese, Roquefort",Dairy,369.0,21.5,2.0,30.6,0.0,0.0,1809.0,91.0,171250,sr_legacy_food
"Cheese, Swiss",Dairy,393.0,27.0,1.4,31.0,0.0,0.0,187.0,72.0,171251,sr_legacy_food
"Cheese Food, Pasteurized Process, American",Dairy,330.0,16.9,8.6,25.6,0.0,0.0,1284.0,255.0,171252,sr_legacy_food
"Cheese Food, Pasteurized Process, Swiss",Dairy,323.0,21.9,4.5,24.1,0.0,0.0,1552.0,284.0,171253,sr_legacy_food
"Cheese Spread, Pasteurized Process, American",Dairy,290.0,16.4,8.7,21.2,0.0,0.0,1625.0,242.0,171254,sr_legacy_food
"Cream, Fluid, Half And Half",Dairy,131.0,3.1,4.3,11.5,0.0,0.0,61.0,132.0,171255,sr_legacy_food
"Cream, Sour, Reduced Fat",Dairy,135.0,2.9,4.3,12.0,0.0,0.0,89.0,129.0,171256,sr_legacy_food
"Cream, Sour, Cultured",Dairy,198.0,2.4,4.6,19.4,0.0,0.0,31.0,125.0,171257,sr_legacy_food
Eggnog,Dairy,88.0,4.6,8.0,4.2,0.0,0.0,54.0,165.0,171258,sr_legacy_food
"Sour Dressing, Non-Butterfat, Cultured",Dairy,178.0,3.2,4.7,16.6,0.0,0.0,48.0,162.0,171259,sr_legacy_food
"Yogurt, Greek, 2%Fat",Dairy,92.0,8.1,11.0,1.7,0.5,0.0,33.0,0.0,171260,sr_legacy_food
"Cream Substitute, Liquid, With Hydrogenated Vegetable Oil And Soy Protein",Dairy,136.0,1.0,11.4,10.0,0.0,0.0,67.0,191.0,171261,sr_legacy_food
"Cream Substitute, Liquid, With Lauric Acid Oil And Sodium Caseinate",Dairy,136.0,1.0,11.4,10.0,0.0,0.0,79.0,191.0,171262,sr_legacy_food
"Cream Substitute, Powdered",Dairy,529.0,2.5,59.3,32.9,0.0,0.0,124.0,669.0,171263,sr_legacy_food
"Milk Substitutes, Fluid, With Lauric Acid Oil",Dairy,61.0,1.8,6.2,3.4,0.0,0.0,78.0,114.0,171264,sr_legacy_food
"Milk, Whole, 3.25% Milkfat",Dairy,61.0,3.2,4.8,3.2,0.0,0.0,43.0,132.0,171265,sr_legacy_food
"Milk, Producer, Fluid",Dairy,64.0,3.3,4.6,3.7,0.0,0.0,49.0,151.0,171266,sr_legacy_food
"Milk, Nonfat, Fluid",Dairy,34.0,3.4,5.0,0.1,0.0,0.0,42.0,156.0,171269,sr_legacy_food
"Milk, Buttermilk, Dried",Dairy,387.0,34.3,49.0,5.8,0.0,0.0,517.0,1592.0,171274,sr_legacy_food
"Milk, Canned, Condensed",Dairy,321.0,7.9,54.4,8.7,0.0,0.0,127.0,371.0,171275,sr_legacy_food
"Milk, Chocolate Beverage, Hot Cocoa",Dairy,77.0,3.5,10.7,2.3,1.0,0.0,44.0,197.0,171277,sr_legacy_food
"Milk, Goat, Fluid",Dairy,69.0,3.6,4.4,4.1,0.0,0.0,50.0,204.0,171278,sr_legacy_food
"Milk, Human, Mature",Dairy,70.0,1.0,6.9,4.4,0.0,0.0,17.0,51.0,171279,sr_legacy_food
"Milk, Indian Buffalo, Fluid",Dairy,97.0,3.8,5.2,6.9,0.0,0.0,52.0,178.0,171280,sr_legacy_food
"Whey, Acid, Dried",Dairy,339.0,11.7,73.4,0.5,0.0,0.0,968.0,2289.0,171281,sr_legacy_food
"Whey, Sweet, Fluid",Dairy,27.0,0.8,5.1,0.4,0.0,0.0,54.0,161.0,171282,sr_legacy_food
"Whey, Sweet, Dried",Dairy,353.0,12.9,74.5,1.1,0.0,0.0,1079.0,2080.0,171283,sr_legacy_food
"Yogurt, Plain, Whole Milk",Dairy,61.0,3.5,4.7,3.2,0.0,0.0,46.0,155.0,171284,sr_legacy_food
"Cheese, Mexican Blend",Dairy,384.0,23.5,0.1,32.1,0.0,0.0,607.0,85.0,171288,sr_legacy_food
"Cheese Product, Pasteurized Process, American",Dairy,307.0,16.1,8.8,23.1,0.0,0.0,1279.0,295.0,171289,sr_legacy_food
"Cheese, Cheddar, Reduced Fat (Includes Foods For Usda'S Food Distribution Program)",Dairy,316.0,27.4,2.7,20.4,0.0,0.0,628.0,63.0,171292,sr_legacy_food
"Ice Cream, Light, Soft Serve",Dairy,141.0,3.4,23.2,3.7,0.0,0.0,64.0,207.0,171293,sr_legacy_food
"Ice Cream Bar, Stick Or Nugget, With Crunch Coating",Dairy,358.0,2.1,37.1,25.3,1.1,0.0,84.0,71.0,171294,sr_legacy_food
"Cheese, Cheddar, Nonfat Or Fat Free",Dairy,157.0,32.1,7.1,0.0,0.0,0.0,1000.0,66.0,171295,sr_legacy_food
"Kefir, Lowfat, Strawberry",Dairy,62.0,3.4,10.2,0.9,0.0,0.0,37.0,154.0,171301,sr_legacy_food
"Milk, Evaporated, 2% Fat",Dairy,107.0,6.7,15.7,2.0,0.0,0.0,100.0,303.0,171302,sr_legacy_food
"Milk, Chocolate, Fat Free",Dairy,67.0,3.4,13.5,0.0,0.0,0.0,79.0,182.0,171303,sr_legacy_food
"Ice Cream Bar, Covered With Chocolate And Nuts",Dairy,303.0,5.6,11.9,25.8,1.1,0.0,56.0,304.0,171305,sr_legacy_food
Ice Cream Sundae Cone,Dairy,254.0,3.0,28.9,14.0,1.0,0.0,115.0,204.0,171306,sr_legacy_food
"Light Ice Cream, Creamsicle",Dairy,165.0,1.5,32.8,3.1,0.0,0.0,46.0,174.0,171307,sr_legacy_food
"Cream, Half And Half, Lowfat",Dairy,72.0,3.3,3.3,5.0,0.0,0.0,50.0,132.0,171308,sr_legacy_food
"Yogurt, Greek, Whole",Dairy,82.0,8.2,3.2,4.0,0.8,0.0,35.0,0.0,171309,sr_legacy_food
"Butter, Clarified Butter (Ghee)",Dairy,900.0,0.0,0.0,100.0,0.0,0.0,0.0,0.0,171314,sr_legacy_food
"Spices, Allspice, Ground",Herbs & Spices,263.0,6.1,72.1,8.7,21.6,0.0,77.0,1044.0,171315,sr_legacy_food
"Spices, Anise Seed",Herbs & Spices,337.0,17.6,50.0,15.9,14.6,0.0,16.0,1441.0,171316,sr_legacy_food
"Spices, Basil, Dried",Herbs & Spices,233.0,23.0,47.8,4.1,37.7,0.0,76.0,2630.0,171317,sr_legacy_food
"Spices, Chervil, Dried",Herbs & Spices,237.0,23.2,49.1,3.9,11.3,0.0,83.0,4740.0,171318,sr_legacy_food
"Spices, Chili Powder",Herbs & Spices,282.0,13.5,49.7,14.3,34.8,0.0,2867.0,1950.0,171319,sr_legacy_food
"Spices, Cinnamon, Ground",Herbs & Spices,247.0,4.0,80.6,1.2,53.1,0.0,10.0,431.0,171320,sr_legacy_food
"Spices, Cloves, Ground",Herbs & Spices,274.0,6.0,65.5,13.0,33.9,0.0,277.0,1020.0,171321,sr_legacy_food
"Spices, Dill Weed, Dried",Herbs & Spices,253.0,20.0,55.8,4.4,13.6,0.0,208.0,3308.0,171322,sr_legacy_food
"Spices, Fennel Seed",Herbs & Spices,345.0,15.8,52.3,14.9,39.8,0.0,88.0,1694.0,171323,sr_legacy_food
"Spices, Fenugreek Seed",Herbs & Spices,323.0,23.0,58.4,6.4,24.6,0.0,67.0,770.0,171324,sr_legacy_food
"Spices, Garlic Powder",Herbs & Spices,331.0,16.6,72.7,0.7,9.0,0.0,60.0,1193.0,171325,sr_legacy_food
"Spices, Nutmeg, Ground",Herbs & Spices,525.0,5.8,49.3,36.3,20.8,0.0,16.0,350.0,171326,sr_legacy_food
"Spices, Onion Powder",Herbs & Spices,341.0,10.4,79.1,1.0,15.2,0.0,73.0,985.0,171327,sr_legacy_food
"Spices, Oregano, Dried",Herbs & Spices,265.0,9.0,68.9,4.3,42.5,0.0,25.0,1260.0,171328,sr_legacy_food
"Spices, Paprika",Herbs & Spices,282.0,14.1,54.0,12.9,34.9,0.0,68.0,2280.0,171329,sr_legacy_food
"Spices, Poppy Seed",Herbs & Spices,525.0,18.0,28.1,41.6,19.5,0.0,26.0,719.0,171330,sr_legacy_food
"Spices, Poultry Seasoning",Herbs & Spices,307.0,9.6,65.6,7.5,11.3,0.0,27.0,684.0,171331,sr_legacy_food
"Spices, Pumpkin Pie Spice",Herbs & Spices,342.0,5.8,69.3,12.6,14.8,0.0,52.0,663.0,171332,sr_legacy_food
"Spices, Rosemary, Dried",Herbs & Spices,331.0,4.9,64.1,15.2,42.6,0.0,50.0,955.0,171333,sr_legacy_food
"Babyfood, Vegetables, Corn",Baby Foods,65.0,1.4,16.2,0.4,2.1,0.0,52.0,81.0,171334,sr_legacy_food
"Babyfood, Fruit, Bananas With Tapioca",Baby Foods,56.0,0.4,15.3,0.1,1.6,0.0,0.0,88.0,171335,sr_legacy_food
"Babyfood, Fruit, Peaches",Baby Foods,65.0,0.9,14.5,0.3,1.3,0.0,4.0,195.0,171336,sr_legacy_food
"Babyfood, Prunes, Without Vitamin C",Baby Foods,100.0,1.0,23.5,0.2,2.7,0.0,1.0,306.0,171340,sr_legacy_food
"Babyfood, Fruit Dessert, Mango With Tapioca",Baby Foods,70.0,0.3,19.0,0.2,1.1,0.0,4.0,66.0,171341,sr_legacy_food
"Babyfood, Pears, Dices",Baby Foods,57.0,0.3,13.6,0.1,1.2,0.0,6.0,51.0,171342,sr_legacy_food
"Babyfood, Fruit, Applesauce And Pineapple",Baby Foods,37.0,0.1,10.1,0.1,1.5,0.0,2.0,78.0,171343,sr_legacy_food
"Babyfood, Fruit, Apple And Raspberry",Baby Foods,58.0,0.2,15.6,0.2,2.1,0.0,0.0,80.0,171345,sr_legacy_food
"Babyfood, Fruit, Guava And Papaya With Tapioca",Baby Foods,63.0,0.2,17.0,0.1,0.0,0.0,4.0,74.0,171348,sr_legacy_food
"Babyfood, Peaches, Dices",Baby Foods,51.0,0.5,11.8,0.2,0.8,0.0,9.0,83.0,171349,sr_legacy_food
"Babyfood, Fruit, Papaya And Applesauce With Tapioca",Baby Foods,70.0,0.2,18.9,0.1,1.4,0.0,5.0,79.0,171350,sr_legacy_food
"Babyfood, Apple-Banana Juice",Baby Foods,51.0,0.2,12.3,0.1,0.2,0.0,4.0,123.0,171351,sr_legacy_food
"Babyfood, Juice, Apple And Peach",Baby Foods,43.0,0.2,10.5,0.1,0.1,0.0,0.0,97.0,171352,sr_legacy_food
"Babyfood, Juice, Apple And Prune",Baby Foods,72.0,0.2,18.1,0.1,0.1,0.0,8.0,148.0,171353,sr_legacy_food
"Babyfood, Juice, Orange",Baby Foods,45.0,0.6,10.2,0.3,0.1,0.0,0.0,184.0,171354,sr_legacy_food
"Babyfood, Juice, Orange And Apple",Baby Foods,43.0,0.4,10.1,0.2,0.0,0.0,3.0,138.0,171355,sr_legacy_food
"Babyfood, Juice, Prune And Orange",Baby Foods,70.0,0.6,16.8,0.3,0.0,0.0,2.0,181.0,171356,sr_legacy_food
"Babyfood, Juice, Mixed Fruit",Baby Foods,47.0,0.1,11.7,0.1,0.1,0.0,8.0,101.0,171357,sr_legacy_food
"Babyfood, Cereal, Barley",Baby Foods,376.0,13.2,69.4,6.6,6.6,0.0,33.0,467.0,171358,sr_legacy_food
"Babyfood, Cereal, Whole Wheat",Baby Foods,402.0,6.6,83.2,4.8,6.7,0.0,66.0,500.0,171359,sr_legacy_food
"Babyfood, Cereal, With Eggs",Baby Foods,58.0,2.2,8.0,1.5,0.0,0.0,38.0,44.0,171365,sr_legacy_food
"Babyfood, Cereal, Egg Yolks And Bacon",Baby Foods,79.0,2.5,6.2,5.0,0.9,0.0,48.0,35.0,171366,sr_legacy_food
"Babyfood, Oatmeal Cereal With Fruit, Dry",Baby Foods,402.0,10.5,74.1,7.0,7.8,0.0,0.0,346.0,171367,sr_legacy_food
"Babyfood, Cookie, Baby",Baby Foods,435.0,6.8,73.7,12.6,3.4,0.0,9.0,425.0,171368,sr_legacy_food
"Babyfood, Cookies, Arrowroot",Baby Foods,424.0,7.6,75.4,10.0,0.2,0.0,319.0,156.0,171369,sr_legacy_food
"Babyfood, Pretzels",Baby Foods,397.0,10.8,82.2,2.0,2.3,0.0,269.0,137.0,171370,sr_legacy_food
"Babyfood, Gerber, Graduates Lil Biscuits Vanilla Wheat",Baby Foods,407.0,8.0,72.5,9.3,5.9,0.0,259.0,318.0,171371,sr_legacy_food
Zwieback,Baby Foods,426.0,10.1,74.2,9.7,2.5,0.0,227.0,305.0,171372,sr_legacy_food
"Babyfood, Dessert, Peach Cobbler",Baby Foods,65.0,0.3,17.8,0.0,0.7,0.0,7.0,54.0,171375,sr_legacy_food
"Babyfood, Dessert, Tropical Fruit",Baby Foods,60.0,0.2,16.4,0.0,0.0,0.0,7.0,58.0,171378,sr_legacy_food
"Babyfood, Dessert, Custard Pudding",Baby Foods,85.0,1.6,16.0,2.0,0.0,0.0,0.0,66.0,171379,sr_legacy_food
"Babyfood, Juice, Apple And Grape",Baby Foods,46.0,0.1,11.3,0.2,0.1,0.0,0.0,90.0,171381,sr_legacy_food
"Infant Formula, Nestle, Good Start Supreme",Baby Foods,66.0,1.4,7.4,3.4,0.0,0.0,18.0,71.0,171385,sr_legacy_food
"Infant Formula, Mead Johnson, Enfamil Gentlease",Baby Foods,68.0,1.5,7.6,3.5,0.0,0.0,24.0,71.0,171387,sr_legacy_food
"Babyfood, Fortified Cereal Bar, Fruit Filling",Baby Foods,344.0,5.4,68.6,5.3,1.7,0.0,157.0,180.0,171388,sr_legacy_food
"Babyfood, Snack, Gerber",Baby Foods,503.0,0.0,61.6,28.6,0.0,0.0,500.0,214.0,171398,sr_legacy_food
"Fat, Beef Tallow",Fats & Oils,902.0,0.0,0.0,100.0,0.0,0.0,0.0,0.0,171400,sr_legacy_food
Lard,Fats & Oils,902.0,0.0,0.0,100.0,0.0,0.0,0.0,0.0,171401,sr_legacy_food
"Salad Dressing, Thousand Island, Commercial",Fats & Oils,379.0,1.1,14.6,35.1,0.8,0.0,962.0,107.0,171402,sr_legacy_food
"Salad Dressing, Mayonnaise Type, Regular",Fats & Oils,250.0,0.6,14.8,21.6,0.0,0.0,653.0,36.0,171403,sr_legacy_food
"Salad Dressing, Mayonnaise, Imitation",Fats & Oils,232.0,0.3,16.0,19.2,0.0,0.0,497.0,10.0,171406,sr_legacy_food
"Sandwich Spread, With Chopped Pickle, Regular",Fats & Oils,389.0,0.9,22.4,34.0,0.4,0.0,1000.0,35.0,171409,sr_legacy_food
"Oil, Peanut, Salad Or Cooking",Fats & Oils,884.0,0.0,0.0,100.0,0.0,0.0,0.0,0.0,171410,sr_legacy_food
"Oil, Coconut",Fats & Oils,892.0,0.0,0.0,99.1,0.0,0.0,0.0,0.0,171412,sr_legacy_food
"Oil, Olive, Salad Or Cooking",Fats & Oils,884.0,0.0,0.0,100.0,0.0,0.0,2.0,1.0,171413,sr_legacy_food
"Margarine, Spread, 35-39% Fat",Fats & Oils,349.0,0.2,1.5,38.0,0.0,0.0,584.0,51.0,171415,sr_legacy_food
"Salad Dressing, French, Home Recipe",Fats & Oils,631.0,0.1,3.4,70.2,0.0,0.0,658.0,24.0,171416,sr_legacy_food
"Salad Dressing, Home Recipe, Vinegar And Oil",Fats & Oils,449.0,0.0,2.5,50.1,0.0,0.0,1.0,8.0,171417,sr_legacy_food
"Salad Dressing, Mayonnaise, Soybean Oil",Fats & Oils,717.0,1.1,2.7,79.4,0.0,0.0,30.0,34.0,171418,sr_legacy_food
"Salad Dressing, French, Cottonseed",Fats & Oils,631.0,0.1,3.4,70.2,0.0,0.0,658.0,24.0,171419,sr_legacy_food
"Salad Dressing, French Dressing, Fat-Free",Fats & Oils,132.0,0.2,32.1,0.3,2.2,0.0,853.0,84.0,171420,sr_legacy_food
"Oil, Cocoa Butter",Fats & Oils,884.0,0.0,0.0,100.0,0.0,0.0,0.0,0.0,171421,sr_legacy_food
"Vegetable Oil, Palm Kernel",Fats & Oils,862.0,0.0,0.0,100.0,0.0,0.0,0.0,0.0,171422,sr_legacy_food
"Oil, Poppyseed",Fats & Oils,884.0,0.0,0.0,100.0,0.0,0.0,0.0,0.0,171423,sr_legacy_food
"Oil, Tomatoseed",Fats & Oils,884.0,0.0,0.0,100.0,0.0,0.0,0.0,0.0,171424,sr_legacy_food
"Oil, Teaseed",Fats & Oils,884.0,0.0,0.0,100.0,0.0,0.0,0.0,0.0,171425,sr_legacy_food
"Oil, Soybean Lecithin",Fats & Oils,763.0,0.0,0.0,100.0,0.0,0.0,0.0,0.0,171426,sr_legacy_food
"Oil, Hazelnut",Fats & Oils,884.0,0.0,0.0,100.0,0.0,0.0,0.0,0.0,171427,sr_legacy_food
"Oil, Babassu",Fats & Oils,884.0,0.0,0.0,100.0,0.0,0.0,0.0,0.0,171428,sr_legacy_food
"Oil, Sheanut",Fats & Oils,884.0,0.0,0.0,100.0,0.0,0.0,0.0,0.0,171429,sr_legacy_food
"Oil, Pam Cooking Spray, Original",Fats & Oils,792.0,0.3,20.7,78.7,0.0,0.0,59.0,0.0,171430,sr_legacy_food
"Margarine, Margarine-Like Vegetable Oil Spread, 67-70% Fat",Fats & Oils,606.0,0.1,0.6,68.3,0.0,0.0,536.0,0.0,171431,sr_legacy_food
"Margarine, 80% Fat, Tub",Fats & Oils,730.0,0.4,1.4,80.3,0.0,0.0,714.0,0.0,171432,sr_legacy_food
"Oil, Cooking And Salad, Enova",Fats & Oils,884.0,0.0,0.0,100.0,0.0,0.0,0.0,0.0,171433,sr_legacy_food
"Margarine-Like, Vegetable Oil Spread, Approximately 37% Fat",Fats & Oils,339.0,0.5,0.7,37.8,0.0,0.0,589.0,34.0,171434,sr_legacy_food
"Oil, Industrial, Soy",Fats & Oils,900.0,0.0,0.0,100.0,0.0,0.0,0.0,0.0,171438,sr_legacy_food
"Oil, Industrial, Cottonseed",Fats & Oils,884.0,0.0,0.0,100.0,0.0,0.0,0.0,0.0,171441,sr_legacy_food
"Oil, Flaxseed, Contains Added Sliced Flaxseed",Fats & Oils,878.0,0.4,0.4,99.0,0.0,0.0,6.0,31.0,171442,sr_legacy_food
"Mayonnaise, Reduced Fat, With Olive Oil",Fats & Oils,361.0,0.4,0.0,40.0,0.0,0.0,800.0,31.0,171443,sr_legacy_food
"Salad Dressing, Mayonnaise-Type, Light",Fats & Oils,158.0,0.6,16.4,10.0,0.0,0.0,833.0,36.0,171444,sr_legacy_food
"Chicken, Gizzard, All Classes",Protein,94.0,17.7,0.0,2.1,0.0,0.0,69.0,237.0,171456,sr_legacy_food
"Chicken, Broilers Or Fryers, Separable Fat",Protein,629.0,3.7,0.0,68.0,0.0,0.0,32.0,64.0,171468,sr_legacy_food
"Turkey, Whole, Meat Only",Protein,115.0,22.6,0.1,1.9,0.0,0.0,118.0,235.0,171480,sr_legacy_food
"Turkey, All Classes, Gizzard",Protein,155.0,26.4,0.0,4.6,0.0,0.0,127.0,193.0,171483,sr_legacy_food
"Turkey, All Classes, Heart",Protein,140.0,16.7,0.4,7.4,0.0,0.0,129.0,179.0,171484,sr_legacy_food
"Turkey, All Classes, Liver",Protein,128.0,18.3,0.0,5.5,0.0,0.0,131.0,214.0,171486,sr_legacy_food
"Turkey, Dark Meat, Meat And Skin",Protein,166.0,19.8,0.2,9.0,0.0,0.0,113.0,208.0,171488,sr_legacy_food
"Turkey, All Classes, Light Meat",Protein,147.0,30.1,0.0,2.1,0.0,0.0,99.0,249.0,171491,sr_legacy_food
"Turkey, All Classes, Leg",Protein,144.0,19.5,0.0,6.7,0.0,0.0,74.0,273.0,171493,sr_legacy_food
"Turkey, Whole, Wing",Protein,115.0,23.7,0.1,1.5,0.0,0.0,113.0,242.0,171497,sr_legacy_food
"Turkey, Young Hen, Skin Only",Protein,482.0,19.0,0.0,44.4,0.0,0.0,44.0,155.0,171499,sr_legacy_food
"Turkey And Gravy, Frozen",Protein,67.0,5.9,4.6,2.6,0.0,0.0,554.0,61.0,171500,sr_legacy_food
"Turkey Breast, Pre-Basted, Meat And Skin",Protein,126.0,22.2,0.0,3.5,0.0,0.0,397.0,248.0,171501,sr_legacy_food
"Turkey Thigh, Pre-Basted, Meat And Skin",Protein,157.0,18.8,0.0,8.5,0.0,0.0,437.0,241.0,171502,sr_legacy_food
"Turkey Roast, Boneless, Frozen",Protein,120.0,17.6,6.4,2.2,0.0,0.0,678.0,360.0,171503,sr_legacy_food
"Turkey, Mechanically Deboned, From Turkey Frames",Protein,201.0,13.3,0.0,16.0,0.0,0.0,48.0,173.0,171504,sr_legacy_food
"Turkey, Ground, Raw",Protein,148.0,19.7,0.0,7.7,0.0,0.0,58.0,237.0,171505,sr_legacy_food
"Turkey, Ground, Cooked",Protein,203.0,27.4,0.0,10.4,0.0,0.0,78.0,294.0,171506,sr_legacy_food
"Chicken Patty, Frozen, Uncooked",Protein,292.0,14.3,13.6,20.0,1.2,0.0,518.0,248.0,171512,sr_legacy_food
"Chicken Patty, Frozen, Cooked",Protein,287.0,14.8,12.8,19.6,0.3,0.0,532.0,261.0,171513,sr_legacy_food
"Chicken Breast Tenders, Breaded, Cooked",Protein,252.0,16.4,17.6,12.9,0.0,0.0,446.0,225.0,171514,sr_legacy_food
"Chicken Breast Tenders, Breaded, Uncooked",Protein,263.0,14.7,15.0,15.8,1.1,0.0,536.0,214.0,171515,sr_legacy_food
"Chicken, Broilers Or Fryers, Drumstick",Protein,176.0,28.7,0.0,6.8,0.0,0.0,417.0,301.0,171519,sr_legacy_food
"Turkey, Wing, From Whole Bird",Protein,102.0,21.5,0.1,1.7,0.0,0.0,206.0,242.0,171526,sr_legacy_food
"Soup, Cream Of Asparagus, Canned",Soups & Sauces,69.0,1.8,8.5,3.3,0.4,0.0,669.0,138.0,171537,sr_legacy_food
"Soup, Beef Broth Or Bouillon Canned, Ready-To-Serve",Soups & Sauces,7.0,1.1,0.0,0.2,0.0,0.0,372.0,54.0,171538,sr_legacy_food
"Soup, Beef Noodle, Canned",Soups & Sauces,67.0,3.8,7.2,2.5,0.6,0.0,653.0,79.0,171539,sr_legacy_food
"Soup, Cream Of Celery, Canned",Soups & Sauces,72.0,1.3,7.0,4.5,0.6,0.0,516.0,98.0,171540,sr_legacy_food
"Soup, Cheese, Canned",Soups & Sauces,82.0,0.8,11.3,3.9,2.2,0.0,692.0,37.0,171541,sr_legacy_food
"Soup, Chicken Broth, Canned",Soups & Sauces,31.0,4.4,0.8,1.0,0.0,0.0,621.0,170.0,171542,sr_legacy_food
"Soup, Chicken Noodle, Canned",Soups & Sauces,48.0,2.4,6.1,1.6,0.9,0.0,681.0,48.0,171543,sr_legacy_food
"Soup, Chicken Rice, Canned",Soups & Sauces,53.0,5.1,5.4,1.3,0.4,0.0,370.0,45.0,171544,sr_legacy_food
"Soup, Chicken With Rice, Canned",Soups & Sauces,68.0,1.8,11.6,1.6,0.9,0.0,645.0,34.0,171545,sr_legacy_food
"Soup, Chicken And Vegetable, Canned",Soups & Sauces,33.0,2.0,4.7,0.7,0.9,0.0,229.0,133.0,171546,sr_legacy_food
"Soup, Clam Chowder, New England",Soups & Sauces,72.0,3.2,10.3,2.1,0.7,0.0,516.0,221.0,171547,sr_legacy_food
"Soup, Beef Broth Bouillon And Consomme, Canned",Soups & Sauces,11.0,2.5,0.3,0.0,0.0,0.0,694.0,125.0,171548,sr_legacy_food
"Soup, Lentil With Ham, Canned",Soups & Sauces,56.0,3.7,8.2,1.1,0.0,0.0,532.0,144.0,171549,sr_legacy_food
"Soup, Onion, Canned",Soups & Sauces,46.0,3.1,6.7,1.4,0.7,0.0,516.0,56.0,171551,sr_legacy_food
"Soup, Cream Of Onion, Canned",Soups & Sauces,88.0,2.2,10.4,4.2,0.4,0.0,637.0,98.0,171552,sr_legacy_food
"Soup, Oyster Stew, Canned",Soups & Sauces,48.0,1.7,3.3,3.1,0.0,0.0,722.0,40.0,171553,sr_legacy_food
"Soup, Pea, Green",Soups & Sauces,125.0,6.5,20.2,2.2,3.9,0.0,680.0,145.0,171554,sr_legacy_food
"Campbell'S, Chicken Noodle Soup, Condensed",Soups & Sauces,47.0,2.4,6.0,1.5,0.0,0.0,683.0,44.0,171556,sr_legacy_food
"Soup, Tomato Rice, Canned",Soups & Sauces,93.0,1.6,17.1,2.1,1.3,0.0,635.0,257.0,171557,sr_legacy_food
"Soup, Turkey, Chunky",Soups & Sauces,57.0,4.3,6.0,1.9,0.0,0.0,391.0,153.0,171558,sr_legacy_food
"Soup, Chunky Vegetable, Canned",Soups & Sauces,39.0,1.1,7.9,0.4,1.1,0.0,267.0,180.0,171559,sr_legacy_food
"Soup, Beef Broth Or Bouillon, Powder",Soups & Sauces,213.0,16.0,17.4,8.9,0.0,0.0,26000.0,446.0,171560,sr_legacy_food
"Soup, Beef Broth, Cubed",Soups & Sauces,170.0,17.3,16.1,4.0,0.0,0.0,24000.0,403.0,171561,sr_legacy_food
"Soup, Chicken Broth Or Bouillon, Dry",Soups & Sauces,267.0,16.7,18.0,13.9,0.0,0.0,23875.0,309.0,171562,sr_legacy_food
"Soup, Chicken Broth Cubes, Dry",Soups & Sauces,198.0,14.6,23.5,4.7,0.0,0.0,24000.0,374.0,171563,sr_legacy_food
"Gravy, Beef, Canned",Soups & Sauces,53.0,3.8,4.8,2.4,0.4,0.0,633.0,81.0,171564,sr_legacy_food
"Gravy, Brown, Dry",Soups & Sauces,367.0,10.7,59.4,9.6,2.0,0.0,4843.0,262.0,171565,sr_legacy_food
"Gravy, Chicken, Canned Or Bottled",Soups & Sauces,48.0,0.7,5.3,2.6,0.1,0.0,389.0,42.0,171566,sr_legacy_food
"Gravy, Chicken, Dry",Soups & Sauces,381.0,11.3,62.1,9.7,0.0,0.0,4152.0,404.0,171567,sr_legacy_food
"Gravy, Turkey, Canned",Soups & Sauces,51.0,2.6,5.1,2.1,0.4,0.0,577.0,109.0,171568,sr_legacy_food
"Gravy, Turkey, Dry",Soups & Sauces,367.0,10.4,65.1,7.2,0.0,0.0,4392.0,428.0,171569,sr_legacy_food
"Gravy, Unspecified Type, Dry",Soups & Sauces,344.0,13.0,58.0,8.0,0.0,0.0,5730.0,262.0,171570,sr_legacy_food
"Soup, Chicken Noodle, Dry",Soups & Sauces,377.0,15.4,62.3,6.5,3.2,0.0,3161.0,306.0,171571,sr_legacy_food
"Soup, Chicken Mushroom, Canned",Soups & Sauces,54.0,1.8,3.8,3.8,0.1,0.0,327.0,63.0,171573,sr_legacy_food
"Soup, Tomato Bisque, Canned",Soups & Sauces,50.0,0.9,9.6,1.0,0.2,0.0,424.0,169.0,171574,sr_legacy_food
"Sauce, Peanut, Made From Coconut",Soups & Sauces,179.0,2.0,28.5,6.3,1.1,0.0,319.0,99.0,171575,sr_legacy_food
"Smart Soup, Santa Fe Corn Chowder",Soups & Sauces,55.0,2.0,11.2,0.7,2.0,0.0,131.0,0.0,171576,sr_legacy_food
"Smart Soup, French Lentil",Soups & Sauces,53.0,2.9,9.5,1.1,2.9,0.0,131.0,0.0,171577,sr_legacy_food
"Smart Soup, Greek Minestrone",Soups & Sauces,40.0,1.7,8.4,0.5,2.7,0.0,138.0,0.0,171578,sr_legacy_food
"Sauce, Pesto, Ready-To-Serve",Soups & Sauces,418.0,9.8,10.1,37.6,1.8,0.0,603.0,560.0,171579,sr_legacy_food
"Sauce, Pesto, Buitoni",Soups & Sauces,418.0,9.8,10.1,37.6,1.8,0.0,603.0,560.0,171581,sr_legacy_food
"Sauce, Pesto, Classico",Soups & Sauces,372.0,4.2,6.9,36.4,2.1,0.0,1028.0,195.0,171582,sr_legacy_food
"Soup, Vegetable Broth, Ready To Serve",Soups & Sauces,5.0,0.2,0.9,0.1,0.0,0.0,296.0,19.0,171583,sr_legacy_food
"Sauce, Cheese Sauce Mix, Dry",Soups & Sauces,438.0,7.7,60.5,18.3,1.0,0.0,3202.0,428.0,171584,sr_legacy_food
"Soup, Chicken Corn Chowder, Chunky",Soups & Sauces,99.0,3.1,7.5,6.3,0.9,0.0,299.0,0.0,171585,sr_legacy_food
"Soup, Bean With Bacon, Condensed",Soups & Sauces,117.0,6.5,18.0,2.1,4.6,0.0,672.0,0.0,171586,sr_legacy_food
"Gravy, Brown Instant, Dry",Soups & Sauces,380.0,8.5,59.8,11.8,3.2,0.0,5053.0,367.0,171588,sr_legacy_food
"Gravy, Instant Beef, Dry",Soups & Sauces,369.0,9.8,61.1,9.5,4.3,0.0,5203.0,450.0,171589,sr_legacy_food
"Gravy, Instant Turkey, Dry",Soups & Sauces,409.0,11.7,57.6,14.7,3.8,0.0,4090.0,306.0,171590,sr_legacy_food
"Soup, Tomato, Low Sodium",Soups & Sauces,30.0,0.8,6.6,0.3,0.6,0.0,33.0,112.0,171591,sr_legacy_food
"Soup, Pea, Low Sodium",Soups & Sauces,62.0,3.2,9.9,1.1,1.9,0.0,10.0,71.0,171592,sr_legacy_food
"Soup, Chicken Noodle, Low Sodium",Soups & Sauces,25.0,1.3,3.0,1.0,0.2,0.0,173.0,22.0,171593,sr_legacy_food
"Soup, Vegetable Soup, Condensed",Soups & Sauces,33.0,1.1,6.1,0.4,1.1,0.0,194.0,217.0,171594,sr_legacy_food
"Sauce, Tomato Chili Sauce, Bottled",Soups & Sauces,92.0,2.5,19.8,0.3,2.4,0.0,1338.0,370.0,171595,sr_legacy_food
"Soup, Vegetable Chicken, Canned",Soups & Sauces,69.0,5.1,8.8,2.0,0.4,0.0,35.0,153.0,171596,sr_legacy_food
"Gravy, Meat Or Poultry, Low Sodium",Soups & Sauces,53.0,3.8,6.2,2.4,0.3,0.0,18.0,81.0,171598,sr_legacy_food
"Gravy, Heinz Home Style, Savory Beef",Soups & Sauces,39.0,1.1,6.2,1.1,0.7,0.0,587.0,22.0,171599,sr_legacy_food
"Gravy, Campbell'S, Chicken",Soups & Sauces,51.0,0.8,5.9,2.7,0.0,0.0,424.0,55.0,171600,sr_legacy_food
"Barbecue Loaf, Pork, Beef",Protein,173.0,15.8,6.4,8.9,0.0,0.0,1334.0,329.0,171601,sr_legacy_food
"Sauce, Alfredo Mix, Dry",Soups & Sauces,535.0,15.3,36.5,36.4,2.0,0.0,2590.0,254.0,171603,sr_legacy_food
"Sauce, Peppers, Hot",Soups & Sauces,21.0,0.9,3.9,0.6,0.7,0.0,25.0,564.0,171604,sr_legacy_food
"Sauce, Chili, Peppers",Soups & Sauces,20.0,0.7,5.0,0.1,1.9,0.0,25.0,564.0,171605,sr_legacy_food
Fish Broth,Soups & Sauces,16.0,2.0,0.4,0.6,0.0,0.0,200.0,86.0,171606,sr_legacy_food
"Soup, Cream Of Mushroom, Low Sodium",Soups & Sauces,53.0,1.0,4.5,3.7,0.2,0.0,20.0,41.0,171607,sr_legacy_food
"Potato Soup, Instant, Dry Mix",Soups & Sauces,343.0,9.2,76.1,3.1,7.6,0.0,2400.0,1248.0,171608,sr_legacy_food
"Soup, Chicken Broth, Low Sodium",Soups & Sauces,16.0,2.0,1.2,0.6,0.0,0.0,30.0,86.0,171609,sr_legacy_food
"Sauce, Worcestershire",Soups & Sauces,77.0,0.0,19.2,0.0,0.0,0.0,1300.0,800.0,171610,sr_legacy_food
"Soup, Beef And Mushroom, Low Sodium",Soups & Sauces,69.0,4.3,9.6,2.3,0.2,0.0,25.0,140.0,171611,sr_legacy_food
"Soup, Beef Stroganoff, Canned",Soups & Sauces,98.0,5.1,9.0,4.6,0.6,0.0,435.0,140.0,171612,sr_legacy_food
"Soup, Bouillon Cubes And Granules, Low Sodium",Soups & Sauces,438.0,16.7,64.9,13.9,0.2,0.0,1067.0,309.0,171613,sr_legacy_food
"Soup, Ramen Noodle, Beef Flavor",Soups & Sauces,441.0,10.1,60.3,17.7,3.0,0.0,1727.0,177.0,171614,sr_legacy_food
"Soup, Ramen Noodle, Chicken Flavor",Soups & Sauces,439.0,10.2,60.2,17.5,2.9,0.0,1923.0,183.0,171615,sr_legacy_food
"Beerwurst, Beer Salami, Pork",Protein,238.0,14.2,2.1,18.8,0.0,0.0,1240.0,253.0,171616,sr_legacy_food
"Sausage, Berliner, Pork",Protein,230.0,15.3,2.6,17.2,0.0,0.0,1297.0,283.0,171617,sr_legacy_food
Blood Sausage,Protein,379.0,14.6,1.3,34.5,0.0,0.0,680.0,38.0,171618,sr_legacy_food
"Bockwurst, Pork, Veal",Protein,301.0,14.0,3.0,25.9,1.0,0.0,756.0,270.0,171619,sr_legacy_food
"Bratwurst, Pork, Cooked",Protein,333.0,13.7,2.8,29.2,0.0,0.0,846.0,348.0,171620,sr_legacy_food
"Braunschweiger (A Liver Sausage), Pork",Protein,327.0,14.5,3.1,28.5,0.0,0.0,977.0,199.0,171621,sr_legacy_food
"Bratwurst, Pork, Beef",Protein,323.0,14.3,3.0,27.8,0.0,0.0,1112.0,281.0,171622,sr_legacy_food
"Cheesefurter, Cheese Smokie, Pork",Protein,328.0,14.1,1.5,29.0,0.0,0.0,1082.0,206.0,171623,sr_legacy_food
"Frankfurter, Chicken",Protein,223.0,15.5,2.7,16.2,0.0,0.0,1027.0,202.0,171624,sr_legacy_food
"Frankfurter, Turkey",Protein,223.0,12.2,3.8,17.3,0.0,0.0,911.0,392.0,171625,sr_legacy_food
"Ham, Chopped, Canned",Protein,239.0,16.1,0.3,18.8,0.0,0.0,1280.0,284.0,171626,sr_legacy_food
"Ham, Chopped, Not Canned",Protein,221.0,16.5,0.0,16.7,0.0,0.0,1194.0,319.0,171627,sr_legacy_food
Ham And Cheese Loaf Or Roll,Protein,241.0,13.6,4.0,18.7,0.0,0.0,1000.0,294.0,171628,sr_legacy_food
Ham And Cheese Spread,Protein,245.0,16.2,2.3,18.5,0.0,0.0,1197.0,162.0,171629,sr_legacy_food
"Headcheese, Pork",Protein,157.0,13.8,0.0,10.9,0.0,0.0,941.0,31.0,171630,sr_legacy_food
"Sausage, Italian, Pork",Protein,290.0,13.9,3.0,24.3,0.0,0.0,563.0,211.0,171631,sr_legacy_food
"Sausage, Pork And Turkey, Pre-Cooked",Protein,342.0,12.0,3.6,30.6,0.0,0.0,876.0,230.0,171632,sr_legacy_food
"Frankfurter, Meat And Poultry, Cooked",Protein,298.0,10.3,5.0,26.3,0.0,0.0,914.0,323.0,171633,sr_legacy_food
"Pork Sausage, Link/Patty, Reduced Fat",Protein,217.0,16.8,0.2,16.6,0.0,0.0,581.0,275.0,171635,sr_legacy_food
"Bologna, Meat And Poultry",Protein,281.0,10.3,6.3,23.8,0.0,0.0,1379.0,320.0,171637,sr_legacy_food
"Meatballs, Frozen, Italian Style",Protein,286.0,14.4,8.1,22.2,2.3,0.0,666.0,296.0,171638,sr_legacy_food
"Bacon, Turkey, Microwaved",Protein,368.0,29.5,4.2,25.9,0.0,0.0,2021.0,666.0,171639,sr_legacy_food
"Bacon, Turkey, Low Sodium",Protein,253.0,13.3,4.8,20.0,0.0,0.0,900.0,156.0,171640,sr_legacy_food
"Cereals Ready-To-Eat, Post, Alpha-Bits",Breakfast,389.0,10.0,80.3,4.6,7.1,0.0,592.0,267.0,171641,sr_legacy_food
"Cereals Ready-To-Eat, Quaker, Cap'N Crunch",Breakfast,398.0,4.4,85.5,5.1,2.5,0.0,754.0,186.0,171642,sr_legacy_food
"Cereals Ready-To-Eat, Quaker, Cap'N Crunch With Crunchberries",Breakfast,397.0,4.4,85.9,4.8,2.6,0.0,725.0,187.0,171643,sr_legacy_food
"Cereals Ready-To-Eat, Quaker, Cap'N Crunch'S Peanut Butter Crunch",Breakfast,417.0,7.1,78.6,9.2,2.7,0.0,742.0,236.0,171644,sr_legacy_food
"Cereals Ready-To-Eat, Post, Fruity Pebbles",Breakfast,402.0,4.6,86.1,4.0,0.8,0.0,531.0,72.0,171645,sr_legacy_food
"Cereals Ready-To-Eat, Granola, Homemade",Breakfast,489.0,13.7,53.9,24.3,8.9,0.0,26.0,539.0,171646,sr_legacy_food
"Cereals Ready-To-Eat, Post, Grape-Nuts Cereal",Breakfast,361.0,11.2,80.5,1.8,13.0,0.0,465.0,400.0,171647,sr_legacy_food
"Cereals Ready-To-Eat, Post, Grape-Nuts Flakes",Breakfast,376.0,9.4,82.0,3.7,10.2,0.0,470.0,336.0,171648,sr_legacy_food
"Cereals Ready-To-Eat, Quaker, Sweet Crunch/Quisp",Breakfast,406.0,4.5,85.0,6.1,2.3,0.0,740.0,187.0,171649,sr_legacy_food
"Cereals Ready-To-Eat, Post Raisin Bran Cereal",Breakfast,324.0,7.6,78.9,1.6,13.7,0.0,382.0,525.0,171650,sr_legacy_food
"Cereals Ready-To-Eat, Quaker, Quaker Puffed Rice",Breakfast,383.0,7.0,87.8,0.9,1.4,0.0,5.0,116.0,171651,sr_legacy_food
"Cereals Ready-To-Eat, Post, Golden Crisp",Breakfast,380.0,5.5,90.1,1.7,5.0,0.0,95.0,176.0,171652,sr_legacy_food
"Cereals Ready-To-Eat, Sun Country, Kretschmer Honey Crunch Wheat Germ",Breakfast,372.0,26.6,58.1,7.8,10.2,0.0,11.0,964.0,171653,sr_legacy_food
"Cereals, Corn Grits, White",Breakfast,370.0,7.6,79.1,1.8,4.6,0.0,1.0,141.0,171654,sr_legacy_food
"Cereals, Quaker, Corn Grits",Breakfast,343.0,7.3,78.4,2.1,4.2,0.0,1121.0,135.0,171656,sr_legacy_food
"Cereals, Cream Of Wheat, Regular (10 Minute)",Breakfast,50.0,1.4,10.5,0.2,0.5,0.0,6.0,16.0,171657,sr_legacy_food
"Cereals, Farina, Enriched",Breakfast,360.0,11.6,73.2,1.4,4.2,0.0,124.0,153.0,171658,sr_legacy_food
"Cereals, Cream Of Wheat, Instant",Breakfast,366.0,10.6,75.5,1.4,3.3,0.0,571.0,115.0,171660,sr_legacy_food
"Cereals, Oats, Instant",Breakfast,362.0,11.9,69.5,6.9,10.0,0.0,220.0,366.0,171661,sr_legacy_food
"Cereals, Quaker, Instant Oatmeal",Breakfast,366.0,8.6,76.7,4.6,8.3,0.0,454.0,327.0,171663,sr_legacy_food
"Cereals, Wheatena, Dry",Breakfast,357.0,13.1,75.6,2.9,12.8,0.0,13.0,492.0,171665,sr_legacy_food
"Cereals, Wheatena, Cooked With Water",Breakfast,56.0,2.0,11.8,0.5,2.7,0.0,2.0,77.0,171666,sr_legacy_food
"Cereals, Whole Wheat Hot Natural Cereal, Dry",Breakfast,342.0,11.2,75.2,2.0,9.5,0.0,2.0,389.0,171667,sr_legacy_food
"Cereals, Whole Wheat Hot Natural Cereal, Cooked With Water",Breakfast,62.0,2.0,13.7,0.4,1.6,0.0,0.0,71.0,171668,sr_legacy_food
"Cereals Ready-To-Eat, Quaker, Quaker Puffed Wheat",Breakfast,366.0,16.3,76.4,2.2,9.4,0.0,5.0,364.0,171669,sr_legacy_food
"Cereals, Corn Grits, Yellow",Breakfast,371.0,8.8,79.6,1.2,1.6,0.0,1.0,137.0,171670,sr_legacy_food
"Cereals, Malt-O-Meal, Chocolate",Breakfast,363.0,10.6,79.6,0.8,2.8,0.0,10.0,245.0,171674,sr_legacy_food
"Cereals, Oats, Regular And Quick And Instant",Breakfast,71.0,2.5,12.0,1.5,1.7,0.0,71.0,70.0,171675,sr_legacy_food
"Cereals, Ready-To-Eat, Malt-O-Meal",Breakfast,350.0,8.8,79.4,1.9,10.3,0.0,2.0,327.0,171678,sr_legacy_food
"Cereals Ready-To-Eat, Malt-O-Meal, Oat Blenders With Honey",Breakfast,396.0,6.8,84.9,4.2,5.0,0.0,515.0,200.0,171679,sr_legacy_food
"Cereals Ready-To-Eat, Malt-O-Meal, Oat Blenders With Honey & Almonds",Breakfast,379.0,7.8,77.3,4.9,6.1,0.0,453.0,240.0,171680,sr_legacy_food
"Cereals Ready-To-Eat, Malt-O-Meal, Honey Nut Scooters",Breakfast,387.0,8.6,79.6,4.5,6.3,0.0,695.0,241.0,171681,sr_legacy_food
"Cereals, Quaker, Oatmeal",Breakfast,386.0,9.8,69.5,9.8,7.7,0.0,337.0,317.0,171683,sr_legacy_food
"Acerola, (West Indian Cherry), Raw",Fruit,32.0,0.4,7.7,0.3,1.1,0.0,7.0,146.0,171686,sr_legacy_food
"Acerola Juice, Raw",Fruit,23.0,0.4,4.8,0.3,0.3,0.0,3.0,97.0,171687,sr_legacy_food
"Apples, Raw, With Skin (Includes Foods For Usda'S Food Distribution Program)",Fruit,52.0,0.3,13.8,0.2,2.4,0.0,1.0,107.0,171688,sr_legacy_food
"Apples, Raw, Without Skin",Fruit,48.0,0.3,12.8,0.1,1.3,0.0,0.0,90.0,171689,sr_legacy_food
"Apples, Dehydrated (Low Moisture), Sulfured",Fruit,74.0,0.3,19.9,0.1,2.6,0.0,26.0,136.0,171690,sr_legacy_food
"Apples, Dried, Sulfured",Fruit,243.0,0.9,65.9,0.3,8.7,0.0,87.0,450.0,171691,sr_legacy_food
"Apples, Frozen, Unsweetened",Fruit,48.0,0.3,12.3,0.3,1.3,0.0,3.0,77.0,171694,sr_legacy_food
"Apricots, Raw",Fruit,48.0,1.4,11.1,0.4,2.0,0.0,1.0,259.0,171697,sr_legacy_food
"Apricots, Canned, Water Pack",Fruit,27.0,0.7,6.4,0.2,1.6,0.0,3.0,192.0,171698,sr_legacy_food
"Apricots, Canned, Heavy Syrup Pack",Fruit,83.0,0.5,21.5,0.1,1.6,0.0,4.0,140.0,171699,sr_legacy_food
"Apricots, Canned, Extra Heavy Syrup Pack",Fruit,96.0,0.6,24.8,0.0,1.6,0.0,13.0,126.0,171701,sr_legacy_food
"Apricots, Dehydrated (Low-Moisture), Sulfured",Fruit,320.0,4.9,82.9,0.6,0.0,0.0,13.0,1850.0,171702,sr_legacy_food
"Apricots, Frozen, Sweetened",Fruit,98.0,0.7,25.1,0.1,2.2,0.0,4.0,229.0,171703,sr_legacy_food
"Apricot Nectar, Canned, With Added Ascorbic Acid",Fruit,56.0,0.2,13.6,0.4,0.1,0.0,8.0,67.0,171704,sr_legacy_food
"Avocados, Raw, All Commercial Varieties",Fruit,160.0,2.0,8.5,14.7,6.7,0.0,7.0,485.0,171705,sr_legacy_food
"Avocados, Raw, California",Fruit,167.0,2.0,8.6,15.4,6.8,0.0,8.0,507.0,171706,sr_legacy_food
"Avocados, Raw, Florida",Fruit,120.0,2.2,7.8,10.1,5.6,0.0,2.0,351.0,171707,sr_legacy_food
"Cherries, Tart, Dried",Fruit,333.0,1.2,80.4,0.7,2.5,0.0,13.0,376.0,171708,sr_legacy_food
"Blackberries, Canned, Heavy Syrup",Fruit,92.0,1.3,23.1,0.1,3.4,0.0,3.0,99.0,171709,sr_legacy_food
"Blackberries, Frozen, Unsweetened",Fruit,64.0,1.2,15.7,0.4,5.0,0.0,1.0,140.0,171710,sr_legacy_food
"Blueberries, Raw",Fruit,57.0,0.7,14.5,0.3,2.4,0.0,1.0,77.0,171711,sr_legacy_food
"Boysenberries, Canned, Heavy Syrup",Fruit,88.0,1.0,22.3,0.1,2.6,0.0,3.0,90.0,171712,sr_legacy_food
"Boysenberries, Frozen, Unsweetened",Fruit,50.0,1.1,12.2,0.3,5.3,0.0,1.0,139.0,171713,sr_legacy_food
"Breadfruit, Raw",Fruit,103.0,1.1,27.1,0.2,4.9,0.0,2.0,490.0,171714,sr_legacy_food
"Carambola, (Starfruit), Raw",Fruit,31.0,1.0,6.7,0.3,2.8,0.0,2.0,133.0,171715,sr_legacy_food
"Cherries, Sour, Red",Fruit,91.0,0.7,23.3,0.1,1.1,0.0,7.0,93.0,171716,sr_legacy_food
"Cherries, Sweet, Raw",Fruit,63.0,1.1,16.0,0.2,2.1,0.0,0.0,222.0,171719,sr_legacy_food
"Crabapples, Raw",Fruit,76.0,0.4,20.0,0.3,0.0,0.0,1.0,194.0,171721,sr_legacy_food
"Cranberries, Raw",Fruit,46.0,0.5,12.0,0.1,3.6,0.0,2.0,80.0,171722,sr_legacy_food
"Cranberries, Dried, Sweetened (Includes Foods For Usda'S Food Distribution Program)",Fruit,308.0,0.2,82.8,1.1,5.3,0.0,5.0,49.0,171723,sr_legacy_food
"Currants, Zante, Dried",Fruit,290.0,3.4,77.0,0.2,4.4,0.0,43.0,777.0,171724,sr_legacy_food
"Custard-Apple, (Bullock'S-Heart), Raw",Fruit,101.0,1.7,25.2,0.6,2.4,0.0,4.0,382.0,171725,sr_legacy_food
"Dates, Deglet Noor",Fruit,282.0,2.4,75.0,0.4,8.0,0.0,2.0,656.0,171726,sr_legacy_food
"Elderberries, Raw",Fruit,73.0,0.7,18.4,0.5,7.0,0.0,6.0,280.0,171727,sr_legacy_food
"Beef, Australian, Imported",Protein,509.0,11.3,0.4,51.4,0.0,0.0,36.0,0.0,171728,sr_legacy_food
"Beef, Round, Top Round Roast",Protein,121.0,23.4,0.0,3.0,0.0,0.0,54.0,313.0,171744,sr_legacy_food
"Beef, Loin, Tenderloin Roast",Protein,153.0,21.5,0.0,7.4,0.0,0.0,44.0,279.0,171748,sr_legacy_food
"Beef, Round, Eye Of Round Steak",Protein,121.0,23.4,0.0,3.0,0.0,0.0,53.0,319.0,171762,sr_legacy_food
"Beef, Chuck, Clod Steak",Protein,189.0,29.3,0.0,7.0,0.0,0.0,60.0,287.0,171782,sr_legacy_food
"Beef, Ground, 95% Lean Meat / 5% Fat",Protein,137.0,21.4,0.0,5.0,0.0,0.0,66.0,346.0,171790,sr_legacy_food
"Beef, Ground, 90% Lean Meat / 10% Fat",Protein,204.0,25.2,0.0,10.7,0.0,0.0,75.0,363.0,171793,sr_legacy_food
"Beef, Ground, 85% Lean Meat / 15% Fat",Protein,215.0,18.6,0.0,15.0,0.0,0.0,66.0,295.0,171796,sr_legacy_food
"Beef, Ground, 80% Lean Meat / 20% Fat",Protein,270.0,25.8,0.0,17.8,0.0,0.0,75.0,304.0,171797,sr_legacy_food
"Beef, Ground, 75% Lean Meat / 25% Fat",Protein,254.0,24.6,0.0,16.5,0.0,0.0,70.0,256.0,171801,sr_legacy_food
"Beef, Short Loin, Top Loin Steak",Protein,138.0,22.9,0.0,5.2,0.0,0.0,57.0,354.0,171814,sr_legacy_food
"Soup, Wonton, Chinese Restaurant",Soups & Sauces,32.0,2.1,5.2,0.3,0.2,0.0,406.0,32.0,171821,sr_legacy_food
"Soup, Ramen Noodle, Dry",Soups & Sauces,350.0,10.9,71.0,2.5,2.7,0.0,1200.0,128.0,171822,sr_legacy_food
"Sauce, Duck, Ready-To-Serve",Soups & Sauces,245.0,0.4,60.7,0.1,0.6,0.0,712.0,87.0,171823,sr_legacy_food
"Sauce, Salsa, Verde",Soups & Sauces,38.0,1.1,6.4,0.9,1.9,0.0,906.0,259.0,171824,sr_legacy_food
"Sauce, Steak, Tomato Based",Soups & Sauces,95.0,1.2,22.0,0.2,1.5,0.0,1647.0,312.0,171825,sr_legacy_food
"Sauce, Tartar, Ready-To-Serve",Soups & Sauces,211.0,1.0,13.3,16.7,0.5,0.0,667.0,68.0,171826,sr_legacy_food
"Sauce, Barbecue, Sweet Baby Ray'S",Soups & Sauces,192.0,1.0,46.1,0.4,1.3,0.0,765.0,235.0,171827,sr_legacy_food
"Sauce, Barbecue, Bull'S-Eye",Soups & Sauces,170.0,0.9,40.0,0.7,1.0,0.0,1012.0,263.0,171828,sr_legacy_food
"Sauce, Barbecue, Kc Masterpiece",Soups & Sauces,160.0,1.0,37.9,0.5,1.4,0.0,613.0,277.0,171829,sr_legacy_food
"Sauce, Barbecue, Open Pit",Soups & Sauces,132.0,0.4,29.4,1.4,0.5,0.0,1517.0,56.0,171830,sr_legacy_food
Wasabi,Soups & Sauces,292.0,2.2,46.1,10.9,6.1,0.0,3390.0,182.0,171831,sr_legacy_food
"Dip, Bean, Original Flavor",Soups & Sauces,119.0,5.4,15.9,3.7,4.9,0.0,443.0,368.0,171832,sr_legacy_food
"Sauce, Horseradish",Soups & Sauces,503.0,1.1,10.0,50.9,1.0,0.0,730.0,44.0,171833,sr_legacy_food
"Dip, Frito'S, Bean",Soups & Sauces,119.0,5.4,15.9,3.7,4.9,0.0,443.0,368.0,171834,sr_legacy_food
"Cookie, Vanilla With Caramel, Coconut",Grain,489.0,3.5,64.1,25.8,4.4,0.0,182.0,195.0,171835,sr_legacy_food
"Cookie, With Peanut Butter Filling, Chocolate-Coated",Grain,562.0,8.1,52.9,35.3,3.5,0.0,371.0,217.0,171836,sr_legacy_food
"Cookies, Animal, With Frosting Or Icing",Grain,509.0,3.0,70.1,24.1,0.9,0.0,257.0,96.0,171837,sr_legacy_food
"Crackers, Multigrain",Grain,482.0,7.1,67.6,20.4,3.5,0.0,883.0,171.0,171838,sr_legacy_food
"Cake, Snack Cakes, Not Chocolate",Grain,412.0,3.7,74.3,11.1,14.9,0.0,316.0,73.0,171839,sr_legacy_food
"Cookies, Brownies, Commercially Prepared",Grain,345.0,2.8,61.6,9.7,11.1,0.0,290.0,143.0,171840,sr_legacy_food
"Cookies, Chocolate Sandwich, With Creme Filling",Grain,436.0,2.9,76.2,13.2,2.9,0.0,471.0,176.0,171841,sr_legacy_food
"Cookies, Oatmeal Sandwich, With Creme Filling",Grain,398.0,2.6,55.6,18.3,2.6,0.0,500.0,136.0,171842,sr_legacy_food
"Cookies, Peanut Butter, Commercially Prepared",Grain,523.0,10.3,50.5,31.0,3.4,0.0,448.0,202.0,171843,sr_legacy_food
"Bread, Chapati Or Roti, Plain",Grain,297.0,11.2,46.4,7.4,4.9,0.0,409.0,266.0,171844,sr_legacy_food
"Bread, Naan, Plain",Grain,291.0,9.6,50.4,5.6,2.2,0.0,465.0,125.0,171845,sr_legacy_food
"Crackers, Standard Snack-Type, With Whole Wheat",Grain,463.0,7.3,68.4,17.8,4.9,0.0,748.0,209.0,171846,sr_legacy_food
"Cookies, Coconut Macaroon",Grain,460.0,3.0,61.2,22.6,5.1,0.0,241.0,123.0,171847,sr_legacy_food
"Crackers, Sandwich-Type, Peanut Butter Filled",Grain,437.0,8.3,63.5,16.7,2.8,0.0,639.0,122.0,171848,sr_legacy_food
"Bread, Cinnamon",Grain,253.0,7.0,44.4,5.3,3.5,0.0,388.0,74.0,171849,sr_legacy_food
"Bread, Wheat, Sprouted",Grain,188.0,13.2,33.9,0.0,5.3,0.0,474.0,198.0,171850,sr_legacy_food
"Bagels, Multigrain",Grain,241.0,9.9,47.5,1.2,6.2,0.0,359.0,204.0,171852,sr_legacy_food
"Pancakes, Whole Wheat, Dry Mix",Grain,350.0,10.5,74.1,1.3,7.9,0.0,1632.0,368.0,171853,sr_legacy_food
"Crackers, Toast Thins, Low Sodium",Grain,442.0,6.4,67.7,16.1,9.7,0.0,177.0,306.0,171854,sr_legacy_food
"Crackers, Whole Grain, Sandwich-Type",Grain,465.0,14.1,54.6,21.2,9.4,0.0,635.0,330.0,171855,sr_legacy_food
"Crackers, Water Biscuits",Grain,384.0,7.1,72.8,7.1,7.1,0.0,571.0,99.0,171856,sr_legacy_food
"Cookies, Gluten-Free, Chocolate Sandwich",Grain,474.0,2.2,76.0,17.9,2.5,0.0,275.0,157.0,171857,sr_legacy_food
"Cookies, Gluten-Free, Chocolate Wafer",Grain,541.0,4.1,62.8,30.4,1.6,0.0,122.0,340.0,171858,sr_legacy_food
"Cookies, Gluten-Free, Lemon Wafer",Grain,515.0,0.0,74.4,24.2,0.0,0.0,111.0,36.0,171859,sr_legacy_food
"Cookies, Gluten-Free, Vanilla Sandwich",Grain,493.0,2.7,74.6,20.5,0.5,0.0,201.0,105.0,171860,sr_legacy_food
"Rolls, Gluten-Free, White",Grain,310.0,8.0,55.1,6.4,3.6,0.0,707.0,161.0,171861,sr_legacy_food
"Rolls, Gluten-Free, Whole Grain",Grain,329.0,11.8,44.3,11.6,11.2,0.0,507.0,273.0,171864,sr_legacy_food
"Cookies, Oatmeal, Reduced Fat",Grain,365.0,4.0,64.6,10.0,16.1,0.0,562.0,274.0,171865,sr_legacy_food
"Cookies, Chocolate Cream Covered Biscuit Sticks",Grain,447.0,10.0,51.1,22.5,5.0,0.0,213.0,181.0,171866,sr_legacy_food
"Cookies, Marie Biscuit",Grain,406.0,7.0,70.5,10.6,3.5,0.0,370.0,307.0,171867,sr_legacy_food
"Cookies, Vanilla Sandwich With Creme Filling, Reduced Fat",Grain,423.0,4.2,78.2,10.4,2.1,0.0,354.0,104.0,171868,sr_legacy_food
"Beverages, Carbonated, Tonic Water",Beverage,34.0,0.0,8.8,0.0,0.0,0.0,12.0,0.0,171869,sr_legacy_food
"Beverages, Energy Drink, Red Bull",Beverage,5.0,0.2,0.7,0.1,0.0,0.0,83.0,3.0,171870,sr_legacy_food
"Beverages, Carbonated, Root Beer",Beverage,41.0,0.0,10.6,0.0,0.0,0.0,13.0,1.0,171871,sr_legacy_food
"Alcoholic Beverage, Wine, Table",Beverage,78.0,0.1,2.4,0.0,0.0,0.0,0.0,0.0,171872,sr_legacy_food
"Beverages, Chocolate Drink, Milk And Soy Based",Beverage,101.0,4.2,17.3,1.7,1.3,0.0,63.0,245.0,171873,sr_legacy_food
"Beverages, Chocolate Malt Powder, Prepared With 1% Milk",Beverage,57.0,3.3,8.8,1.0,0.0,0.0,60.0,191.0,171874,sr_legacy_food
"Beverages, Carbonated, Limeade",Beverage,17.0,0.0,4.1,0.1,0.0,0.0,40.0,19.0,171875,sr_legacy_food
"Beverages, Carbonated, Low Calorie",Beverage,0.0,0.0,0.1,0.0,0.0,0.0,16.0,4.0,171876,sr_legacy_food
"Beverages, Coffee, Ready To Drink",Beverage,36.0,2.1,4.3,1.1,0.0,0.0,34.0,175.0,171877,sr_legacy_food
"Beverages, Lemonade Fruit Juice Drink Light, Fortified With Vitamin E And C",Beverage,21.0,0.0,5.0,0.0,0.0,0.0,5.0,10.0,171878,sr_legacy_food
"Beverages, Chocolate-Flavor Beverage Mix, Powder",Beverage,85.0,3.2,12.0,3.2,0.4,0.0,58.0,172.0,171879,sr_legacy_food
"Beverages, Coffee, Brewed",Beverage,2.0,0.3,0.2,0.0,0.0,0.0,1.0,50.0,171881,sr_legacy_food
"Beverages, Clam And Tomato Juice, Canned",Beverage,48.0,0.6,11.0,0.2,0.4,0.0,362.0,89.0,171882,sr_legacy_food
"Beverages, Tea, Green",Beverage,30.0,0.0,7.2,0.2,0.0,0.0,2.0,5.0,171883,sr_legacy_food
"Beverages, The Coca-Cola Company, Minute Maid",Beverage,46.0,0.0,12.1,0.0,0.0,0.0,6.0,10.0,171884,sr_legacy_food
"Beverages, Cocoa Mix, No Sugar Added",Beverage,377.0,15.5,71.9,3.0,7.5,0.0,876.0,2702.0,171886,sr_legacy_food
"Cocoa Mix, Nestle, Rich Chocolate Hot Cocoa Mix",Beverage,400.0,3.0,75.0,15.0,4.0,0.0,850.0,0.0,171887,sr_legacy_food
"Beverages, Tea, Black",Beverage,45.0,0.0,10.8,0.2,0.0,0.0,3.0,14.0,171888,sr_legacy_food
"Beverages, Ocean Spray, Cranberry-Apple Juice Drink",Beverage,56.0,0.3,13.7,0.0,0.6,0.0,19.0,14.0,171895,sr_legacy_food
"Beverages, Ocean Spray, Diet Cranberry Juice",Beverage,4.0,0.1,0.8,0.0,0.6,0.0,7.0,8.0,171896,sr_legacy_food
"Beverages, Kraft, Coffee",Beverage,481.0,2.5,74.6,19.2,1.4,0.0,399.0,546.0,171898,sr_legacy_food
"Beverages, Ocean Spray, Cran Raspberry Juice Drink",Beverage,49.0,0.3,12.0,0.0,0.6,0.0,14.0,18.0,171899,sr_legacy_food
"Beverages, Ocean Spray, Cran Lemonade",Beverage,45.0,0.1,11.1,0.0,0.6,0.0,52.0,10.0,171900,sr_legacy_food
"Beverages, Ocean Spray, Diet Cran Cherry",Beverage,4.0,0.2,0.7,0.0,0.6,0.0,8.0,12.0,171901,sr_legacy_food
"Beverages, Cranberry-Grape Juice Drink, Bottled",Beverage,56.0,0.2,14.0,0.1,0.1,0.0,3.0,24.0,171902,sr_legacy_food
"Cranberry Juice Cocktail, Bottled",Beverage,54.0,0.0,13.5,0.1,0.0,0.0,2.0,14.0,171903,sr_legacy_food
"Cranberry Juice Cocktail, Bottled, Low Calorie",Beverage,19.0,0.0,4.6,0.0,0.0,0.0,3.0,25.0,171904,sr_legacy_food
"Beverages, Eggnog-Flavor Mix, Powder",Beverage,95.0,2.9,14.2,3.0,0.0,0.0,55.0,121.0,171905,sr_legacy_food
"Alcoholic Beverages, Beer, Higher Alcohol",Beverage,58.0,0.9,0.3,0.0,0.0,0.0,4.0,62.0,171906,sr_legacy_food
"Beverages, Malt Liquor Beverage",Beverage,40.0,0.4,0.0,0.0,0.0,0.0,3.0,33.0,171907,sr_legacy_food
"Alcoholic Beverages, Wine, Rose",Beverage,83.0,0.4,3.8,0.0,0.0,0.0,5.0,59.0,171908,sr_legacy_food
"Beverages, Ocean Spray, Cran Pomegranate",Beverage,47.0,0.1,12.6,0.0,0.6,0.0,12.0,11.0,171909,sr_legacy_food
"Beverages, Citrus Fruit Juice Drink, Frozen Concentrate",Beverage,162.0,1.2,40.2,0.1,0.2,0.0,3.0,393.0,171912,sr_legacy_food
"Beverages, Fruit Punch Drink, Without Added Nutrients",Beverage,48.0,0.0,12.0,0.0,0.0,0.0,10.0,25.0,171914,sr_legacy_food
"Beverages, Tropical Punch, Ready-To-Drink",Beverage,10.0,0.0,2.5,0.0,0.0,0.0,13.0,0.0,171915,sr_legacy_food
"Beverages, Grape Drink, Canned",Beverage,61.0,0.0,15.7,0.0,0.0,0.0,16.0,12.0,171916,sr_legacy_food
"Beverages, Tea, Instant",Beverage,385.0,0.6,97.6,0.3,0.0,0.0,5.0,217.0,171918,sr_legacy_food
"Alcoholic Beverage, Distilled, All (Gin",Beverage,250.0,0.0,0.1,0.0,0.0,0.0,1.0,2.0,171919,sr_legacy_food
"Carbonated Beverage, Chocolate-Flavored Soda",Beverage,42.0,0.0,10.7,0.0,0.0,0.0,4.0,50.0,171921,sr_legacy_food
"Beverages, Wendy'S, Tea",Beverage,1.0,0.2,0.0,0.0,0.0,0.0,3.0,14.0,171924,sr_legacy_food
"Water, Non-Carbonated, Bottles",Beverage,1.0,0.0,0.1,0.0,0.0,0.0,14.0,4.0,171926,sr_legacy_food
"Beverages, V8 Splash Juice Drinks, Diet Tropical Blend",Beverage,4.0,0.0,1.3,0.0,0.0,0.0,15.0,34.0,171927,sr_legacy_food
"Beverages, V8 Splash Juice Drinks, Berry Blend",Beverage,29.0,0.0,7.4,0.0,0.0,0.0,21.0,14.0,171928,sr_legacy_food
"Beverages, V8 Splash Juice Drinks, Fruit Medley",Beverage,33.0,0.0,7.8,0.0,0.0,0.0,21.0,10.0,171929,sr_legacy_food
"Beverages, V8 Splash Juice Drinks, Guava Passion Fruit",Beverage,33.0,0.0,7.8,0.0,0.0,0.0,14.0,12.0,171930,sr_legacy_food
"Beverages, V8 Splash Juice Drinks, Strawberry Kiwi",Beverage,29.0,0.0,7.4,0.0,0.0,0.0,21.0,14.0,171931,sr_legacy_food
"Beverages, V8 Splash Juice Drinks, Tropical Blend",Beverage,29.0,0.0,7.4,0.0,0.0,0.0,21.0,12.0,171932,sr_legacy_food
"Beverages, V8 V-Fusion Juices, Peach Mango",Beverage,49.0,0.4,11.4,0.0,0.0,0.0,28.0,85.0,171933,sr_legacy_food
"Beverages, V8 V-Fusion Juices, Strawberry Banana",Beverage,49.0,0.4,11.8,0.0,0.0,0.0,28.0,102.0,171934,sr_legacy_food
"Beverages, Energy Drink, Monster",Beverage,47.0,0.5,11.3,0.0,0.0,0.0,77.0,2.0,171935,sr_legacy_food
"Beverages, Energy Drink, Amp",Beverage,2.0,0.0,1.0,0.0,0.0,0.0,31.0,2.0,171936,sr_legacy_food
"Beverages, Energy Drink, Rockstar",Beverage,58.0,0.3,12.7,0.2,0.0,0.0,16.0,6.0,171937,sr_legacy_food
"Beverages, Meal Supplement Drink, Canned",Beverage,101.0,3.5,14.7,3.1,0.0,0.0,54.0,160.0,171939,sr_legacy_food
"Water, With Corn Syrup And/Or Sugar And Low Calorie Sweetener, Fruit Flavored",Beverage,18.0,0.0,4.5,0.0,0.0,0.0,8.0,0.0,171940,sr_legacy_food
"Beverages, Horchata, As Served In Restaurant",Beverage,54.0,0.5,11.5,0.7,0.0,0.0,14.0,34.0,171941,sr_legacy_food
"Beverages, Rice Milk, Unsweetened",Beverage,47.0,0.3,9.2,1.0,0.3,0.0,39.0,27.0,171942,sr_legacy_food
"Beverages, Energy Drink, Vault",Beverage,49.0,0.0,13.0,0.0,0.0,0.0,12.0,3.0,171943,sr_legacy_food
"Beverages, Fruit Flavored Drink, Reduced Sugar",Beverage,29.0,0.0,6.7,0.4,0.0,0.0,25.0,31.0,171944,sr_legacy_food
"Beverages, Fruit Juice Drink, Greater Than 3% Fruit Juice",Beverage,54.0,0.1,13.2,0.0,0.1,0.0,61.0,122.0,171945,sr_legacy_food
"Beverages, Fruit Juice Drink, Greater Than 3% Juice",Beverage,46.0,0.1,11.4,0.1,0.1,0.0,8.0,122.0,171947,sr_legacy_food
"Fish, Bass, Striped",Protein,97.0,17.7,0.0,2.3,0.0,0.0,69.0,256.0,171948,sr_legacy_food
"Fish, Bluefish, Raw",Protein,124.0,20.0,0.0,4.2,0.0,0.0,60.0,372.0,171949,sr_legacy_food
"Fish, Burbot, Raw",Protein,90.0,19.3,0.0,0.8,0.0,0.0,97.0,404.0,171950,sr_legacy_food
"Fish, Butterfish, Raw",Protein,146.0,17.3,0.0,8.0,0.0,0.0,89.0,375.0,171951,sr_legacy_food
"Fish, Carp, Raw",Protein,127.0,17.8,0.0,5.6,0.0,0.0,49.0,333.0,171952,sr_legacy_food
"Fish, Cisco, Raw",Protein,98.0,19.0,0.0,1.9,0.0,0.0,55.0,354.0,171953,sr_legacy_food
"Fish, Cisco, Smoked",Protein,177.0,16.4,0.0,11.9,0.0,0.0,481.0,293.0,171954,sr_legacy_food
"Fish, Cod, Atlantic",Protein,82.0,17.8,0.0,0.7,0.0,0.0,54.0,413.0,171955,sr_legacy_food
"Fish, Croaker, Atlantic",Protein,221.0,18.2,7.5,12.7,0.4,0.0,348.0,340.0,171957,sr_legacy_food
"Fish, Cusk, Raw",Protein,87.0,19.0,0.0,0.7,0.0,0.0,31.0,392.0,171958,sr_legacy_food
"Fish, Mahimahi, Raw",Protein,85.0,18.5,0.0,0.7,0.0,0.0,88.0,416.0,171959,sr_legacy_food
"Fish, Drum, Freshwater",Protein,119.0,17.5,0.0,4.9,0.0,0.0,75.0,275.0,171960,sr_legacy_food
"Fish, Gefiltefish, Commercial",Protein,84.0,9.1,7.4,1.7,0.0,0.0,524.0,91.0,171961,sr_legacy_food
"Fish, Grouper, Mixed Species",Protein,92.0,19.4,0.0,1.0,0.0,0.0,53.0,483.0,171962,sr_legacy_food
"Fish, Haddock, Raw",Protein,74.0,16.3,0.0,0.4,0.0,0.0,213.0,286.0,171964,sr_legacy_food
"Fish, Halibut, Greenland",Protein,186.0,14.4,0.0,13.8,0.0,0.0,80.0,268.0,171965,sr_legacy_food
"Crustaceans, Crab, Blue",Protein,83.0,17.9,0.0,0.7,0.0,0.0,563.0,259.0,171966,sr_legacy_food
"Crustaceans, Crab, Dungeness",Protein,86.0,17.4,0.7,1.0,0.0,0.0,295.0,354.0,171968,sr_legacy_food
"Crustaceans, Crab, Queen",Protein,90.0,18.5,0.0,1.2,0.0,0.0,539.0,173.0,171969,sr_legacy_food
"Crustaceans, Shrimp, Mixed Species",Protein,242.0,21.4,11.5,12.3,0.4,0.0,344.0,225.0,171970,sr_legacy_food
"Mollusks, Clam, Mixed Species",Protein,202.0,14.2,10.3,11.2,0.0,0.0,364.0,326.0,171974,sr_legacy_food
"Mollusks, Oyster, Eastern",Protein,51.0,5.7,2.7,1.7,0.0,0.0,85.0,156.0,171978,sr_legacy_food
"Mollusks, Squid, Mixed Species",Protein,175.0,17.9,7.8,7.5,0.0,0.0,306.0,279.0,171982,sr_legacy_food
"Mollusks, Whelk, Unspecified",Protein,137.0,23.8,7.8,0.4,0.0,0.0,206.0,347.0,171983,sr_legacy_food
"Fish, Salmon, Chinook",Protein,117.0,18.3,0.0,4.3,0.0,0.0,2000.0,175.0,171985,sr_legacy_food
"Fish, Tuna, Light",Protein,116.0,25.5,0.0,0.8,0.0,0.0,50.0,237.0,171986,sr_legacy_food
"Fish, Tuna, White",Protein,186.0,26.5,0.0,8.1,0.0,0.0,50.0,333.0,171987,sr_legacy_food
"Fish, Bass, Freshwater",Protein,146.0,24.2,0.0,4.7,0.0,0.0,90.0,456.0,171989,sr_legacy_food
"Fish, Cod, Pacific",Protein,85.0,18.7,0.0,0.5,0.0,0.0,372.0,289.0,171990,sr_legacy_food
"Fish, Cusk, Cooked",Protein,112.0,24.4,0.0,0.9,0.0,0.0,40.0,503.0,171991,sr_legacy_food
"Fish, Mahimahi, Cooked",Protein,109.0,23.7,0.0,0.9,0.0,0.0,113.0,533.0,171992,sr_legacy_food
"Fish, Mackerel, Pacific And Jack",Protein,201.0,25.7,0.0,10.1,0.0,0.0,110.0,521.0,171994,sr_legacy_food
"Fish, Milkfish, Cooked",Protein,190.0,26.3,0.0,8.6,0.0,0.0,92.0,374.0,171995,sr_legacy_food
"Fish, Monkfish, Cooked",Protein,97.0,18.6,0.0,2.0,0.0,0.0,23.0,513.0,171996,sr_legacy_food
"Fish, Pike, Walleye",Protein,119.0,24.5,0.0,1.6,0.0,0.0,65.0,499.0,171997,sr_legacy_food
"Fish, Salmon, Atlantic",Protein,182.0,25.4,0.0,8.1,0.0,0.0,56.0,628.0,171998,sr_legacy_food
"Fish, Salmon, Chum",Protein,154.0,25.8,0.0,4.8,0.0,0.0,64.0,550.0,172000,sr_legacy_food
"Fish, Salmon, Pink",Protein,153.0,24.6,0.0,5.3,0.0,0.0,90.0,439.0,172001,sr_legacy_food
"Fish, Sucker, White",Protein,119.0,21.5,0.0,3.0,0.0,0.0,51.0,487.0,172002,sr_legacy_food
"Fish, Sunfish, Pumpkin Seed",Protein,114.0,24.9,0.0,0.9,0.0,0.0,103.0,449.0,172003,sr_legacy_food
"Fish, Trout, Mixed Species",Protein,190.0,26.6,0.0,8.5,0.0,0.0,67.0,463.0,172004,sr_legacy_food
"Fish, Tuna, Skipjack",Protein,132.0,28.2,0.0,1.3,0.0,0.0,47.0,522.0,172005,sr_legacy_food
"Fish, Tuna, Yellowfin",Protein,130.0,29.2,0.0,0.6,0.0,0.0,54.0,527.0,172006,sr_legacy_food
"Crustaceans, Spiny Lobster, Mixed Species",Protein,143.0,26.4,3.1,1.9,0.0,0.0,227.0,208.0,172009,sr_legacy_food
"Mollusks, Cuttlefish, Mixed Species",Protein,158.0,32.5,1.6,1.4,0.0,0.0,744.0,637.0,172010,sr_legacy_food
"Beerwurst, Beer Salami, Pork And Beef",Protein,277.0,14.0,3.8,22.5,0.9,0.0,881.0,244.0,172011,sr_legacy_food
"Bologna, Beef",Protein,299.0,10.9,4.3,26.1,0.0,0.0,1013.0,351.0,172012,sr_legacy_food
"Bologna, Beef And Pork",Protein,308.0,15.2,5.5,24.6,0.0,0.0,960.0,315.0,172013,sr_legacy_food
"Wheat Flour, White (Industrial), 9% Protein",Grain,367.0,8.9,77.3,1.4,0.0,0.0,2.0,131.0,172016,sr_legacy_food
"Wheat Flour, White (Industrial), 15% Protein",Grain,362.0,15.3,69.9,1.4,2.4,0.0,2.0,120.0,172021,sr_legacy_food
Millet Flour,Grain,382.0,10.8,75.1,4.2,3.5,0.0,4.0,224.0,172023,sr_legacy_food
"Pasta, Gluten-Free, Brown Rice Flour",Grain,138.0,3.5,32.2,1.7,1.7,0.0,4.0,25.0,172026,sr_legacy_food
"Pasta, Gluten-Free, Corn Flour And Quinoa Flour",Grain,152.0,3.2,31.1,2.1,3.3,0.0,4.0,63.0,172027,sr_legacy_food
"Fast Foods, Biscuit, With Egg And Sausage",Fast Foods,312.0,11.1,21.0,20.8,0.2,0.0,672.0,149.0,172028,sr_legacy_food
"Fast Foods, Biscuit, With Egg",Fast Foods,301.0,12.0,24.4,17.5,0.2,0.0,816.0,131.0,172029,sr_legacy_food
"Fast Foods, Biscuit, With Ham",Fast Foods,342.0,11.8,38.8,16.3,0.7,0.0,974.0,174.0,172030,sr_legacy_food
"Fast Foods, Biscuit, With Sausage",Fast Foods,371.0,9.7,30.0,24.4,0.4,0.0,814.0,153.0,172031,sr_legacy_food
"Fast Foods, English Muffin, With Cheese And Sausage",Fast Foods,338.0,13.3,25.3,20.7,0.5,0.0,668.0,179.0,172032,sr_legacy_food
"Fast Foods, English Muffin, With Egg",Fast Foods,228.0,13.6,21.7,9.7,0.4,0.0,617.0,173.0,172033,sr_legacy_food
"Fast Foods, French Toast Sticks",Fast Foods,340.0,6.0,41.2,17.7,1.4,0.0,400.0,111.0,172035,sr_legacy_food
"Fast Foods, Sundae, Strawberry",Fast Foods,175.0,4.1,29.2,5.1,0.0,0.0,60.0,177.0,172036,sr_legacy_food
"Fast Foods, Shrimp, Breaded And Fried",Fast Foods,308.0,7.8,28.0,18.9,0.7,0.0,897.0,82.0,172037,sr_legacy_food
"Fast Foods, Burrito, With Beans",Fast Foods,206.0,6.5,32.9,6.2,0.0,0.0,454.0,301.0,172038,sr_legacy_food
"Fast Foods, Burrito, With Beans And Cheese",Fast Foods,205.0,7.4,31.2,6.0,4.2,0.0,563.0,261.0,172039,sr_legacy_food
"Pizza Hut 12"" Cheese Pizza, Hand-Tossed Crust",Fast Foods,271.0,11.9,31.2,10.9,1.8,0.0,685.0,173.0,172040,sr_legacy_food
"Pizza Hut 12"" Cheese Pizza, Pan Crust",Fast Foods,280.0,11.7,29.9,12.6,1.7,0.0,624.0,168.0,172041,sr_legacy_food
"Pizza Hut 12"" Cheese Pizza, Thin 'N Crispy Crust",Fast Foods,303.0,15.3,28.6,14.1,1.6,0.0,784.0,191.0,172042,sr_legacy_food
"Domino'S 14"" Cheese Pizza, Crunchy Thin Crust",Fast Foods,298.0,12.3,28.2,15.1,2.5,0.0,628.0,202.0,172043,sr_legacy_food
"Domino'S 14"" Pepperoni Pizza, Classic Hand-Tossed Crust",Fast Foods,273.0,11.2,31.9,11.2,2.1,0.0,611.0,183.0,172044,sr_legacy_food
"Domino'S 14"" Pepperoni Pizza, Ultimate Deep Dish Crust",Fast Foods,283.0,11.5,31.9,12.1,2.4,0.0,693.0,190.0,172045,sr_legacy_food
"Domino'S 14"" Extravaganzza Feast Pizza, Classic Hand-Tossed Crust",Fast Foods,244.0,10.3,25.7,11.1,2.0,0.0,456.0,174.0,172046,sr_legacy_food
"Little Caesars 14"" Original Round Cheese Pizza, Regular Crust",Fast Foods,265.0,13.4,31.5,9.5,1.7,0.0,454.0,170.0,172047,sr_legacy_food
"Little Caesars 14"" Original Round Pepperoni Pizza, Regular Crust",Fast Foods,273.0,13.6,31.0,10.5,1.7,0.0,518.0,178.0,172048,sr_legacy_food
"Little Caesars 14"" Original Round Meat And Vegetable Pizza, Regular Crust",Fast Foods,243.0,12.1,23.1,11.4,2.1,0.0,578.0,195.0,172049,sr_legacy_food
"Little Caesars 14"" Cheese Pizza, Large Deep Dish Crust",Fast Foods,263.0,12.6,30.1,10.2,1.3,0.0,432.0,160.0,172050,sr_legacy_food
"Pizza Hut 14"" Cheese Pizza, Thin 'N Crispy Crust",Fast Foods,306.0,13.4,34.2,12.8,2.4,0.0,857.0,197.0,172051,sr_legacy_food
"Pizza Hut 14"" Pepperoni Pizza, Hand-Tossed Crust",Fast Foods,291.0,12.2,32.1,12.6,2.6,0.0,759.0,207.0,172052,sr_legacy_food
"Pizza Hut 14"" Pepperoni Pizza, Pan Crust",Fast Foods,291.0,11.5,31.8,13.1,2.0,0.0,676.0,187.0,172053,sr_legacy_food
"Pizza Hut 14"" Super Supreme Pizza, Hand-Tossed Crust",Fast Foods,248.0,11.3,26.0,11.0,2.3,0.0,658.0,208.0,172054,sr_legacy_food
"Fast Foods, Griddle Cake Sandwich, Egg",Fast Foods,291.0,10.8,22.0,17.7,0.6,0.0,652.0,146.0,172056,sr_legacy_food
"Fast Foods, Griddle Cake Sandwich, Sausage",Fast Foods,318.0,8.4,31.2,17.8,1.0,0.0,737.0,145.0,172057,sr_legacy_food
"Mcdonald'S, Sausage Mcgriddles",Fast Foods,312.0,8.4,31.2,17.8,1.0,0.0,737.0,145.0,172059,sr_legacy_food
"Mcdonald'S, Sausage, Egg & Cheese Mcgriddles",Fast Foods,283.0,10.8,22.0,17.7,0.6,0.0,652.0,146.0,172060,sr_legacy_food
"Mcdonald'S, Vanilla Reduced Fat Ice Cream Cone",Fast Foods,162.0,4.2,26.4,4.9,0.1,0.0,67.0,193.0,172061,sr_legacy_food
"Mcdonald'S, Strawberry Sundae",Fast Foods,158.0,3.2,28.1,4.0,0.0,0.0,47.0,173.0,172062,sr_legacy_food
"Mcdonald'S, Sausage Burrito",Fast Foods,277.0,11.1,23.0,15.6,1.2,0.0,744.0,150.0,172063,sr_legacy_food
"Mcdonald'S, Big Breakfast",Fast Foods,285.0,10.2,17.5,19.4,1.1,0.0,549.0,207.0,172064,sr_legacy_food
"Mcdonald'S, Double Cheeseburger",Fast Foods,282.0,15.5,18.8,16.1,0.8,0.0,668.0,216.0,172065,sr_legacy_food
"Mcdonald'S, Double Quarter Pounder With Cheese",Fast Foods,262.0,17.0,14.4,16.2,1.0,0.0,476.0,242.0,172066,sr_legacy_food
"Mcdonald'S, Big Mac (Without Big Mac Sauce)",Fast Foods,234.0,12.8,21.0,11.6,1.7,0.0,454.0,192.0,172067,sr_legacy_food
"Mcdonald'S, Sausage Mcmuffin With Egg",Fast Foods,274.0,12.6,17.3,17.8,0.9,0.0,572.0,171.0,172068,sr_legacy_food
"Mcdonald'S, Bacon Egg & Cheese Biscuit",Fast Foods,304.0,13.4,22.3,18.8,0.9,0.0,863.0,121.0,172069,sr_legacy_food
"Mcdonald'S, Sausage Biscuit",Fast Foods,376.0,9.6,27.2,25.4,1.2,0.0,875.0,177.0,172070,sr_legacy_food
"Mcdonald'S, Sausage Biscuit With Egg",Fast Foods,311.0,11.3,19.3,22.3,0.8,0.0,664.0,165.0,172071,sr_legacy_food
Mcdonald'S Bacon Ranch Salad With Crispy Chicken,Fast Foods,122.0,8.8,6.1,6.3,1.0,0.0,273.0,0.0,172072,sr_legacy_food
"Mcdonald'S, Bacon Ranch Salad Without Chicken",Fast Foods,61.0,4.1,4.2,3.6,1.5,0.0,132.0,201.0,172073,sr_legacy_food
"Mcdonald'S, Side Salad",Fast Foods,20.0,1.0,4.3,0.2,1.6,0.0,12.0,220.0,172074,sr_legacy_food
"Mcdonald'S, Fruit 'N Yogurt Parfait",Fast Foods,105.0,2.7,20.7,1.3,1.0,0.0,58.0,167.0,172075,sr_legacy_food
"Burger King, Croissan'Wich With Egg And Cheese",Fast Foods,283.0,10.4,24.8,15.8,0.7,0.0,650.0,168.0,172076,sr_legacy_food
"Burger King, French Toast Sticks",Fast Foods,349.0,6.0,41.2,17.7,1.4,0.0,428.0,111.0,172077,sr_legacy_food
"Burger King, Hash Brown Rounds",Fast Foods,302.0,2.8,29.4,19.3,2.3,0.0,568.0,364.0,172078,sr_legacy_food
"Fast Foods, Miniature Cinnamon Rolls",Fast Foods,403.0,7.0,53.4,18.0,2.2,0.0,554.0,131.0,172079,sr_legacy_food
"Fast Foods, Hamburger; Double, Large Patty; With Condiments",Fast Foods,252.0,13.9,13.7,15.7,1.4,0.0,289.0,192.0,172080,sr_legacy_food
"Fast Foods, Cheeseburger; Single, Large Patty; With Condiments",Fast Foods,268.0,13.7,17.7,15.8,1.1,0.0,473.0,208.0,172081,sr_legacy_food
"Fast Foods, Cheeseburger; Double, Large Patty; With Condiments",Fast Foods,253.0,15.5,12.6,15.6,1.3,0.0,405.0,202.0,172083,sr_legacy_food
"Fast Foods, Cheeseburger; Double, Regular Patty; Double Decker Bun With Condiments And Special Sauce",Fast Foods,261.0,11.9,21.5,14.1,1.4,0.0,485.0,182.0,172084,sr_legacy_food
"Light Ice Cream, Soft Serve, Blended With Cookie Pieces",Fast Foods,169.0,4.0,25.6,5.7,0.1,0.0,75.0,198.0,172085,sr_legacy_food
"Popeyes, Biscuit",Fast Foods,401.0,6.0,41.0,23.7,3.8,0.0,745.0,173.0,172086,sr_legacy_food
"Popeyes, Coleslaw",Fast Foods,161.0,1.0,14.1,11.2,1.7,0.0,218.0,118.0,172087,sr_legacy_food
"Popeyes, Mild Chicken Strips, Analyzed 2006",Fast Foods,271.0,19.2,19.3,13.0,0.8,0.0,922.0,269.0,172088,sr_legacy_food
"Spaghetti With Meat Sauce, Frozen Entree",Meals,90.0,5.0,15.2,1.0,1.8,0.0,238.0,144.0,172089,sr_legacy_food
"Beef Macaroni With Tomato Sauce, Frozen Entree, Reduced Fat",Meals,113.0,5.9,18.0,2.0,1.4,0.0,178.0,202.0,172090,sr_legacy_food
"Pasta With Sliced Franks In Tomato Sauce, Canned Entree",Meals,90.0,4.4,12.7,2.4,1.6,0.0,287.0,191.0,172091,sr_legacy_food
"Turkey Pot Pie, Frozen Entree",Meals,176.0,6.5,17.7,8.8,1.1,0.0,350.0,0.0,172092,sr_legacy_food
"Beef Pot Pie, Frozen Entree, Prepared",Meals,220.0,7.2,22.0,11.4,0.8,0.0,365.0,115.0,172093,sr_legacy_food
"Tortellini, Pasta With Cheese Filling, Fresh-Refrigerated",Meals,307.0,13.5,47.0,7.2,1.9,0.0,406.0,89.0,172094,sr_legacy_food
"Pizza, Meat Topping, Thick Crust",Fast Foods,274.0,11.8,30.8,11.5,2.3,0.0,690.0,201.0,172095,sr_legacy_food
"Pizza, Pepperoni Topping, Regular Crust",Fast Foods,274.0,14.4,24.7,13.1,2.0,0.0,590.0,239.0,172096,sr_legacy_food
"Chili Con Carne With Beans, Canned Entree",Meals,107.0,5.8,13.1,3.5,3.3,0.0,449.0,264.0,172097,sr_legacy_food
"Chili, No Beans, Canned Entree",Meals,118.0,7.5,6.1,7.1,0.5,0.0,411.0,185.0,172098,sr_legacy_food
"Spaghetti, With Meatballs In Tomato Sauce, Canned",Meals,100.0,4.4,11.4,4.1,2.7,0.0,280.0,217.0,172099,sr_legacy_food
"Pasta With Tomato Sauce, No Meat, Canned",Meals,71.0,2.2,13.9,0.7,0.9,0.0,381.0,192.0,172100,sr_legacy_food
"Lasagna With Meat & Sauce, Low-Fat, Frozen Entree",Meals,101.0,6.8,13.5,2.2,1.3,0.0,181.0,150.0,172101,sr_legacy_food
"Burrito, Beef And Bean, Microwaved",Meals,298.0,8.7,39.0,11.9,6.9,0.0,659.0,271.0,172102,sr_legacy_food
"Egg Rolls, Pork, Refrigerated",Meals,227.0,9.9,28.5,8.2,0.0,0.0,407.0,212.0,172103,sr_legacy_food
"Egg Rolls, Chicken, Refrigerated",Meals,197.0,10.4,28.5,4.5,2.4,0.0,478.0,281.0,172104,sr_legacy_food
"Egg Rolls, Vegetable, Frozen",Meals,214.0,6.0,31.8,7.0,2.4,0.0,490.0,222.0,172105,sr_legacy_food
"Lasagna, Vegetable, Frozen",Meals,139.0,6.9,14.2,6.0,1.9,0.0,445.0,170.0,172106,sr_legacy_food
"Hot Pockets, Meatballs & Mozzarella Stuffed Sandwich, Frozen",Meals,252.0,9.3,30.7,10.2,2.2,0.0,378.0,204.0,172107,sr_legacy_food
"Lean Pockets, Ham N Cheddar",Meals,230.0,10.3,32.5,6.5,1.7,0.0,423.0,203.0,172108,sr_legacy_food
"Lean Pockets, Meatballs & Mozzarella",Meals,240.0,10.5,32.3,7.7,2.0,0.0,557.0,221.0,172109,sr_legacy_food
"Chili With Beans, Microwavable Bowls",Meals,100.0,5.8,10.9,3.7,2.9,0.0,385.0,245.0,172110,sr_legacy_food
"Chicken, Nuggets, Dark And White Meat",Meals,268.0,12.0,16.1,17.3,1.6,0.0,540.0,206.0,172111,sr_legacy_food
"Chicken, Nuggets, White Meat",Meals,261.0,14.4,16.2,15.4,0.7,0.0,538.0,281.0,172112,sr_legacy_food
"Ravioli, Cheese With Tomato Sauce, Frozen",Meals,111.0,4.5,17.3,2.6,1.4,0.0,280.0,233.0,172113,sr_legacy_food
"Lasagna With Meat Sauce, Frozen, Prepared",Meals,135.0,7.3,15.4,4.9,1.7,0.0,373.0,196.0,172114,sr_legacy_food
"Beef, Round, Knuckle",Protein,174.0,28.8,0.0,5.7,0.0,0.0,55.0,365.0,172119,sr_legacy_food
"Beef, Chuck, Shoulder Clod",Protein,145.0,20.5,0.0,6.4,0.0,0.0,59.0,339.0,172122,sr_legacy_food
"Beef, Round, Outside Round",Protein,150.0,21.2,0.0,6.6,0.0,0.0,63.0,338.0,172128,sr_legacy_food
"Beef, Plate Steak, Boneless",Protein,171.0,20.9,0.0,9.8,0.0,0.0,67.0,264.0,172137,sr_legacy_food
"Beef, Rib, Back Ribs",Protein,239.0,19.1,0.5,17.9,0.0,0.0,60.0,258.0,172145,sr_legacy_food
"Beef, Ground, Unspecified Fat Content",Protein,240.0,25.1,0.6,14.5,0.0,0.0,85.0,353.0,172161,sr_legacy_food
"Beef, Loin, Top Sirloin Cap Steak",Protein,181.0,28.3,0.7,7.2,0.0,0.0,62.0,371.0,172170,sr_legacy_food
"Cheese, Blue",Dairy,353.0,21.4,2.3,28.7,0.0,0.0,1146.0,256.0,172175,sr_legacy_food
"Cheese, Brick",Dairy,371.0,23.2,2.8,29.7,0.0,0.0,560.0,136.0,172176,sr_legacy_food
"Cheese, Brie",Dairy,334.0,20.8,0.4,27.7,0.0,0.0,629.0,152.0,172177,sr_legacy_food
"Cheese, Camembert",Dairy,300.0,19.8,0.5,24.3,0.0,0.0,842.0,187.0,172178,sr_legacy_food
"Cheese, Cottage, Creamed",Dairy,98.0,11.1,3.4,4.3,0.0,0.0,315.0,104.0,172179,sr_legacy_food
"Cheese, Cottage, Nonfat",Dairy,72.0,10.3,6.7,0.3,0.0,0.0,372.0,137.0,172181,sr_legacy_food
"Egg, White, Raw",Dairy,52.0,10.9,0.7,0.2,0.0,0.0,166.0,163.0,172183,sr_legacy_food
"Egg, Yolk, Raw",Dairy,322.0,15.9,3.6,26.5,0.0,0.0,48.0,109.0,172184,sr_legacy_food
"Egg, Whole, Cooked",Dairy,154.0,10.6,0.6,11.7,0.0,0.0,155.0,117.0,172185,sr_legacy_food
"Egg, Whole, Dried",Dairy,592.0,48.0,1.1,43.9,0.0,0.0,476.0,540.0,172188,sr_legacy_food
"Egg, Duck, Whole",Dairy,185.0,12.8,1.4,13.8,0.0,0.0,146.0,222.0,172189,sr_legacy_food
"Egg, Goose, Whole",Dairy,185.0,13.9,1.4,13.3,0.0,0.0,138.0,210.0,172190,sr_legacy_food
"Egg, Quail, Whole",Dairy,158.0,13.0,0.4,11.1,0.0,0.0,141.0,132.0,172191,sr_legacy_food
"Egg, Turkey, Whole",Dairy,171.0,13.7,1.2,11.9,0.0,0.0,151.0,142.0,172192,sr_legacy_food
"Cheese, Goat, Hard Type",Dairy,452.0,30.5,2.2,35.6,0.0,0.0,423.0,48.0,172197,sr_legacy_food
"Cheese Substitute, Mozzarella",Dairy,248.0,11.5,23.7,12.2,0.0,0.0,685.0,455.0,172198,sr_legacy_food
"Cheese Sauce, Prepared From Recipe",Dairy,197.0,10.3,5.5,14.9,0.1,0.0,493.0,142.0,172200,sr_legacy_food
"Cheese, Mexican, Queso Anejo",Dairy,373.0,21.4,4.6,30.0,0.0,0.0,1131.0,87.0,172201,sr_legacy_food
"Parmesan Cheese Topping, Fat Free",Dairy,370.0,40.0,40.0,5.0,0.0,0.0,1150.0,600.0,172206,sr_legacy_food
"Cheese, Cream, Fat Free",Dairy,105.0,15.7,7.7,1.0,0.0,0.0,702.0,278.0,172207,sr_legacy_food
"Yogurt, Chocolate, Nonfat Milk",Dairy,112.0,3.5,23.5,0.0,1.2,0.0,135.0,339.0,172208,sr_legacy_food
Kraft Cheez Whiz Pasteurized Process Cheese Sauce,Dairy,276.0,12.0,9.2,21.0,0.3,0.0,1638.0,240.0,172209,sr_legacy_food
Kraft Breakstone'S Reduced Fat Sour Cream,Dairy,152.0,4.5,6.5,12.0,0.1,0.0,59.0,210.0,172210,sr_legacy_food
Kraft Breakstone'S Free Fat Free Sour Cream,Dairy,91.0,4.7,15.1,1.3,0.0,0.0,72.0,219.0,172211,sr_legacy_food
"Cream, Half And Half, Fat Free",Dairy,59.0,2.6,9.0,1.4,0.0,0.0,100.0,206.0,172212,sr_legacy_food
Reddi Wip Fat Free Whipped Topping,Dairy,149.0,3.0,25.0,5.0,0.4,0.0,72.0,108.0,172213,sr_legacy_food
"Cream Substitute, Flavored, Powdered",Dairy,482.0,0.7,75.4,21.5,1.2,0.0,123.0,90.0,172214,sr_legacy_food
"Cheese, Provolone, Reduced Fat",Dairy,274.0,24.7,3.5,17.6,0.0,0.0,615.0,138.0,172215,sr_legacy_food
"Cheese, Mexican, Blend",Dairy,282.0,24.7,3.4,19.4,0.0,0.0,776.0,93.0,172216,sr_legacy_food
"Yogurt, Fruit, Lowfat",Dairy,105.0,4.9,18.6,1.4,0.0,0.0,58.0,194.0,172218,sr_legacy_food
"Yogurt, Vanilla, Low Fat",Dairy,85.0,4.9,13.8,1.2,0.0,0.0,66.0,219.0,172219,sr_legacy_food
"Yogurt, Vanilla Or Lemon Flavor, Nonfat Milk",Dairy,43.0,3.9,7.5,0.2,0.0,0.0,59.0,177.0,172220,sr_legacy_food
"Cheese, Dry White, Queso Seco",Dairy,325.0,24.5,2.0,24.4,0.0,0.0,1808.0,116.0,172222,sr_legacy_food
"Cheese, Fresh, Queso Fresco",Dairy,299.0,18.1,3.0,23.8,0.0,0.0,751.0,129.0,172223,sr_legacy_food
"Cheese, White, Queso Blanco",Dairy,310.0,20.4,2.5,24.3,0.0,0.0,704.0,126.0,172224,sr_legacy_food
Ice Cream Sandwich,Dairy,237.0,4.3,37.1,8.6,0.0,0.0,129.0,115.0,172226,sr_legacy_food
Ice Cream Cookie Sandwich,Dairy,240.0,3.7,39.6,7.4,1.2,0.0,162.0,68.0,172227,sr_legacy_food
"Ice Cream Cone, Chocolate Covered, With Nuts",Dairy,354.0,5.2,34.4,21.9,1.0,0.0,94.0,222.0,172228,sr_legacy_food
"Ice Cream Sandwich, Made With Light Ice Cream, Vanilla",Dairy,186.0,4.3,39.6,3.0,0.0,0.0,146.0,41.0,172229,sr_legacy_food
"Ice Cream Sandwich, Vanilla, Light",Dairy,200.0,5.7,42.9,2.9,7.1,0.0,164.0,41.0,172230,sr_legacy_food
"Spices, Turmeric, Ground",Herbs & Spices,312.0,9.7,67.1,3.2,22.7,0.0,27.0,2080.0,172231,sr_legacy_food
"Basil, Fresh",Herbs & Spices,23.0,3.2,2.6,0.6,1.6,0.0,4.0,295.0,172232,sr_legacy_food
"Dill Weed, Fresh",Herbs & Spices,43.0,3.5,7.0,1.1,2.1,0.0,61.0,738.0,172233,sr_legacy_food
"Mustard, Prepared, Yellow",Herbs & Spices,60.0,3.7,5.8,3.3,4.0,0.0,1104.0,152.0,172234,sr_legacy_food
"Vanilla Extract, Imitation, Alcohol",Herbs & Spices,237.0,0.0,2.4,0.0,0.0,0.0,4.0,98.0,172235,sr_legacy_food
"Vanilla Extract, Imitation, No Alcohol",Herbs & Spices,56.0,0.0,14.4,0.0,0.0,0.0,3.0,0.0,172236,sr_legacy_food
"Vinegar, Distilled",Herbs & Spices,18.0,0.0,0.0,0.0,0.0,0.0,2.0,2.0,172237,sr_legacy_food
"Capers, Canned",Herbs & Spices,23.0,2.4,4.9,0.9,3.2,0.0,2348.0,40.0,172238,sr_legacy_food
"Spearmint, Dried",Herbs & Spices,285.0,19.9,52.0,6.0,29.8,0.0,344.0,1924.0,172239,sr_legacy_food
"Vinegar, Red Wine",Herbs & Spices,19.0,0.0,0.3,0.0,0.0,0.0,8.0,39.0,172240,sr_legacy_food
"Vinegar, Balsamic",Herbs & Spices,88.0,0.5,17.0,0.0,0.0,0.0,23.0,112.0,172241,sr_legacy_food
"Seasoning Mix, Dry, Taco",Herbs & Spices,322.0,4.5,58.0,0.0,13.3,0.0,7203.0,1000.0,172243,sr_legacy_food
"Babyfood, Meat, Beef",Baby Foods,81.0,12.0,2.4,2.5,0.0,0.0,41.0,187.0,172244,sr_legacy_food
"Babyfood, Meat, Veal",Baby Foods,81.0,13.1,1.5,2.4,0.0,0.0,39.0,170.0,172245,sr_legacy_food
"Babyfood, Meat, Pork",Baby Foods,124.0,14.0,0.0,7.1,0.0,0.0,42.0,223.0,172246,sr_legacy_food
"Babyfood, Meat, Ham",Baby Foods,97.0,11.3,3.7,3.8,0.0,0.0,44.0,204.0,172247,sr_legacy_food
"Babyfood, Meat, Chicken",Baby Foods,146.0,14.0,0.0,9.6,0.0,0.0,49.0,122.0,172248,sr_legacy_food
"Babyfood, Meat, Chicken Sticks",Baby Foods,188.0,14.6,1.5,14.4,0.2,0.0,267.0,106.0,172249,sr_legacy_food
"Babyfood, Meat, Turkey",Baby Foods,111.0,11.5,1.4,6.2,0.0,0.0,49.0,135.0,172250,sr_legacy_food
"Babyfood, Finger Snacks, Gerber",Baby Foods,344.0,6.2,85.8,2.3,3.8,0.0,13.0,196.0,172252,sr_legacy_food
"Babyfood, Gerber, 3Rd Foods",Baby Foods,48.0,0.5,12.9,0.0,2.0,0.0,2.0,123.0,172254,sr_legacy_food
"Babyfood, Tropical Fruit Medley",Baby Foods,46.0,0.3,12.2,0.1,1.3,0.0,0.0,141.0,172255,sr_legacy_food
"Babyfood, Dinner, Vegetables And Dumplings And Beef",Baby Foods,48.0,2.0,7.7,0.9,0.0,0.0,49.0,46.0,172256,sr_legacy_food
"Babyfood, Ravioli, Cheese Filled",Baby Foods,99.0,3.6,16.3,2.2,0.1,0.0,282.0,32.0,172257,sr_legacy_food
"Babyfood, Dinner, Beef Noodle",Baby Foods,63.0,2.4,8.2,2.3,1.3,0.0,15.0,87.0,172258,sr_legacy_food
"Babyfood, Macaroni And Cheese, Toddler",Baby Foods,82.0,3.5,11.2,2.6,0.5,0.0,264.0,18.0,172259,sr_legacy_food
"Babyfood, Dinner, Beef And Rice",Baby Foods,82.0,5.0,8.8,2.9,0.0,0.0,32.0,120.0,172260,sr_legacy_food
"Babyfood, Dinner, Beef With Vegetables",Baby Foods,96.0,2.0,6.4,6.9,1.8,0.0,38.0,127.0,172261,sr_legacy_food
"Babyfood, Dinner, Vegetables And Lamb",Baby Foods,51.0,2.1,7.1,1.7,1.1,0.0,13.0,95.0,172262,sr_legacy_food
"Babyfood, Dinner, Chicken Noodle",Baby Foods,74.0,3.5,7.8,3.2,1.7,0.0,25.0,143.0,172263,sr_legacy_food
"Babyfood, Dinner, Vegetables",Baby Foods,64.0,1.7,9.1,2.2,1.1,0.0,26.0,59.0,172265,sr_legacy_food
"Babyfood, Dinner, Pasta With Vegetables",Baby Foods,60.0,1.7,8.4,2.1,1.5,0.0,11.0,133.0,172266,sr_legacy_food
"Babyfood, Dinner, Vegetables And Noodles And Turkey",Baby Foods,44.0,1.2,6.8,1.2,1.1,0.0,21.0,63.0,172267,sr_legacy_food
"Babyfood, Dinner, Turkey And Rice",Baby Foods,52.0,2.3,7.9,1.2,0.9,0.0,19.0,91.0,172269,sr_legacy_food
"Babyfood, Dinner, Macaroni And Cheese",Baby Foods,61.0,2.6,8.2,2.0,0.3,0.0,183.0,44.0,172270,sr_legacy_food
"Babyfood, Vegetables, Green Beans",Baby Foods,27.0,1.2,6.3,0.2,2.2,0.0,7.0,146.0,172271,sr_legacy_food
"Babyfood, Green Beans, Dices",Baby Foods,29.0,1.2,5.7,0.2,1.3,0.0,37.0,116.0,172273,sr_legacy_food
"Babyfood, Vegetables, Squash",Baby Foods,28.0,0.8,5.7,0.2,0.9,0.0,5.0,185.0,172274,sr_legacy_food
"Babyfood, Vegetables, Sweet Potatoes Strained",Baby Foods,57.0,1.1,13.2,0.1,1.5,0.0,22.0,263.0,172276,sr_legacy_food
"Babyfood, Vegetables, Sweet Potatoes",Baby Foods,60.0,1.1,14.0,0.1,1.5,0.0,18.0,243.0,172277,sr_legacy_food
"Babyfood, Fruit, Applesauce",Baby Foods,37.0,0.0,10.3,0.0,1.7,0.0,1.0,77.0,172278,sr_legacy_food
"Babyfood, Dinner, Mixed Vegetable",Baby Foods,34.0,1.0,7.9,0.1,1.0,0.0,40.0,112.0,172281,sr_legacy_food
"Babyfood, Vegetables, Mix Vegetables Junior",Baby Foods,36.0,1.4,8.2,0.4,1.5,0.0,36.0,170.0,172283,sr_legacy_food
"Babyfood, Vegetables, Garden Vegetable",Baby Foods,32.0,2.3,6.8,0.2,1.5,0.0,31.0,168.0,172284,sr_legacy_food
"Babyfood, Plums, Bananas And Rice",Baby Foods,57.0,1.1,12.7,0.3,1.3,0.0,0.0,265.0,172285,sr_legacy_food
"Babyfood, Dinner, Turkey",Baby Foods,60.0,3.8,7.5,1.6,0.8,0.0,176.0,107.0,172286,sr_legacy_food
"Babyfood, Dinner, Apples And Chicken",Baby Foods,65.0,2.2,10.9,1.4,1.8,0.0,12.0,95.0,172287,sr_legacy_food
"Babyfood, Dinner, Broccoli And Chicken",Baby Foods,62.0,3.6,6.3,2.5,1.4,0.0,17.0,170.0,172288,sr_legacy_food
"Infant Formula, Mead Johnson, Enfamil Premature High Protein 24 Calories",Baby Foods,81.0,2.8,8.7,3.9,0.0,0.0,55.0,77.0,172289,sr_legacy_food
"Infant Formula, Mead Johnson, Enfamil Premature 30 Calories",Baby Foods,101.0,3.2,11.1,4.8,0.0,0.0,68.0,95.0,172290,sr_legacy_food
"Infant Formula, Mead Johnson, Enfamil For Supplementing",Baby Foods,513.0,11.7,55.8,27.0,0.0,0.0,184.0,550.0,172291,sr_legacy_food
"Infant Formula, Mead Johnson, Enfamil Reguline Powder",Baby Foods,513.0,11.7,55.9,27.0,0.0,0.0,183.0,550.0,172292,sr_legacy_food
"Infant Formula, Mead Johnson, Pregestimil 24 Calories",Baby Foods,72.0,2.2,6.0,4.4,0.0,0.0,37.0,86.0,172293,sr_legacy_food
"Toddler Drink, Mead Johnson, Puramino Toddler Powder",Baby Foods,512.0,13.9,55.7,26.0,0.0,0.0,230.0,550.0,172294,sr_legacy_food
"Infant Formula, Mead Johnson, Enfamil Lipil",Baby Foods,64.0,1.4,7.1,3.5,0.0,0.0,18.0,71.0,172304,sr_legacy_food
"Child Formula, Abbott Nutrition, Pediasure",Baby Foods,99.0,2.9,11.2,4.8,0.0,0.0,36.0,125.0,172313,sr_legacy_food
"Infant Formula, Mead Johnson, Next Step",Baby Foods,480.0,15.6,57.1,21.0,0.0,0.0,171.0,570.0,172314,sr_legacy_food
"Babyfood, Corn And Sweet Potatoes, Strained",Baby Foods,68.0,1.3,15.2,0.3,1.8,0.0,14.0,154.0,172317,sr_legacy_food
"Infant Formula, Pbm Products, Store Brand",Baby Foods,63.0,1.4,6.4,3.5,0.0,0.0,14.0,55.0,172319,sr_legacy_food
"Infant Formula, Abbott Nutrition, Similac Neosure",Baby Foods,69.0,1.9,6.9,3.8,0.0,0.0,23.0,97.0,172323,sr_legacy_food
"Shortening, Household, Lard And Vegetable Oil",Fats & Oils,900.0,0.0,0.0,100.0,0.0,0.0,0.0,0.0,172327,sr_legacy_food
"Shortening Bread, Soybean (Hydrogenated) And Cottonseed",Fats & Oils,884.0,0.0,0.0,100.0,0.0,0.0,0.0,0.0,172329,sr_legacy_food
"Shortening Cake Mix, Soybean (Hydrogenated) And Cottonseed (Hydrogenated)",Fats & Oils,884.0,0.0,0.0,100.0,0.0,0.0,0.0,0.0,172330,sr_legacy_food
"Shortening Frying (Heavy Duty), Palm (Hydrogenated)",Fats & Oils,884.0,0.0,0.0,100.0,0.0,0.0,0.0,0.0,172331,sr_legacy_food
Shortening Household Soybean (Hydrogenated) And Palm,Fats & Oils,884.0,0.0,0.0,100.0,0.0,0.0,0.0,0.0,172332,sr_legacy_food
"Shortening Frying (Heavy Duty), Soybean (Hydrogenated), Linoleic (Less Than 1%)",Fats & Oils,884.0,0.0,0.0,100.0,0.0,0.0,0.0,0.0,172333,sr_legacy_food
"Shortening, Confectionery, Fractionated Palm",Fats & Oils,884.0,0.0,0.0,100.0,0.0,0.0,0.0,0.0,172334,sr_legacy_food
"Oil, Nutmeg Butter",Fats & Oils,884.0,0.0,0.0,100.0,0.0,0.0,0.0,0.0,172335,sr_legacy_food
"Oil, Canola",Fats & Oils,884.0,0.0,0.0,100.0,0.0,0.0,0.0,0.0,172336,sr_legacy_food
"Oil, Mustard",Fats & Oils,884.0,0.0,0.0,100.0,0.0,0.0,0.0,0.0,172337,sr_legacy_food
"Oil, Sunflower, High Oleic (70% And Over)",Fats & Oils,884.0,0.0,0.0,100.0,0.0,0.0,0.0,0.0,172338,sr_legacy_food
"Margarine-Like, Margarine-Butter Blend, Soybean Oil And Butter",Fats & Oils,727.0,0.3,0.8,80.3,0.0,0.0,719.0,22.0,172339,sr_legacy_food
"Fish Oil, Herring",Fats & Oils,902.0,0.0,0.0,100.0,0.0,0.0,0.0,0.0,172340,sr_legacy_food
"Fish Oil, Menhaden",Fats & Oils,902.0,0.0,0.0,100.0,0.0,0.0,0.0,0.0,172341,sr_legacy_food
"Fish Oil, Menhaden, Fully Hydrogenated",Fats & Oils,902.0,0.0,0.0,100.0,0.0,0.0,0.0,0.0,172342,sr_legacy_food
"Fish Oil, Salmon",Fats & Oils,902.0,0.0,0.0,100.0,0.0,0.0,0.0,0.0,172343,sr_legacy_food
"Butter, Light, Stick",Fats & Oils,499.0,3.3,0.0,55.1,0.0,0.0,36.0,71.0,172344,sr_legacy_food
"Animal Fat, Bacon Grease",Fats & Oils,897.0,0.0,0.0,99.5,0.0,0.0,150.0,0.0,172345,sr_legacy_food
"Margarine-Like, Vegetable Oil Spread, Fat Free",Fats & Oils,43.0,1.5,2.5,3.0,0.0,0.0,833.0,50.0,172351,sr_legacy_food
"Margarine-Like Spread With Yogurt, 70% Fat, Stick",Fats & Oils,630.0,0.3,0.5,70.0,0.0,0.0,590.0,25.0,172352,sr_legacy_food
"Margarine-Like, Vegetable Oil Spread, Fat-Free",Fats & Oils,44.0,0.1,4.3,3.0,0.0,0.0,580.0,36.0,172353,sr_legacy_food
"Margarine-Like, Vegetable Oil Spread, 20% Fat",Fats & Oils,175.0,0.0,0.4,19.5,0.0,0.0,733.0,25.0,172354,sr_legacy_food
"Salad Dressing, Thousand Island Dressing, Fat-Free",Fats & Oils,132.0,0.6,29.3,1.4,3.3,0.0,788.0,122.0,172356,sr_legacy_food
"Oil, Industrial, Mid-Oleic",Fats & Oils,884.0,0.0,0.0,100.0,0.0,0.0,0.0,0.0,172357,sr_legacy_food
"Oil, Industrial, Canola With Antifoaming Agent",Fats & Oils,884.0,0.0,0.0,100.0,0.0,0.0,0.0,0.0,172358,sr_legacy_food
"Oil, Industrial, Canola For Salads",Fats & Oils,884.0,0.0,0.0,100.0,0.0,0.0,0.0,0.0,172359,sr_legacy_food
"Oil, Industrial, Canola (Partially Hydrogenated) Oil For Deep Fat Frying",Fats & Oils,884.0,0.0,0.0,100.0,0.0,0.0,0.0,0.0,172360,sr_legacy_food
"Oil, Industrial, Soy (Partially Hydrogenated)",Fats & Oils,884.0,0.0,0.0,100.0,0.0,0.0,0.0,0.0,172361,sr_legacy_food
"Oil, Industrial, Soy ( Partially Hydrogenated)",Fats & Oils,884.0,0.0,0.0,100.0,0.0,0.0,0.0,0.0,172362,sr_legacy_food
"Oil, Industrial, Soy (Partially Hydrogenated ) And Soy (Winterized)",Fats & Oils,884.0,0.0,0.0,100.0,0.0,0.0,0.0,0.0,172363,sr_legacy_food
"Oil, Industrial, Soy (Partially Hydrogenated)  And Cottonseed",Fats & Oils,884.0,0.0,0.0,100.0,0.0,0.0,0.0,0.0,172364,sr_legacy_food
"Oil, Industrial, Coconut",Fats & Oils,884.0,0.0,0.0,100.0,0.0,0.0,5.0,2.0,172365,sr_legacy_food
"Oil, Industrial, Palm Kernel (Hydrogenated)",Fats & Oils,884.0,0.0,0.0,100.0,0.0,0.0,6.0,2.0,172366,sr_legacy_food
"Oil, Industrial, Coconut (Hydrogenated)",Fats & Oils,880.0,0.0,0.0,99.5,0.0,0.0,7.0,2.0,172367,sr_legacy_food
"Oil, Industrial, Palm And Palm Kernel",Fats & Oils,880.0,0.0,0.0,99.5,0.0,0.0,6.0,4.0,172368,sr_legacy_food
"Margarine, Industrial, Soy And Partially Hydrogenated Soy Oil",Fats & Oils,714.0,0.2,0.7,80.0,0.0,0.0,886.0,18.0,172369,sr_legacy_food
"Oil, Vegetable, Soybean",Fats & Oils,884.0,0.0,0.0,100.0,0.0,0.0,0.0,0.0,172370,sr_legacy_food
"Margarine-Like Spread, Smart Balance Regular Buttery Spread With Flax Oil",Fats & Oils,583.0,0.1,0.1,64.6,0.0,0.0,646.0,28.0,172371,sr_legacy_food
"Margarine-Like Spread, Smart Balance Light Buttery Spread",Fats & Oils,337.0,0.0,2.0,36.4,0.0,0.0,580.0,32.0,172372,sr_legacy_food
"Chicken, Broilers Or Fryers, Leg",Protein,214.0,16.4,0.2,16.0,0.0,0.0,84.0,203.0,172378,sr_legacy_food
"Chicken, Broilers Or Fryers, Neck",Protein,297.0,14.1,0.0,26.2,0.0,0.0,64.0,137.0,172382,sr_legacy_food
"Chicken, Broilers Or Fryers, Thigh",Protein,221.0,16.5,0.2,16.6,0.0,0.0,81.0,204.0,172385,sr_legacy_food
"Chicken, Broilers Or Fryers, Wing",Protein,191.0,17.5,0.0,12.8,0.0,0.0,84.0,187.0,172390,sr_legacy_food
"Chicken, Roasting, Meat And Skin And Giblets And Neck",Protein,213.0,17.1,0.1,15.5,0.0,0.0,69.0,196.0,172394,sr_legacy_food
"Chicken, Roasting, Meat Only",Protein,167.0,25.0,0.0,6.6,0.0,0.0,75.0,229.0,172395,sr_legacy_food
"Chicken, Roasting, Giblets",Protein,127.0,18.1,1.1,5.0,0.0,0.0,77.0,227.0,172396,sr_legacy_food
"Chicken, Roasting, Light Meat",Protein,109.0,22.2,0.0,1.6,0.0,0.0,51.0,252.0,172398,sr_legacy_food
"Chicken, Stewing, Meat And Skin",Protein,214.0,24.9,0.0,11.9,0.0,0.0,67.0,171.0,172399,sr_legacy_food
"Chicken, Stewing, Meat Only",Protein,148.0,21.3,0.0,6.3,0.0,0.0,79.0,251.0,172402,sr_legacy_food
"Chicken, Stewing, Dark Meat",Protein,157.0,19.7,0.0,8.1,0.0,0.0,101.0,242.0,172404,sr_legacy_food
"Chicken, Capons, Meat And Skin And Giblets And Neck",Protein,232.0,18.5,0.1,16.9,0.0,0.0,47.0,213.0,172406,sr_legacy_food
"Duck, Domesticated, Meat And Skin",Protein,404.0,11.5,0.0,39.3,0.0,0.0,63.0,209.0,172408,sr_legacy_food
"Duck, Domesticated, Meat Only",Protein,135.0,18.3,0.9,6.0,0.0,0.0,74.0,271.0,172410,sr_legacy_food
"Goose, Domesticated, Meat And Skin",Protein,305.0,25.2,0.0,21.9,0.0,0.0,70.0,329.0,172412,sr_legacy_food
"Goose, Domesticated, Meat Only",Protein,161.0,22.8,0.0,7.1,0.0,0.0,87.0,420.0,172413,sr_legacy_food
"Goose, Liver, Raw",Protein,133.0,16.4,6.3,4.3,0.0,0.0,140.0,230.0,172415,sr_legacy_food
"Guinea Hen, Meat And Skin, Raw",Protein,158.0,23.4,0.0,6.4,0.0,0.0,67.0,193.0,172416,sr_legacy_food
"Pheasant, Leg, Meat Only",Protein,134.0,22.2,0.0,4.3,0.0,0.0,45.0,296.0,172417,sr_legacy_food
"Quail, Meat And Skin, Raw",Protein,192.0,19.6,0.0,12.0,0.0,0.0,53.0,216.0,172418,sr_legacy_food
"Quail, Meat Only, Raw",Protein,134.0,21.8,0.0,4.5,0.0,0.0,51.0,237.0,172419,sr_legacy_food
"Lentils, Raw",Legume,352.0,24.6,63.4,1.1,10.7,0.0,6.0,677.0,172420,sr_legacy_food
"Lentils, Mature Seeds, Cooked",Legume,116.0,9.0,20.1,0.4,7.9,0.0,2.0,369.0,172421,sr_legacy_food
"Lima Beans, Thin Seeded (Baby), Mature Seeds",Legume,126.0,8.0,23.3,0.4,7.7,0.0,3.0,401.0,172422,sr_legacy_food
"Lupins, Mature Seeds, Raw",Legume,371.0,36.2,40.4,9.7,18.9,0.0,15.0,1013.0,172423,sr_legacy_food
"Lupins, Mature Seeds, Cooked",Legume,119.0,15.6,9.9,2.9,2.8,0.0,4.0,245.0,172424,sr_legacy_food
"Mothbeans, Mature Seeds, Raw",Legume,343.0,22.9,61.5,1.6,0.0,0.0,30.0,1191.0,172425,sr_legacy_food
"Mothbeans, Mature Seeds, Cooked",Legume,117.0,7.8,21.0,0.6,0.0,0.0,10.0,304.0,172426,sr_legacy_food
"Mungo Beans, Mature Seeds, Cooked",Legume,105.0,7.5,18.3,0.6,6.4,0.0,7.0,231.0,172427,sr_legacy_food
"Peas, Green, Split",Legume,364.0,23.1,61.6,3.9,22.2,0.0,5.0,852.0,172428,sr_legacy_food
"Peas, Split, Mature Seeds",Legume,118.0,8.3,21.1,0.4,8.3,0.0,2.0,362.0,172429,sr_legacy_food
"Peanuts, All Types, Raw",Legume,567.0,25.8,16.1,49.2,8.5,0.0,18.0,705.0,172430,sr_legacy_food
"Peanuts, Spanish, Oil-Roasted",Legume,579.0,28.0,17.4,49.0,8.9,0.0,433.0,776.0,172431,sr_legacy_food
"Peanuts, Valencia, Raw",Legume,570.0,25.1,20.9,47.6,8.7,0.0,1.0,332.0,172432,sr_legacy_food
"Peanuts, Valencia, Oil-Roasted",Legume,589.0,27.0,16.3,51.2,8.9,0.0,772.0,612.0,172433,sr_legacy_food
"Peanuts, Virginia, Raw",Legume,563.0,25.2,16.5,48.8,8.5,0.0,10.0,690.0,172434,sr_legacy_food
"Peanut Flour, Low Fat",Legume,428.0,33.8,31.3,21.9,15.8,0.0,1.0,1358.0,172435,sr_legacy_food
"Pigeon Peas (Red Gram), Mature Seeds, Raw",Legume,343.0,21.7,62.8,1.5,15.0,0.0,17.0,1392.0,172436,sr_legacy_food
"Pigeon Peas (Red Gram), Mature Seeds, Cooked",Legume,121.0,6.8,23.2,0.4,6.7,0.0,5.0,384.0,172437,sr_legacy_food
"Refried Beans, Canned, Traditional Style",Legume,90.0,5.0,13.6,2.0,3.7,0.0,370.0,319.0,172438,sr_legacy_food
"Bacon, Meatless",Legume,309.0,11.7,5.3,29.5,2.6,0.0,1465.0,170.0,172439,sr_legacy_food
"Soybeans, Mature Seeds, Roasted",Legume,469.0,38.6,30.2,25.4,17.7,0.0,163.0,1470.0,172440,sr_legacy_food
"Soybeans, Mature Seeds, Dry Roasted",Legume,449.0,43.3,29.0,21.6,8.1,0.0,2.0,1364.0,172441,sr_legacy_food
Miso,Legume,198.0,12.8,25.4,6.0,5.4,0.0,3728.0,210.0,172442,sr_legacy_food
Natto,Legume,211.0,19.4,12.7,11.0,5.4,0.0,7.0,729.0,172443,sr_legacy_food
"Soy Flour, Low-Fat",Legume,372.0,49.8,30.6,8.9,16.0,0.0,9.0,2090.0,172444,sr_legacy_food
"Soy Meal, Defatted, Raw",Legume,337.0,49.2,35.9,2.4,0.0,0.0,3.0,2490.0,172445,sr_legacy_food
"Soymilk, Original And Vanilla, Unfortified",Legume,54.0,3.3,6.3,1.8,0.6,0.0,51.0,118.0,172446,sr_legacy_food
"Soy Protein Concentrate, Produced By Alcohol Extraction",Legume,328.0,63.6,25.4,0.5,5.5,0.0,3.0,2202.0,172447,sr_legacy_food
"Tofu, Firm, Prepared With Calcium Sulfate And Magnesium Chloride (Nigari)",Legume,78.0,9.0,2.8,4.2,0.9,0.0,12.0,148.0,172448,sr_legacy_food
"Tofu, Soft, Prepared With Calcium Sulfate And Magnesium Chloride (Nigari)",Legume,61.0,7.2,1.2,3.7,0.2,0.0,8.0,120.0,172449,sr_legacy_food
"Tofu, Dried-Frozen (Koyadofu)",Legume,477.0,52.5,10.0,30.3,7.2,0.0,6.0,20.0,172450,sr_legacy_food
"Tofu, Fried",Legume,270.0,18.8,8.9,20.2,3.9,0.0,16.0,146.0,172451,sr_legacy_food
Okara,Legume,76.0,3.5,12.2,1.7,0.0,0.0,9.0,213.0,172452,sr_legacy_food
"Winged Beans, Mature Seeds, Cooked",Legume,147.0,10.6,14.9,5.8,0.0,0.0,13.0,280.0,172453,sr_legacy_food
"Hummus, Home Prepared",Legume,177.0,4.9,20.1,8.6,4.0,0.0,242.0,173.0,172454,sr_legacy_food
"Falafel, Home-Prepared",Legume,333.0,13.3,31.8,17.8,0.0,0.0,294.0,585.0,172455,sr_legacy_food
"Soymilk, Original And Vanilla, With Added Calcium",Legume,43.0,2.6,4.9,1.5,0.2,0.0,47.0,122.0,172456,sr_legacy_food
"Peanut Spread, Reduced Sugar",Legume,650.0,24.8,14.2,54.9,7.8,0.0,292.0,818.0,172457,sr_legacy_food
"Peanut Butter, Smooth, Reduced Fat",Legume,520.0,25.9,35.6,34.0,5.2,0.0,540.0,669.0,172458,sr_legacy_food
"Peanut Butter, Smooth, Vitamin And Mineral Fortified",Legume,591.0,25.7,18.8,50.8,5.6,0.0,420.0,667.0,172459,sr_legacy_food
"Peanut Butter, Chunky, Vitamin And Mineral Fortified",Legume,593.0,26.1,17.7,51.5,5.7,0.0,366.0,744.0,172460,sr_legacy_food
"Mori-Nu, Tofu, Silken",Legume,62.0,6.9,2.4,2.7,0.1,0.0,36.0,194.0,172461,sr_legacy_food
"Refried Beans, Canned, Fat-Free",Legume,79.0,5.3,13.5,0.4,4.7,0.0,350.0,344.0,172465,sr_legacy_food
"Frijoles Rojos Volteados (Refried Beans, Red, Canned)",Legume,144.0,5.0,15.5,6.9,4.7,0.0,375.0,310.0,172466,sr_legacy_food
"Tempeh, Cooked",Legume,195.0,19.9,7.6,11.4,0.0,0.0,14.0,401.0,172467,sr_legacy_food
"Vitasoy Usa, Nasoya Lite Firm Tofu",Legume,54.0,8.3,1.3,1.7,0.6,0.0,34.0,0.0,172468,sr_legacy_food
"Peanut Butter, Chunk Style, Without Salt",Legume,589.0,24.1,21.6,49.9,8.0,0.0,17.0,745.0,172469,sr_legacy_food
"Peanut Butter, Smooth Style, Without Salt",Legume,598.0,22.2,22.3,51.4,5.0,0.0,17.0,558.0,172470,sr_legacy_food
"Peanut Butter With Omega-3, Creamy",Legume,608.0,24.5,17.0,54.2,6.1,0.0,356.0,780.0,172471,sr_legacy_food
"Soy Sauce Made From Soy And Wheat (Shoyu), Low Sodium",Legume,57.0,9.0,5.6,0.3,0.7,0.0,3598.0,352.0,172473,sr_legacy_food
"Soy Sauce, Reduced Sodium, Made From Hydrolyzed Vegetable Protein",Legume,90.0,8.2,14.4,0.3,0.3,0.0,2890.0,3098.0,172474,sr_legacy_food
"Tofu, Raw, Firm",Legume,144.0,17.3,2.8,8.7,2.3,0.0,14.0,237.0,172475,sr_legacy_food
"Tofu, Raw, Regular",Legume,76.0,8.1,1.9,4.8,0.3,0.0,7.0,121.0,172476,sr_legacy_food
"Veal, Australian, Rib",Protein,134.0,21.7,1.4,4.6,0.0,0.0,83.0,0.0,172478,sr_legacy_food
"Lamb, Composite Of Trimmed Retail Cuts, Separable Lean And Fat",Protein,267.0,16.9,0.0,21.6,0.0,0.0,58.0,230.0,172479,sr_legacy_food
"Lamb, Foreshank, Separable Lean And Fat",Protein,201.0,18.9,0.0,13.4,0.0,0.0,72.0,214.0,172481,sr_legacy_food
"Lamb, Foreshank, Separable Lean Only",Protein,120.0,21.1,0.0,3.3,0.0,0.0,79.0,237.0,172483,sr_legacy_food
"Lamb, Leg, Shank Half",Protein,225.0,26.4,0.0,12.4,0.0,0.0,65.0,326.0,172485,sr_legacy_food
"Lamb, Leg, Sirloin Half",Protein,272.0,16.9,0.0,22.1,0.0,0.0,56.0,231.0,172488,sr_legacy_food
"Lamb, Loin, Separable Lean And Fat",Protein,316.0,25.2,0.0,23.1,0.0,0.0,77.0,327.0,172489,sr_legacy_food
"Lamb, Loin, Separable Lean Only",Protein,143.0,20.9,0.0,5.9,0.0,0.0,68.0,276.0,172491,sr_legacy_food
"Lamb, Rib, Separable Lean Only",Protein,169.0,20.0,0.0,9.2,0.0,0.0,72.0,265.0,172493,sr_legacy_food
"Lamb, Shoulder, Whole (Arm And Blade)",Protein,264.0,16.6,0.0,21.4,0.0,0.0,61.0,230.0,172496,sr_legacy_food
"Lamb, Shoulder, Arm",Protein,260.0,16.8,0.0,20.9,0.0,0.0,60.0,238.0,172500,sr_legacy_food
"Lamb, Shoulder, Blade",Protein,259.0,16.6,0.0,20.9,0.0,0.0,62.0,229.0,172504,sr_legacy_food
"Lamb, Cubed For Stew Or Kabob (Leg And Shoulder), Separable Lean Only",Protein,134.0,20.2,0.0,5.3,0.0,0.0,65.0,284.0,172508,sr_legacy_food
"Lamb, New Zealand, Imported",Protein,640.0,6.9,0.0,67.6,0.0,0.0,22.0,51.0,172511,sr_legacy_food
"Game Meat, Muskrat, Raw",Protein,162.0,20.8,0.0,8.1,0.0,0.0,82.0,276.0,172518,sr_legacy_food
"Game Meat, Muskrat, Cooked",Protein,234.0,30.1,0.0,11.7,0.0,0.0,95.0,320.0,172519,sr_legacy_food
"Game Meat, Opossum, Cooked",Protein,221.0,30.2,0.0,10.2,0.0,0.0,58.0,438.0,172520,sr_legacy_food
"Game Meat, Rabbit, Domesticated",Protein,136.0,20.0,0.0,5.6,0.0,0.0,41.0,330.0,172521,sr_legacy_food
"Game Meat, Squirrel, Raw",Protein,120.0,21.2,0.0,3.2,0.0,0.0,103.0,304.0,172523,sr_legacy_food
"Game Meat, Squirrel, Cooked",Protein,173.0,30.8,0.0,4.7,0.0,0.0,119.0,352.0,172524,sr_legacy_food
"Lamb, Variety Meats And By-Products, Brain",Protein,122.0,10.4,0.0,8.6,0.0,0.0,112.0,296.0,172525,sr_legacy_food
"Lamb, Variety Meats And By-Products, Heart",Protein,122.0,16.5,0.2,5.7,0.0,0.0,89.0,316.0,172527,sr_legacy_food
"Veal, Variety Meats And By-Products, Heart",Protein,110.0,17.2,0.1,4.0,0.0,0.0,77.0,261.0,172529,sr_legacy_food
"Lamb, Variety Meats And By-Products, Liver",Protein,139.0,20.4,1.8,5.0,0.0,0.0,70.0,313.0,172531,sr_legacy_food
"Veal, Variety Meats And By-Products, Liver",Protein,140.0,19.9,2.9,4.8,0.0,0.0,77.0,308.0,172534,sr_legacy_food
"Veal, Variety Meats And By-Products, Lungs",Protein,104.0,18.7,0.0,2.6,0.0,0.0,56.0,142.0,172536,sr_legacy_food
"Lamb, Variety Meats And By-Products, Mechanically Separated",Protein,276.0,15.0,0.0,23.5,0.0,0.0,59.0,288.0,172537,sr_legacy_food
"Lamb, Variety Meats And By-Products, Pancreas",Protein,152.0,14.8,0.0,9.8,0.0,0.0,75.0,420.0,172538,sr_legacy_food
"Veal, Variety Meats And By-Products, Spleen",Protein,98.0,18.3,0.0,2.2,0.0,0.0,97.0,362.0,172540,sr_legacy_food
"Veal, Variety Meats And By-Products, Thymus",Protein,101.0,17.2,0.0,3.1,0.0,0.0,67.0,488.0,172542,sr_legacy_food
"Lamb, Ground, Cooked",Protein,283.0,24.8,0.0,19.6,0.0,0.0,81.0,339.0,172544,sr_legacy_food
"Lamb, Rib, Separable Lean And Fat",Protein,341.0,21.8,0.0,27.5,0.0,0.0,74.0,277.0,172552,sr_legacy_food
"Game Meat, Bison, Top Sirloin",Protein,113.0,21.4,0.0,2.4,0.0,0.0,51.0,335.0,172564,sr_legacy_food
"Game Meat, Bison, Ribeye",Protein,116.0,22.1,0.0,2.4,0.0,0.0,48.0,344.0,172565,sr_legacy_food
"Game Meat, Bison, Shoulder Clod",Protein,109.0,21.1,0.0,2.1,0.0,0.0,59.0,322.0,172566,sr_legacy_food
"Veal, Breast, Separable Fat",Protein,521.0,9.4,0.0,53.4,0.0,0.0,49.0,181.0,172567,sr_legacy_food
"Veal, Shank (Fore And Hind), Separable Lean And Fat",Protein,113.0,19.2,0.0,3.5,0.0,0.0,84.0,314.0,172568,sr_legacy_food
"Veal, Shank (Fore And Hind), Separable Lean Only",Protein,108.0,19.3,0.0,2.8,0.0,0.0,85.0,316.0,172570,sr_legacy_food
"Lamb, Australian, Imported",Protein,648.0,6.3,0.0,68.9,0.0,0.0,33.0,112.0,172572,sr_legacy_food
"Game Meat, Bison, Chuck",Protein,119.0,21.1,0.0,3.2,0.0,0.0,62.0,353.0,172598,sr_legacy_food
"Game Meat, Bison, Top Round",Protein,174.0,30.2,0.0,5.0,0.0,0.0,41.0,382.0,172600,sr_legacy_food
"Game Meat, Deer, Ground",Protein,157.0,21.8,0.0,7.1,0.0,0.0,75.0,330.0,172602,sr_legacy_food
"Game Meat, Deer, Loin",Protein,150.0,30.2,0.0,2.4,0.0,0.0,57.0,398.0,172604,sr_legacy_food
"Game Meat, Deer, Shoulder Clod",Protein,191.0,36.3,0.0,4.0,0.0,0.0,52.0,313.0,172605,sr_legacy_food
"Veal, Australian, Shank",Protein,122.0,20.4,0.0,4.5,0.0,0.0,98.0,0.0,172606,sr_legacy_food
"Lamb, Australian, Ground",Protein,255.0,17.1,0.0,20.7,0.0,0.0,77.0,0.0,172608,sr_legacy_food
"Veal, Leg, Top Round",Protein,107.0,22.1,0.0,2.1,0.0,0.0,86.0,273.0,172643,sr_legacy_food
"Veal, Loin, Chop",Protein,159.0,29.8,0.1,4.4,0.0,0.0,85.0,239.0,172644,sr_legacy_food
"Veal, Shank, Separable Lean Only",Protein,94.0,19.8,0.0,1.6,0.0,0.0,109.0,163.0,172645,sr_legacy_food
"Veal, Foreshank, Osso Buco",Protein,157.0,29.1,0.0,4.5,0.0,0.0,90.0,205.0,172646,sr_legacy_food
"Veal, Seam Fat Only, Cooked",Protein,505.0,11.2,2.1,50.2,0.0,0.0,87.0,155.0,172647,sr_legacy_food
"Veal, Shank, Separable Lean And Fat",Protein,107.0,19.3,0.0,3.3,0.0,0.0,107.0,162.0,172648,sr_legacy_food
"Veal, Shoulder, Blade Chop",Protein,199.0,25.7,0.2,10.6,0.0,0.0,111.0,235.0,172651,sr_legacy_food
"Bagels, Cinnamon-Raisin",Grain,274.0,9.8,55.2,1.7,2.3,0.0,407.0,148.0,172664,sr_legacy_food
"Bagels, Cinnamon-Raisin, Toasted",Grain,294.0,10.6,59.3,1.8,2.5,0.0,370.0,163.0,172665,sr_legacy_food
"Bagels, Oat Bran",Grain,255.0,10.7,53.3,1.2,3.6,0.0,590.0,115.0,172666,sr_legacy_food
"Biscuits, Plain Or Buttermilk, Frozen",Grain,338.0,6.2,53.9,11.0,1.3,0.0,942.0,224.0,172667,sr_legacy_food
"Biscuits, Plain Or Buttermilk, Refrigerated Dough",Grain,307.0,6.7,46.3,10.6,0.7,0.0,977.0,162.0,172668,sr_legacy_food
"Biscuits, Plain Or Buttermilk, Prepared From Recipe",Grain,353.0,7.0,44.6,16.3,1.5,0.0,580.0,121.0,172670,sr_legacy_food
"Biscuits, Mixed Grain, Refrigerated Dough",Grain,263.0,6.1,47.4,5.6,0.0,0.0,670.0,456.0,172671,sr_legacy_food
"Bread, Cracked-Wheat",Grain,260.0,8.7,49.5,3.9,5.5,0.0,538.0,177.0,172672,sr_legacy_food
"Bread, Egg",Grain,287.0,9.5,47.8,6.0,2.3,0.0,380.0,115.0,172673,sr_legacy_food
"Bread, Egg, Toasted",Grain,315.0,10.5,52.6,6.6,2.5,0.0,417.0,126.0,172674,sr_legacy_food
"Bread, French Or Vienna (Includes Sourdough)",Grain,272.0,10.8,51.9,2.4,2.2,0.0,602.0,117.0,172675,sr_legacy_food
"Bread, Oat Bran",Grain,236.0,10.4,39.8,4.4,4.5,0.0,353.0,147.0,172676,sr_legacy_food
"Bread, Oat Bran, Toasted",Grain,259.0,11.4,43.7,4.8,4.9,0.0,387.0,123.0,172677,sr_legacy_food
"Bread, Oatmeal",Grain,269.0,8.4,48.5,4.4,4.0,0.0,447.0,142.0,172678,sr_legacy_food
"Bread, Oatmeal, Toasted",Grain,292.0,9.2,52.7,4.8,4.3,0.0,486.0,154.0,172679,sr_legacy_food
"Bread, Raisin, Enriched",Grain,274.0,7.9,52.3,4.4,4.3,0.0,347.0,227.0,172680,sr_legacy_food
"Bread, Reduced-Calorie, Oat Bran",Grain,201.0,8.0,41.3,3.2,12.0,0.0,459.0,102.0,172682,sr_legacy_food
"Bread, Rye",Grain,259.0,8.5,48.3,3.3,5.8,0.0,603.0,166.0,172684,sr_legacy_food
"Bread, Rye, Toasted",Grain,284.0,9.4,53.1,3.6,6.4,0.0,664.0,183.0,172685,sr_legacy_food
"Bread, Wheat",Grain,274.0,10.7,47.5,4.5,4.0,0.0,473.0,141.0,172686,sr_legacy_food
"Bread, Wheat, Toasted",Grain,313.0,13.0,55.8,4.3,4.7,0.0,601.0,223.0,172687,sr_legacy_food
"Bread, Whole-Wheat, Commercially Prepared",Grain,252.0,12.4,42.7,3.5,6.0,0.0,455.0,254.0,172688,sr_legacy_food
"Bread, Whole-Wheat, Prepared From Recipe",Grain,278.0,8.4,51.4,5.4,6.0,0.0,346.0,314.0,172690,sr_legacy_food
"Bread, Stuffing, Cornbread",Grain,389.0,10.0,76.7,4.2,14.3,0.0,1429.0,204.0,172692,sr_legacy_food
"Cake, Angelfood, Commercially Prepared",Grain,258.0,5.9,57.8,0.8,1.5,0.0,749.0,93.0,172694,sr_legacy_food
"Cake, Angelfood, Dry Mix",Grain,257.0,6.1,58.7,0.3,0.2,0.0,511.0,135.0,172695,sr_legacy_food
"Cake, Boston Cream Pie, Commercially Prepared",Grain,252.0,2.4,42.9,8.5,1.4,0.0,254.0,39.0,172696,sr_legacy_food
"Cake, Chocolate, Prepared From Recipe Without Frosting",Grain,371.0,5.3,53.4,15.1,1.6,0.0,315.0,140.0,172697,sr_legacy_food
"Cake, White, Prepared From Recipe With Coconut Frosting",Grain,356.0,4.4,63.2,10.3,1.0,0.0,284.0,99.0,172698,sr_legacy_food
"Cake, Coffeecake, Cheese",Grain,339.0,7.0,44.3,15.2,1.0,0.0,339.0,289.0,172699,sr_legacy_food
"Cake, Coffeecake, Cinnamon With Crumb Topping",Grain,418.0,6.8,46.7,23.3,2.0,0.0,351.0,123.0,172700,sr_legacy_food
"Cake, Gingerbread, Dry Mix",Grain,437.0,4.4,74.6,13.8,1.7,0.0,657.0,341.0,172701,sr_legacy_food
"Cake, Gingerbread, Prepared From Recipe",Grain,356.0,3.9,49.2,16.4,0.0,0.0,327.0,439.0,172702,sr_legacy_food
"Cake, Pineapple Upside-Down, Prepared From Recipe",Grain,319.0,3.5,50.5,12.1,0.8,0.0,319.0,112.0,172703,sr_legacy_food
"Cake, Pound, Commercially Prepared",Grain,353.0,5.0,53.6,14.0,0.6,0.0,377.0,149.0,172704,sr_legacy_food
"Cake, White, Dry Mix",Grain,397.0,3.0,79.6,8.4,0.0,0.0,260.0,149.0,172705,sr_legacy_food
"Cake, Sponge, Commercially Prepared",Grain,290.0,5.4,61.0,2.7,0.5,0.0,623.0,99.0,172706,sr_legacy_food
"Cake, Sponge, Prepared From Recipe",Grain,297.0,7.3,57.7,4.3,0.0,0.0,228.0,141.0,172707,sr_legacy_food
"Cake, Pudding-Type, White",Grain,423.0,3.9,80.9,9.5,0.7,0.0,665.0,72.0,172708,sr_legacy_food
"Cake, White, Prepared From Recipe Without Frosting",Grain,357.0,5.4,57.2,12.4,0.8,0.0,327.0,95.0,172709,sr_legacy_food
"Cake, Yellow, Prepared From Recipe Without Frosting",Grain,361.0,5.3,53.0,14.6,0.7,0.0,343.0,91.0,172710,sr_legacy_food
"Cake, Cheesecake, Commercially Prepared",Grain,321.0,5.5,25.5,22.5,0.4,0.0,438.0,90.0,172711,sr_legacy_food
"Cake, Cheesecake, Prepared From Mix",Grain,274.0,5.5,35.5,12.7,1.9,0.0,380.0,211.0,172712,sr_legacy_food
"Cookies, Chocolate Wafers",Grain,433.0,6.6,72.7,14.2,3.4,0.0,580.0,210.0,172714,sr_legacy_food
"Cookies, Chocolate Chip, Commercially Prepared",Grain,451.0,6.0,67.5,17.9,3.0,0.0,418.0,134.0,172715,sr_legacy_food
"Cookies, Chocolate Sandwich, With Extra Creme Filling",Grain,497.0,4.3,68.2,24.5,2.7,0.0,351.0,137.0,172720,sr_legacy_food
"Cookies, Fig Bars",Grain,348.0,3.7,70.9,7.3,4.6,0.0,350.0,207.0,172721,sr_legacy_food
"Cookies, Fortune",Grain,378.0,4.2,84.0,2.7,1.6,0.0,31.0,41.0,172722,sr_legacy_food
"Cookies, Marshmallow, Chocolate-Coated (Includes Marshmallow Pies)",Grain,421.0,4.0,67.7,16.9,2.0,0.0,188.0,182.0,172723,sr_legacy_food
"Cookies, Molasses",Grain,430.0,5.6,73.8,12.8,1.0,0.0,459.0,346.0,172724,sr_legacy_food
"Cookies, Oatmeal, Commercially Prepared",Grain,450.0,6.2,68.7,18.1,2.8,0.0,520.0,142.0,172725,sr_legacy_food
"Cookies, Peanut Butter, Refrigerated Dough",Grain,458.0,8.2,52.1,25.0,1.1,0.0,397.0,308.0,172729,sr_legacy_food
"Cookies, Brownies, Dry Mix",Grain,426.0,2.9,80.4,12.5,4.2,0.0,83.0,335.0,172731,sr_legacy_food
"Cookies, Sugar, Refrigerated Dough",Grain,489.0,4.7,65.6,23.1,0.9,0.0,362.0,163.0,172735,sr_legacy_food
"Cookies, Sugar Wafers With Creme Filling, Regular",Grain,502.0,3.8,70.6,23.2,1.6,0.0,103.0,117.0,172736,sr_legacy_food
"Cookies, Vanilla Sandwich With Creme Filling",Grain,483.0,4.5,72.1,20.0,1.5,0.0,388.0,91.0,172737,sr_legacy_food
"Puff Pastry, Frozen, Ready-To-Bake",Grain,558.0,7.4,45.7,38.5,1.5,0.0,253.0,62.0,172738,sr_legacy_food
"Crackers, Crispbread, Rye",Grain,366.0,7.9,82.2,1.3,16.5,0.0,410.0,319.0,172739,sr_legacy_food
"Crackers, Matzo, Plain",Grain,395.0,10.0,83.7,1.4,3.0,0.0,0.0,112.0,172740,sr_legacy_food
"Crackers, Matzo, Egg",Grain,391.0,12.3,78.6,2.1,2.8,0.0,21.0,150.0,172741,sr_legacy_food
"Crackers, Matzo, Whole-Wheat",Grain,351.0,13.1,78.9,1.5,11.8,0.0,2.0,316.0,172742,sr_legacy_food
"Crackers, Rye, Sandwich-Type With Cheese Filling",Grain,481.0,9.2,60.8,22.3,3.6,0.0,1044.0,342.0,172743,sr_legacy_food
"Crackers, Rye, Wafers",Grain,334.0,9.6,80.4,0.9,22.9,0.0,557.0,495.0,172744,sr_legacy_food
"Crackers, Saltines (Includes Oyster, Soda",Grain,418.0,9.5,74.0,8.6,2.8,0.0,941.0,152.0,172746,sr_legacy_food
"Crackers, Wheat, Sandwich",Grain,497.0,9.8,58.2,25.0,3.1,0.0,839.0,306.0,172747,sr_legacy_food
"Crackers, Whole-Wheat",Grain,427.0,10.6,69.6,14.1,10.3,0.0,800.0,345.0,172749,sr_legacy_food
"Cracker, Meal",Grain,383.0,9.3,80.9,1.7,2.6,0.0,16.0,115.0,172750,sr_legacy_food
"Croutons, Plain",Grain,407.0,11.9,73.5,6.6,5.1,0.0,698.0,124.0,172751,sr_legacy_food
"Croutons, Seasoned",Grain,465.0,10.8,63.5,18.3,5.0,0.0,1333.0,181.0,172752,sr_legacy_food
"Danish Pastry, Cinnamon, Enriched",Grain,403.0,7.0,44.6,22.4,1.3,0.0,414.0,125.0,172753,sr_legacy_food
"Danish Pastry, Cheese",Grain,374.0,8.0,37.2,21.9,1.0,0.0,417.0,98.0,172754,sr_legacy_food
"Danish Pastry, Fruit, Enriched (Includes Apple",Grain,371.0,5.4,47.8,18.5,1.9,0.0,445.0,83.0,172755,sr_legacy_food
"Doughnuts, French Crullers, Glazed",Grain,412.0,3.1,59.5,18.3,1.2,0.0,345.0,78.0,172756,sr_legacy_food
"Doughnuts, Yeast-Leavened, With Creme Filling",Grain,361.0,6.4,30.0,24.5,0.8,0.0,309.0,80.0,172757,sr_legacy_food
"Doughnuts, Yeast-Leavened, Glazed",Grain,421.0,6.1,47.9,22.7,2.1,0.0,316.0,102.0,172758,sr_legacy_food
"Doughnuts, Yeast-Leavened, With Jelly Filling",Grain,340.0,5.9,39.0,18.7,0.9,0.0,455.0,79.0,172759,sr_legacy_food
"Muffins, English, Raisin-Cinnamon",Grain,276.0,8.9,55.0,2.2,3.0,0.0,342.0,194.0,172760,sr_legacy_food
"Muffins, English, Wheat",Grain,223.0,8.7,44.8,2.0,4.6,0.0,353.0,186.0,172761,sr_legacy_food
"Muffins, English, Whole-Wheat",Grain,203.0,8.8,40.4,2.1,6.7,0.0,364.0,210.0,172762,sr_legacy_food
"French Toast, Frozen, Ready-To-Heat",Grain,213.0,7.4,32.1,6.1,1.1,0.0,495.0,134.0,172763,sr_legacy_food
"Muffins, Plain, Prepared From Recipe",Grain,296.0,6.9,41.4,11.4,2.7,0.0,467.0,121.0,172764,sr_legacy_food
"Muffins, Blueberry, Commercially Prepared (Includes Mini-Muffins)",Grain,375.0,4.5,53.0,16.1,1.1,0.0,336.0,121.0,172765,sr_legacy_food
"Muffins, Blueberry, Dry Mix",Grain,293.0,3.5,61.0,3.2,1.4,0.0,479.0,48.0,172766,sr_legacy_food
"Muffins, Blueberry, Toaster-Type",Grain,313.0,4.6,53.3,9.5,1.8,0.0,417.0,83.0,172767,sr_legacy_food
"Muffins, Blueberry, Prepared From Recipe",Grain,285.0,6.5,40.7,10.8,0.0,0.0,441.0,123.0,172768,sr_legacy_food
"Muffins, Oat Bran",Grain,270.0,7.0,48.3,7.4,4.6,0.0,393.0,507.0,172769,sr_legacy_food
"Muffins, Wheat Bran, Dry Mix",Grain,396.0,7.1,73.0,12.0,0.0,0.0,700.0,200.0,172770,sr_legacy_food
"Pancakes Plain, Frozen, Ready-To-Heat (Includes Buttermilk)",Grain,233.0,5.2,37.8,6.8,1.0,0.0,461.0,90.0,172771,sr_legacy_food
"Pancakes, Plain, Dry Mix",Grain,368.0,9.8,73.6,3.1,2.9,0.0,1082.0,191.0,172772,sr_legacy_food
"Pancakes, Blueberry, Prepared From Recipe",Grain,222.0,6.1,29.0,9.2,0.0,0.0,412.0,138.0,172773,sr_legacy_food
"Pancakes, Buckwheat, Dry Mix",Grain,340.0,10.9,71.3,2.7,8.5,0.0,684.0,316.0,172774,sr_legacy_food
"Pancakes, Special Dietary, Dry Mix",Grain,349.0,8.9,73.9,1.4,0.0,0.0,456.0,676.0,172775,sr_legacy_food
"Pancakes, Whole-Wheat, Dry Mix",Grain,344.0,12.8,71.0,1.5,0.0,0.0,1419.0,445.0,172776,sr_legacy_food
"Pie, Banana Cream, Prepared From Recipe",Grain,269.0,4.4,32.9,13.6,0.7,0.0,240.0,165.0,172777,sr_legacy_food
"Pie, Blueberry, Commercially Prepared",Grain,232.0,1.8,34.9,10.0,1.0,0.0,287.0,50.0,172778,sr_legacy_food
"Pie, Blueberry, Prepared From Recipe",Grain,245.0,2.7,33.5,11.9,0.0,0.0,185.0,50.0,172779,sr_legacy_food
"Pie, Cherry, Commercially Prepared",Grain,260.0,2.0,39.8,11.0,0.8,0.0,246.0,81.0,172780,sr_legacy_food
"Pie, Cherry, Prepared From Recipe",Grain,270.0,2.8,38.5,12.2,0.0,0.0,191.0,77.0,172781,sr_legacy_food
"Pie, Coconut Custard, Commercially Prepared",Grain,260.0,5.9,30.2,13.2,1.8,0.0,335.0,175.0,172782,sr_legacy_food
"Pie, Egg Custard, Commercially Prepared",Grain,210.0,5.5,20.8,11.6,1.6,0.0,275.0,106.0,172783,sr_legacy_food
"Pie, Fried Pies, Fruit",Grain,316.0,3.0,42.6,16.1,2.6,0.0,333.0,65.0,172784,sr_legacy_food
"Pie, Lemon Meringue, Commercially Prepared",Grain,268.0,1.5,47.2,8.7,1.2,0.0,172.0,89.0,172785,sr_legacy_food
"Pie, Pecan, Prepared From Recipe",Grain,412.0,4.9,52.2,22.2,0.0,0.0,262.0,133.0,172786,sr_legacy_food
"Pie, Pumpkin, Commercially Prepared",Grain,243.0,3.9,34.8,9.8,1.8,0.0,239.0,167.0,172787,sr_legacy_food
"Pie, Pumpkin, Prepared From Recipe",Grain,204.0,4.5,26.4,9.3,0.0,0.0,225.0,186.0,172788,sr_legacy_food
"Pie, Vanilla Cream, Prepared From Recipe",Grain,278.0,4.8,32.6,14.4,0.6,0.0,260.0,126.0,172789,sr_legacy_food
Phyllo Dough,Grain,299.0,7.1,52.6,6.0,1.9,0.0,483.0,74.0,172791,sr_legacy_food
"Popovers, Dry Mix, Enriched",Grain,371.0,10.4,71.0,4.3,0.0,0.0,906.0,100.0,172792,sr_legacy_food
"Rolls, Dinner, Plain",Grain,310.0,10.9,52.0,6.5,2.0,0.0,467.0,139.0,172793,sr_legacy_food
"Rolls, Dinner, Whole-Wheat",Grain,266.0,8.7,51.1,4.7,7.5,0.0,521.0,272.0,172794,sr_legacy_food
"Rolls, French",Grain,277.0,8.6,50.2,4.3,3.2,0.0,574.0,114.0,172795,sr_legacy_food
"Rolls, Hamburger Or Hotdog, Plain",Grain,279.0,9.8,50.1,3.9,1.8,0.0,494.0,122.0,172796,sr_legacy_food
"Rolls, Hamburger Or Hotdog, Mixed-Grain",Grain,263.0,9.6,44.6,6.0,3.8,0.0,458.0,160.0,172797,sr_legacy_food
"Sweet Rolls, Cinnamon, Refrigerated Dough With Frosting",Grain,333.0,5.0,51.6,12.2,0.0,0.0,765.0,58.0,172798,sr_legacy_food
"Taco Shells, Baked",Grain,476.0,6.4,63.5,21.8,6.7,0.0,324.0,231.0,172800,sr_legacy_food
"Toaster Pastries, Brown-Sugar-Cinnamon",Grain,370.0,4.1,72.6,8.0,2.3,0.0,361.0,105.0,172801,sr_legacy_food
Wonton Wrappers (Includes Egg Roll Wrappers),Grain,291.0,9.8,57.9,1.5,1.8,0.0,572.0,82.0,172802,sr_legacy_food
"Leavening Agents, Baking Powder, Double-Acting",Grain,53.0,0.0,27.7,0.0,0.2,0.0,10600.0,20.0,172803,sr_legacy_food
"Leavening Agents, Baking Powder, Low-Sodium",Grain,97.0,0.1,46.9,0.4,2.2,0.0,90.0,10100.0,172805,sr_legacy_food
"Bread, Crumbs, Dry",Grain,383.0,14.1,68.5,5.5,4.9,0.0,2100.0,231.0,172806,sr_legacy_food
"Cookies, Oatmeal, Prepared From Recipe",Grain,447.0,6.8,66.4,17.9,0.0,0.0,598.0,182.0,172807,sr_legacy_food
"Cookies, Chocolate Chip, Prepared From Recipe",Grain,488.0,5.7,58.2,28.4,0.0,0.0,341.0,221.0,172808,sr_legacy_food
"Bread, Protein, (Includes Gluten)",Grain,270.0,13.2,48.1,2.4,3.3,0.0,444.0,346.0,172809,sr_legacy_food
"Pie Crust, Cookie-Type, Prepared From Recipe",Grain,484.0,4.1,63.9,24.4,1.5,0.0,560.0,86.0,172811,sr_legacy_food
"Crackers, Matzo, Egg And Onion",Grain,391.0,10.0,77.1,3.9,5.0,0.0,285.0,83.0,172812,sr_legacy_food
"Pie Crust, Standard-Type, Prepared From Recipe",Grain,469.0,5.7,42.3,30.8,3.4,0.0,482.0,59.0,172814,sr_legacy_food
"Bread, Cornbread, Dry Mix",Grain,418.0,7.0,69.5,12.2,6.5,0.0,1111.0,113.0,172815,sr_legacy_food
"Bread, Pita, White",Grain,275.0,9.1,55.7,1.2,2.2,0.0,536.0,120.0,172816,sr_legacy_food
"Bread, Raisin, Unenriched",Grain,274.0,7.9,52.3,4.4,4.3,0.0,390.0,227.0,172817,sr_legacy_food
"Bread, White, Commercially Prepared",Grain,267.0,8.2,49.6,3.6,2.3,0.0,298.0,119.0,172818,sr_legacy_food
"Cookies, Butter, Commercially Prepared",Grain,467.0,6.1,68.9,18.8,0.8,0.0,351.0,111.0,172819,sr_legacy_food
"Cookies, Ladyfingers, Without Lemon Juice And Rind",Grain,363.0,10.6,59.7,9.1,1.0,0.0,147.0,113.0,172821,sr_legacy_food
"Crackers, Melba Toast, Plain",Grain,390.0,12.1,76.6,3.2,6.3,0.0,19.0,202.0,172822,sr_legacy_food
"Crackers, Whole-Wheat, Low Salt",Grain,443.0,8.8,68.6,17.2,10.5,0.0,186.0,297.0,172823,sr_legacy_food
"Danish Pastry, Cinnamon, Unenriched",Grain,403.0,7.0,44.6,22.4,1.2,0.0,371.0,125.0,172824,sr_legacy_food
"Danish Pastry, Fruit, Unenriched (Includes Apple",Grain,371.0,5.4,47.8,18.5,1.9,0.0,354.0,83.0,172825,sr_legacy_food
"Danish Pastry, Lemon, Unenriched",Grain,371.0,5.4,47.8,18.5,1.9,0.0,354.0,83.0,172827,sr_legacy_food
"English Muffins, Plain, Unenriched",Grain,235.0,7.7,46.0,1.8,2.7,0.0,464.0,131.0,172828,sr_legacy_food
"Quail, Breast, Meat Only",Protein,123.0,22.6,0.0,3.0,0.0,0.0,55.0,260.0,172829,sr_legacy_food
"Ruffed Grouse, Breast Meat, Skinless",Protein,112.0,25.9,0.0,0.9,0.0,0.0,50.0,311.0,172831,sr_legacy_food
"Emu, Ground, Raw",Protein,134.0,22.8,0.0,4.0,0.0,0.0,56.0,320.0,172832,sr_legacy_food
"Emu, Ground, Cooked",Protein,163.0,28.4,0.0,4.6,0.0,0.0,65.0,375.0,172833,sr_legacy_food
"Emu, Full Rump, Cooked",Protein,168.0,33.7,0.0,2.7,0.0,0.0,110.0,324.0,172834,sr_legacy_food
"Emu, Inside Drum, Raw",Protein,108.0,22.2,0.0,1.5,0.0,0.0,102.0,318.0,172835,sr_legacy_food
"Emu, Inside Drums, Cooked",Protein,156.0,32.4,0.0,2.0,0.0,0.0,118.0,312.0,172836,sr_legacy_food
"Emu, Outside Drum, Raw",Protein,103.0,23.1,0.0,0.5,0.0,0.0,100.0,320.0,172837,sr_legacy_food
"Emu, Oyster, Raw",Protein,141.0,22.8,0.0,4.9,0.0,0.0,150.0,250.0,172838,sr_legacy_food
"Ostrich, Inside Leg, Raw",Protein,111.0,22.4,0.0,1.7,0.0,0.0,72.0,320.0,172839,sr_legacy_food
"Ostrich, Inside Leg, Cooked",Protein,141.0,29.0,0.0,1.9,0.0,0.0,83.0,352.0,172840,sr_legacy_food
"Ostrich, Inside Strip, Raw",Protein,127.0,23.7,0.0,2.9,0.0,0.0,76.0,330.0,172841,sr_legacy_food
"Ostrich, Inside Strip, Cooked",Protein,164.0,29.4,0.0,4.3,0.0,0.0,73.0,366.0,172842,sr_legacy_food
"Ostrich, Oyster, Cooked",Protein,159.0,28.8,0.0,4.0,0.0,0.0,81.0,409.0,172843,sr_legacy_food
"Ostrich, Round, Raw",Protein,116.0,22.0,0.0,2.4,0.0,0.0,72.0,315.0,172844,sr_legacy_food
"Ostrich, Tenderloin, Raw",Protein,123.0,22.1,0.0,3.2,0.0,0.0,86.0,320.0,172845,sr_legacy_food
"Ostrich, Tip Trimmed, Raw",Protein,114.0,21.8,0.0,2.3,0.0,0.0,67.0,310.0,172846,sr_legacy_food
"Turkey, Ground, Fat Free",Protein,112.0,23.6,0.0,2.0,0.0,0.0,51.0,295.0,172847,sr_legacy_food
"Turkey, Ground, 93% Lean",Protein,150.0,18.7,0.0,8.3,0.0,0.0,69.0,213.0,172850,sr_legacy_food
"Chicken, Skin (Drumsticks And Thighs), Cooked",Protein,443.0,14.6,0.0,42.8,0.0,0.0,75.0,161.0,172854,sr_legacy_food
"Chicken, Skin (Drumsticks And Thighs), Raw",Protein,440.0,9.6,0.8,44.2,0.0,0.0,51.0,119.0,172855,sr_legacy_food
"Chicken, Dark Meat, Drumstick",Protein,146.0,25.3,0.0,5.0,0.0,0.0,190.0,250.0,172856,sr_legacy_food
"Chicken, Dark Meat, Thigh",Protein,164.0,23.0,0.0,8.0,0.0,0.0,197.0,290.0,172858,sr_legacy_food
"Turkey From Whole, Light Meat, Meat Only",Protein,101.0,21.5,0.0,1.7,0.0,0.0,206.0,242.0,172864,sr_legacy_food
"Turkey, Skin From Whole (Light And Dark), With Added Solution",Protein,381.0,12.3,0.2,36.8,0.0,0.0,138.0,107.0,172866,sr_legacy_food
"Turkey, Skin From Whole, (Light And Dark)",Protein,451.0,22.2,0.0,40.3,0.0,0.0,234.0,263.0,172867,sr_legacy_food
"Turkey, Skin, From Retail Parts",Protein,380.0,14.4,0.0,35.8,0.0,0.0,78.0,93.0,172873,sr_legacy_food
"Turkey, Breast, From Whole Bird",Protein,102.0,21.5,0.1,1.7,0.0,0.0,206.0,242.0,172876,sr_legacy_food
"Sauce, Plum, Ready-To-Serve",Soups & Sauces,184.0,0.9,42.8,1.0,0.7,0.0,538.0,259.0,172879,sr_legacy_food
"Sauce, Pizza, Canned",Soups & Sauces,54.0,2.2,8.7,1.2,2.0,0.0,348.0,354.0,172880,sr_legacy_food
"Soup, Stock, Beef",Soups & Sauces,13.0,2.0,1.2,0.1,0.0,0.0,198.0,185.0,172883,sr_legacy_food
"Soup, Stock, Chicken",Soups & Sauces,36.0,2.5,3.5,1.2,0.0,0.0,143.0,105.0,172884,sr_legacy_food
"Soup, Stock, Fish",Soups & Sauces,16.0,2.3,0.0,0.8,0.0,0.0,156.0,144.0,172885,sr_legacy_food
"Sauce, Hoisin, Ready-To-Serve",Soups & Sauces,220.0,3.3,44.1,3.4,2.8,0.0,1615.0,119.0,172886,sr_legacy_food
"Soup, Chicken Broth, Less/Reduced Sodium",Soups & Sauces,7.0,1.4,0.4,0.0,0.0,0.0,231.0,85.0,172888,sr_legacy_food
"Soup, Beef Broth, Less/Reduced Sodium",Soups & Sauces,6.0,1.1,0.2,0.1,0.0,0.0,225.0,20.0,172889,sr_legacy_food
"Soup, Chicken Vegetable With Potato And Cheese, Chunky",Soups & Sauces,65.0,1.2,5.2,4.5,0.3,0.0,416.0,73.0,172892,sr_legacy_food
"Soup, Healthy Choice Chicken And Rice Soup, Canned",Soups & Sauces,37.0,2.5,5.7,0.6,0.8,0.0,181.0,0.0,172899,sr_legacy_food
"Soup, Healthy Choice Garden Vegetable Soup, Canned",Soups & Sauces,51.0,2.1,10.0,0.2,1.9,0.0,195.0,0.0,172900,sr_legacy_food
"Campbell'S, Cream Of Mushroom Soup, Condensed",Soups & Sauces,81.0,1.3,6.6,5.5,0.6,0.0,697.0,67.0,172901,sr_legacy_food
"Campbell'S Chunky, Old Fashioned Vegetable Beef Soup",Soups & Sauces,49.0,3.2,6.2,1.2,1.3,0.0,346.0,163.0,172912,sr_legacy_food
"Olive Loaf, Pork",Protein,235.0,11.8,9.2,16.5,0.0,0.0,964.0,297.0,172926,sr_legacy_food
"Pastrami, Turkey",Protein,139.0,16.3,3.3,6.2,0.1,0.0,1123.0,345.0,172927,sr_legacy_food
"Pate, Chicken Liver, Canned",Protein,201.0,13.4,6.6,13.1,0.0,0.0,386.0,95.0,172928,sr_legacy_food
"Pate, Goose Liver, Smoked",Protein,462.0,11.4,4.7,43.8,0.0,0.0,697.0,138.0,172929,sr_legacy_food
"Pate, Liver, Not Specified",Protein,319.0,14.2,1.5,28.0,0.0,0.0,697.0,138.0,172930,sr_legacy_food
"Luxury Loaf, Pork",Protein,141.0,18.4,4.9,4.8,0.0,0.0,1225.0,377.0,172931,sr_legacy_food
"Mother'S Loaf, Pork",Protein,282.0,12.1,7.5,22.3,0.0,0.0,1127.0,225.0,172932,sr_legacy_food
"Picnic Loaf, Pork, Beef",Protein,232.0,14.9,4.8,16.6,0.0,0.0,1164.0,267.0,172933,sr_legacy_food
"Pork Sausage, Link/Patty, Unprepared",Protein,288.0,15.4,0.9,24.8,0.0,0.0,739.0,307.0,172934,sr_legacy_food
"Salami, Cooked, Beef",Protein,261.0,12.6,1.9,22.2,0.0,0.0,1140.0,188.0,172935,sr_legacy_food
"Salami, Cooked, Beef And Pork",Protein,336.0,21.8,2.4,25.9,0.0,0.0,1740.0,316.0,172936,sr_legacy_food
"Salami, Cooked, Turkey",Protein,172.0,19.2,1.6,9.2,0.1,0.0,1107.0,216.0,172937,sr_legacy_food
"Salami, Dry Or Hard, Pork",Protein,407.0,22.6,1.6,33.7,0.0,0.0,2260.0,378.0,172938,sr_legacy_food
"Sausage, Smoked Link Sausage, Pork And Beef (Nonfat Dry Milk Added)",Protein,313.0,13.3,1.9,27.6,0.0,0.0,1173.0,286.0,172939,sr_legacy_food
"Thuringer, Cervelat, Summer Sausage",Protein,362.0,17.4,3.3,30.4,0.0,0.0,1300.0,260.0,172940,sr_legacy_food
"Turkey Breast, Sliced, Prepackaged",Protein,106.0,14.8,2.2,3.8,0.0,0.0,898.0,371.0,172941,sr_legacy_food
"Sausage, Vienna, Canned",Protein,230.0,10.5,2.6,19.4,0.0,0.0,879.0,101.0,172942,sr_legacy_food
"Honey Roll Sausage, Beef",Protein,182.0,18.6,2.2,10.5,0.0,0.0,1322.0,291.0,172943,sr_legacy_food
"Oscar Mayer, Braunschweiger Liver Sausage (Sliced)",Protein,331.0,14.2,2.6,29.4,0.2,0.0,1159.0,202.0,172944,sr_legacy_food
"Oscar Mayer, Chicken Breast (Honey Glazed)",Protein,109.0,19.8,4.3,1.5,0.0,0.0,1438.0,329.0,172945,sr_legacy_food
"Oscar Mayer, Ham (Chopped With Natural Juice)",Protein,180.0,16.3,3.6,11.2,0.0,0.0,1249.0,260.0,172946,sr_legacy_food
"Oscar Mayer, Salami (Hard)",Protein,368.0,25.9,1.6,28.7,0.0,0.0,1976.0,356.0,172947,sr_legacy_food
"Sausage, Turkey, Pork",Protein,101.0,8.0,11.5,2.5,0.6,0.0,796.0,243.0,172948,sr_legacy_food
"Frankfurter, Beef, Pork",Protein,109.0,12.5,11.2,1.6,0.0,0.0,880.0,220.0,172949,sr_legacy_food
"Luncheon Meat, Pork, Ham",Protein,293.0,12.5,3.4,25.1,0.0,0.0,1036.0,564.0,172950,sr_legacy_food
"Luncheon Meat, Pork With Ham, Minced",Protein,315.0,13.4,4.6,26.6,0.0,0.0,1411.0,409.0,172951,sr_legacy_food
"Sausage, Italian, Sweet",Protein,149.0,16.1,2.1,8.4,0.0,0.0,570.0,194.0,172952,sr_legacy_food
"Sausage, Polish, Beef With Chicken",Protein,259.0,17.6,3.6,19.4,0.0,0.0,1540.0,237.0,172953,sr_legacy_food
"Sausage, Polish, Pork And Beef",Protein,301.0,12.1,2.0,26.6,0.0,0.0,848.0,189.0,172954,sr_legacy_food
"Sausage, Pork And Beef, With Cheddar Cheese",Protein,296.0,12.9,2.1,25.8,0.0,0.0,848.0,206.0,172955,sr_legacy_food
"Bratwurst, Beef And Pork, Smoked",Protein,297.0,12.2,2.0,26.3,0.0,0.0,848.0,283.0,172956,sr_legacy_food
"Bratwurst, Chicken, Cooked",Protein,176.0,19.4,0.0,10.4,0.0,0.0,72.0,211.0,172957,sr_legacy_food
"Bratwurst, Pork, Beef And Turkey",Protein,186.0,14.4,1.6,13.5,0.0,0.0,982.0,246.0,172958,sr_legacy_food
"Pastrami, Beef, 98% Fat-Free",Protein,95.0,19.6,1.5,1.2,0.0,0.0,1010.0,228.0,172959,sr_legacy_food
"Yachtwurst, With Pistachio Nuts, Cooked",Protein,268.0,14.8,1.4,22.6,0.0,0.0,936.0,0.0,172960,sr_legacy_food
"Beerwurst, Pork And Beef",Protein,276.0,14.0,4.3,22.5,0.9,0.0,732.0,244.0,172961,sr_legacy_food
"Chicken Breast, Fat-Free, Mesquite Flavor",Protein,80.0,16.8,2.2,0.4,0.0,0.0,1040.0,316.0,172962,sr_legacy_food
"Chicken Breast, Oven-Roasted, Fat-Free",Protein,79.0,16.8,2.2,0.4,0.0,0.0,1087.0,67.0,172963,sr_legacy_food
"Frankfurter, Pork",Protein,269.0,12.8,0.3,23.7,0.1,0.0,816.0,264.0,172964,sr_legacy_food
"Macaroni And Cheese Loaf, Chicken, Pork And Beef",Protein,228.0,11.8,11.6,15.0,0.0,0.0,3.0,313.0,172965,sr_legacy_food
"Salami, Italian, Pork And Beef",Protein,350.0,21.8,6.4,26.4,0.0,0.0,936.0,378.0,172966,sr_legacy_food
"Pate, Truffle Flavor",Protein,327.0,11.2,6.3,28.5,0.0,0.0,807.0,138.0,172967,sr_legacy_food
"Frankfurter, Meat",Protein,290.0,10.3,4.2,25.8,0.0,0.0,1090.0,152.0,172968,sr_legacy_food
"Scrapple, Pork",Protein,213.0,8.1,14.1,13.9,0.3,0.0,482.0,158.0,172969,sr_legacy_food
"Bologna, Chicken, Turkey",Protein,298.0,9.9,5.6,26.2,0.0,0.0,922.0,152.0,172970,sr_legacy_food
"Pork Sausage, Link/Patty, Fully Cooked",Protein,438.0,15.1,0.6,41.7,0.0,0.0,990.0,225.0,172971,sr_legacy_food
"Cereals, Quaker, Quaker Multigrain Oatmeal",Breakfast,334.0,12.6,72.6,2.7,11.9,0.0,7.0,322.0,172972,sr_legacy_food
"Cereals Ready-To-Eat, Chocolate-Flavored Frosted Puffed Corn",Breakfast,405.0,3.3,87.2,3.5,3.8,0.0,534.0,176.0,172973,sr_legacy_food
"Cereals Ready-To-Eat, Quaker, Toasted Multigrain Crisps",Breakfast,372.0,12.4,74.9,5.1,10.2,0.0,365.0,438.0,172974,sr_legacy_food
"Cereals Ready-To-Eat, Quaker, Quaker 100% Natural Granola With Oats",Breakfast,412.0,9.7,74.7,10.4,9.4,0.0,54.0,501.0,172975,sr_legacy_food
"Cereals Ready-To-Eat, Quaker, Low Fat 100% Natural Granola With Raisins",Breakfast,388.0,8.4,80.6,5.5,9.6,0.0,234.0,431.0,172976,sr_legacy_food
"Cereals, Quaker, Instant Grits",Breakfast,369.0,8.1,74.8,5.6,4.7,0.0,1197.0,121.0,172977,sr_legacy_food
"Cereals, Oat Bran, Quaker",Breakfast,43.0,2.0,7.5,1.0,1.7,0.0,46.0,69.0,172978,sr_legacy_food
"Cereals Ready-To-Eat, Health Valley, Fiber 7 Flakes",Breakfast,353.0,14.4,78.2,1.4,14.1,0.0,200.0,480.0,172981,sr_legacy_food
"Cereals Ready-To-Eat, Malt-O-Meal, Berry Colossal Crunch",Breakfast,396.0,4.2,86.6,4.2,1.8,0.0,633.0,109.0,172982,sr_legacy_food
"Cereals Ready-To-Eat, Malt-O-Meal, Crispy Rice",Breakfast,346.0,6.1,86.4,1.1,0.4,0.0,924.0,114.0,172983,sr_legacy_food
"Cereals Ready-To-Eat, Malt-O-Meal, Tootie Fruities",Breakfast,391.0,4.7,85.9,3.2,2.2,0.0,453.0,104.0,172984,sr_legacy_food
"Cereals Ready-To-Eat, Quaker, Mother'S Peanut Butter Bumpers Cereal",Breakfast,407.0,7.6,79.7,7.3,2.5,0.0,774.0,296.0,172985,sr_legacy_food
"Cereals Ready-To-Eat, Quaker, Mother'S Toasted Oat Bran Cereal",Breakfast,372.0,11.4,75.4,5.0,8.6,0.0,653.0,489.0,172986,sr_legacy_food
"Cereals Ready-To-Eat, Quaker, Shredded Wheat",Breakfast,348.0,11.2,81.0,2.0,11.8,0.0,4.0,358.0,172987,sr_legacy_food
"Cereals Ready-To-Eat, Sun Country, Kretschmer Wheat Germ",Breakfast,366.0,31.4,49.4,9.6,11.9,0.0,6.0,1097.0,172988,sr_legacy_food
"Cereals, Quaker, Quick Oats",Breakfast,371.0,13.7,68.2,6.9,9.4,0.0,3.0,358.0,172989,sr_legacy_food
"Cereals Ready-To-Eat, Malt-O-Meal, Frosted Flakes",Breakfast,389.0,4.2,90.2,0.9,1.2,0.0,451.0,82.0,172990,sr_legacy_food
"Cereals, Quaker, Instant Grits Product With American Cheese Flavor",Breakfast,360.0,8.8,74.2,4.7,4.3,0.0,1518.0,134.0,172993,sr_legacy_food
"Cereals Ready-To-Eat, Malt-O-Meal, Honey Graham Squares",Breakfast,398.0,4.5,74.7,10.0,4.4,0.0,838.0,226.0,172995,sr_legacy_food
"Cereals Ready-To-Eat, Malt-O-Meal, Raisin Bran Cereal",Breakfast,342.0,7.6,80.4,1.9,10.2,0.0,466.0,546.0,172996,sr_legacy_food
"Cereals Ready-To-Eat, Malt-O-Meal, Blueberry Muffin Tops Cereal",Breakfast,443.0,4.9,79.9,11.5,4.7,0.0,462.0,179.0,172997,sr_legacy_food
"Cereals, Malt-O-Meal, Farina Hot Wheat Cereal",Breakfast,365.0,10.5,77.2,0.5,2.9,0.0,3.0,93.0,172998,sr_legacy_food
"Cereals, Malt-O-Meal, Maple & Brown Sugar Hot Wheat Cereal",Breakfast,368.0,8.8,80.5,0.5,1.8,0.0,5.0,130.0,172999,sr_legacy_food
"Cereals Ready-To-Eat, Malt-O-Meal, Frosted Mini Spooners",Breakfast,354.0,9.1,81.8,1.9,10.9,0.0,18.0,327.0,173000,sr_legacy_food
"Cereals Ready-To-Eat, Malt-O-Meal, Fruity Dyno-Bites",Breakfast,404.0,3.9,90.1,3.2,1.0,0.0,630.0,76.0,173001,sr_legacy_food
"Cereals Ready-To-Eat, Ralston Enriched Wheat Bran Flakes",Breakfast,390.0,10.2,79.8,3.4,16.9,0.0,586.0,630.0,173002,sr_legacy_food
"Cereals Ready-To-Eat, Ralston Corn Biscuits",Breakfast,376.0,5.8,85.8,1.0,2.6,0.0,767.0,200.0,173003,sr_legacy_food
"Cereals Ready-To-Eat, Post Great Grains Cranberry Almond Crunch",Breakfast,384.0,8.9,76.6,5.9,11.1,0.0,214.0,308.0,173005,sr_legacy_food
Rice And Wheat Cereal Bar,Snacks,409.0,9.1,72.7,9.1,1.8,0.0,428.0,143.0,173006,sr_legacy_food
"Cereals Ready-To-Eat, Quaker, Quaker Honey Graham Life Cereal",Breakfast,373.0,9.3,78.6,4.1,6.3,0.0,488.0,269.0,173007,sr_legacy_food
"Cereals, Cream Of Wheat, 2 1/2 Minute Cook Time",Breakfast,56.0,1.4,11.7,0.2,0.7,0.0,34.0,23.0,173008,sr_legacy_food
"Cereals, Cream Of Wheat, 1 Minute Cook Time",Breakfast,359.0,11.8,72.6,1.5,4.4,0.0,7.0,151.0,173010,sr_legacy_food
"Cereals Ready-To-Eat, Quaker, Cap'N Crunch'S Oops! All Berries Cereal",Breakfast,395.0,4.6,87.1,4.0,2.6,0.0,637.0,189.0,173013,sr_legacy_food
"Cereals Ready-To-Eat, Quaker Oatmeal Squares, Golden Maple",Breakfast,380.0,11.3,78.0,4.8,8.3,0.0,347.0,358.0,173014,sr_legacy_food
"Cereals Ready-To-Eat, Post, Honey Bunches Of Oats With Vanilla Bunches",Breakfast,394.0,7.9,81.8,5.1,7.8,0.0,267.0,262.0,173015,sr_legacy_food
"Cereals Ready-To-Eat, Nature'S Path, Organic Flax Plus Flakes",Breakfast,350.0,11.9,75.3,5.5,16.6,0.0,458.0,501.0,173017,sr_legacy_food
"Cereals Ready-To-Eat, Barbara'S Puffins, Original",Breakfast,333.0,7.4,84.0,3.7,18.5,0.0,704.0,315.0,173018,sr_legacy_food
"Cereals Ready-To-Eat, Post Honey Bunches Of Oats With Cinnamon Bunches",Breakfast,400.0,7.1,82.8,5.0,5.8,0.0,464.0,184.0,173020,sr_legacy_food
"Figs, Raw",Fruit,74.0,0.8,19.2,0.3,2.9,0.0,1.0,232.0,173021,sr_legacy_food
"Figs, Canned, Water Pack",Fruit,53.0,0.4,14.0,0.1,2.2,0.0,1.0,103.0,173022,sr_legacy_food
"Figs, Canned, Light Syrup Pack",Fruit,69.0,0.4,18.0,0.1,1.8,0.0,1.0,102.0,173023,sr_legacy_food
"Figs, Canned, Heavy Syrup Pack",Fruit,88.0,0.4,22.9,0.1,2.2,0.0,1.0,99.0,173024,sr_legacy_food
"Figs, Canned, Extra Heavy Syrup Pack",Fruit,107.0,0.4,27.9,0.1,0.0,0.0,1.0,97.0,173025,sr_legacy_food
"Fruit Cocktail, (Peach And Pineapple And Pear And Grape And Cherry), Canned",Fruit,45.0,0.4,11.6,0.1,1.1,0.0,4.0,104.0,173026,sr_legacy_food
"Gooseberries, Raw",Fruit,44.0,0.9,10.2,0.6,4.3,0.0,1.0,198.0,173030,sr_legacy_food
"Gooseberries, Canned, Light Syrup Pack",Fruit,73.0,0.6,18.8,0.2,2.4,0.0,2.0,77.0,173031,sr_legacy_food
"Goji Berries, Dried",Fruit,349.0,14.3,77.1,0.4,13.0,0.0,298.0,0.0,173032,sr_legacy_food
"Grapefruit, Raw, Pink And Red And White",Fruit,32.0,0.6,8.1,0.1,1.1,0.0,0.0,139.0,173033,sr_legacy_food
"Grapefruit, Raw, White",Fruit,32.0,0.6,8.2,0.1,0.0,0.0,0.0,150.0,173034,sr_legacy_food
"Grapefruit, Sections, Canned",Fruit,36.0,0.6,9.2,0.1,0.4,0.0,2.0,132.0,173035,sr_legacy_food
"Grapefruit Juice, Pink Or Red, With Added Calcium",Fruit,39.0,0.5,7.7,0.7,0.3,0.0,2.0,132.0,173038,sr_legacy_food
"Grapefruit Juice, White, Raw",Fruit,39.0,0.5,9.2,0.1,0.1,0.0,1.0,162.0,173039,sr_legacy_food
"Grapes, Muscadine, Raw",Fruit,57.0,0.8,13.9,0.5,3.9,0.0,1.0,203.0,173040,sr_legacy_food
"Groundcherries, (Cape-Gooseberries Or Poha), Raw",Fruit,53.0,1.9,11.2,0.7,0.0,0.0,0.0,0.0,173043,sr_legacy_food
"Guavas, Common, Raw",Fruit,68.0,2.6,14.3,1.0,5.4,0.0,2.0,417.0,173044,sr_legacy_food
"Guavas, Strawberry, Raw",Fruit,69.0,0.6,17.4,0.6,5.4,0.0,37.0,292.0,173045,sr_legacy_food
"Beef, Top Loin Petite Roast, Boneless",Protein,195.0,28.3,0.8,8.8,0.0,0.0,62.0,371.0,173046,sr_legacy_food
"Beef, Top Loin Petite Roast/Filet, Boneless",Protein,143.0,22.6,0.0,5.8,0.0,0.0,60.0,407.0,173049,sr_legacy_food
"Beef, Loin, Top Sirloin Filet",Protein,165.0,30.8,0.0,4.7,0.0,0.0,56.0,390.0,173050,sr_legacy_food
"Beef, Loin, Top Sirloin Petite Roast",Protein,170.0,29.1,0.0,5.9,0.0,0.0,57.0,377.0,173051,sr_legacy_food
"Beef, Loin, Top Sirloin Petite Roast/Filet",Protein,128.0,23.0,0.0,4.0,0.0,0.0,65.0,395.0,173053,sr_legacy_food
"Beef, Ribeye Cap Steak, Boneless",Protein,246.0,24.7,1.5,15.7,0.0,0.0,86.0,351.0,173054,sr_legacy_food
"Beef, Ribeye Petite Roast, Boneless",Protein,178.0,28.2,0.0,7.3,0.0,0.0,55.0,398.0,173058,sr_legacy_food
"Beef, Top Loin Filet, Boneless",Protein,239.0,27.4,0.6,14.1,0.0,0.0,93.0,376.0,173063,sr_legacy_food
"Beef, New Zealand, Imported",Protein,202.0,34.5,0.0,7.0,0.0,0.0,30.0,178.0,173073,sr_legacy_food
"Beef, Ground, 93% Lean Meat / 7% Fat",Protein,152.0,20.8,0.0,7.0,0.0,0.0,66.0,336.0,173110,sr_legacy_food
"Beef, Ground, 97% Lean Meat / 3% Fat",Protein,121.0,22.0,0.0,3.0,0.0,0.0,66.0,357.0,173111,sr_legacy_food
"Beef, Ground, 97% Lean Meat /3% Fat",Protein,144.0,26.0,0.0,3.6,0.0,0.0,69.0,382.0,173113,sr_legacy_food
"Snacks, Popcorn, Microwave",Snacks,402.0,10.7,76.0,6.1,13.6,0.0,571.0,284.0,173131,sr_legacy_food
"Formulated Bar, Mars Snackfood Us, Snickers Marathon Double Chocolate Nut Bar",Snacks,377.0,22.4,51.7,9.0,10.5,0.0,333.0,0.0,173132,sr_legacy_food
"Snacks, M&M Mars, Kudos Whole Grain Bars",Snacks,463.0,5.9,64.7,20.8,2.6,0.0,268.0,0.0,173133,sr_legacy_food
"Formulated Bar, Mars Snackfood Us, Snickers Marathon Honey Nut Oat Bar",Snacks,381.0,22.5,55.1,7.9,11.0,0.0,318.0,0.0,173134,sr_legacy_food
"Formulated Bar, Mars Snackfood Us, Snickers Marathon Energy Bar",Snacks,386.0,21.9,50.3,10.8,6.7,0.0,383.0,351.0,173136,sr_legacy_food
"Formulated Bar, Power Bar, Chocolate",Snacks,363.0,14.2,69.6,3.1,5.7,0.0,308.0,362.0,173137,sr_legacy_food
"Formulated Bar, Mars Snackfood Us, Cocoavia",Snacks,325.0,6.2,57.9,9.3,4.6,0.0,260.0,0.0,173138,sr_legacy_food
"Formulated Bar, Slim-Fast Optima Meal Bar, Milk Chocolate Peanut",Snacks,386.0,16.2,60.2,8.9,5.1,0.0,253.0,289.0,173139,sr_legacy_food
"Snacks, Soy Chips Or Crisps, Salted",Snacks,385.0,26.5,53.2,7.4,3.5,0.0,842.0,7.0,173140,sr_legacy_food
"Popcorn, Microwave, Regular (Butter) Flavor",Snacks,535.0,8.4,57.3,30.2,10.0,0.0,763.0,393.0,173141,sr_legacy_food
"Snacks, Plantain Chips, Salted",Snacks,531.0,2.3,63.8,29.6,3.5,0.0,202.0,786.0,173142,sr_legacy_food
"Tortilla Chips, Yellow, Plain",Snacks,497.0,6.6,67.4,22.3,4.7,0.0,310.0,206.0,173143,sr_legacy_food
"Snacks, Granola Bar, Kashi Golean",Snacks,393.0,17.9,59.6,9.2,5.9,0.0,486.0,300.0,173144,sr_legacy_food
"Snacks, Granola Bar, Chewy",Snacks,412.0,5.6,69.4,12.5,3.1,0.0,312.0,199.0,173145,sr_legacy_food
"Snacks, Granola Bites, Mixed Flavors",Snacks,451.0,7.2,66.3,17.5,5.7,0.0,167.0,285.0,173146,sr_legacy_food
"Snacks, Pita Chips, Salted",Snacks,457.0,11.8,68.3,15.2,3.8,0.0,854.0,129.0,173147,sr_legacy_food
"Formulated Bar, High Fiber, Chewy",Snacks,389.0,5.0,69.8,10.0,22.5,0.0,237.0,447.0,173149,sr_legacy_food
"Snacks, Bagel Chips, Plain",Snacks,451.0,12.3,66.4,15.1,4.1,0.0,233.0,140.0,173150,sr_legacy_food
"Snacks, Nutri-Grain Fruit And Nut Bar",Snacks,403.0,9.4,66.7,10.9,7.5,0.0,195.0,328.0,173151,sr_legacy_food
"Snacks, Yucca (Cassava) Chips, Salted",Snacks,515.0,1.3,69.2,25.9,3.7,0.0,296.0,868.0,173152,sr_legacy_food
"Snacks, Granola Bar, General Mills",Snacks,415.0,5.7,72.3,11.4,3.8,0.0,185.0,189.0,173153,sr_legacy_food
"Snacks, Granola Bar, Quaker",Snacks,480.0,7.5,65.0,20.4,3.2,0.0,269.0,231.0,173154,sr_legacy_food
"Snacks, Brown Rice Chips",Snacks,384.0,8.2,81.5,2.8,4.2,0.0,326.0,290.0,173155,sr_legacy_food
"Snack, Pretzel, Hard Chocolate Coated",Snacks,467.0,7.0,70.1,17.6,3.5,0.0,494.0,199.0,173156,sr_legacy_food
"Snacks, Peas, Roasted",Snacks,432.0,14.1,62.2,14.1,3.8,0.0,300.0,732.0,173157,sr_legacy_food
"Formulated Bar, South Beach Protein Bar",Snacks,412.0,30.3,38.4,15.2,7.3,0.0,436.0,793.0,173158,sr_legacy_food
"Snack, Balance, Original Bar",Snacks,415.0,28.0,48.7,12.0,3.1,0.0,253.0,678.0,173159,sr_legacy_food
"Snacks, Shrimp Cracker",Snacks,426.0,7.1,59.1,17.9,5.6,0.0,571.0,193.0,173160,sr_legacy_food
Rice Crackers,Snacks,416.0,10.0,82.6,5.0,0.0,0.0,233.0,243.0,173161,sr_legacy_food
"Beverages, Monster Energy Drink, Low Carb",Beverage,5.0,0.0,1.4,0.0,0.0,0.0,75.0,0.0,173162,sr_legacy_food
"Beverages, Whiskey Sour Mix, Powder",Beverage,383.0,0.6,97.3,0.1,0.0,0.0,274.0,19.0,173163,sr_legacy_food
"Alcoholic Beverage, Whiskey Sour, Prepared With Water",Beverage,164.0,0.1,15.8,0.0,0.0,0.0,47.0,4.0,173164,sr_legacy_food
"Beverages, The Coca-Cola Company, Nos Energy Drink",Beverage,44.0,0.0,11.2,0.0,0.0,0.0,85.0,0.0,173165,sr_legacy_food
"Beverages, Water, Bottled",Beverage,5.0,0.0,1.2,0.0,0.0,0.0,10.0,8.0,173166,sr_legacy_food
"Beverages, Abbott, Eas Whey Protein Powder",Beverage,385.0,66.7,18.0,5.1,0.0,0.0,385.0,564.0,173167,sr_legacy_food
"Alcoholic Beverage, Creme De Menthe, 72 Proof",Beverage,371.0,0.0,41.6,0.3,0.0,0.0,5.0,0.0,173168,sr_legacy_food
"Beverages, Nestle, Boost Plus",Beverage,138.0,5.4,17.3,5.4,1.2,0.0,77.0,138.0,173169,sr_legacy_food
"Beverages, Slimfast, Meal Replacement",Beverage,61.0,6.6,0.8,3.4,0.4,0.0,72.0,179.0,173170,sr_legacy_food
"Beverages, Unilever, Slimfast",Beverage,57.0,3.3,7.7,1.9,1.6,0.0,68.0,193.0,173171,sr_legacy_food
"Beverages, Unilever, Slimfast Shake Mix",Beverage,448.0,8.1,73.9,13.3,18.1,0.0,472.0,247.0,173172,sr_legacy_food
"Beverages, Fuze, Orange Mango",Beverage,38.0,0.7,9.2,0.1,0.2,0.0,10.0,192.0,173173,sr_legacy_food
"Beverages, Acai Berry Drink, Fortified",Beverage,62.0,0.8,12.8,0.8,1.2,0.0,13.0,130.0,173175,sr_legacy_food
"Alcoholic Beverage, Wine, Dessert",Beverage,160.0,0.2,13.7,0.0,0.0,0.0,9.0,92.0,173176,sr_legacy_food
"Beverages, Whey Protein Powder Isolate",Beverage,359.0,58.1,29.1,1.2,0.0,0.0,372.0,872.0,173177,sr_legacy_food
"Beverages, Orange Juice, Light",Beverage,21.0,0.2,5.4,0.0,0.0,0.0,4.0,188.0,173178,sr_legacy_food
"Beverages, The Coca-Cola Company, Hi-C Flashin' Fruit Punch",Beverage,45.0,0.0,12.5,0.0,0.0,0.0,8.0,0.0,173179,sr_legacy_food
"Beverages, Protein Powder Whey Based",Beverage,352.0,78.1,6.2,1.6,3.1,0.0,156.0,500.0,173180,sr_legacy_food
"Beverages, Protein Powder Soy Based",Beverage,388.0,55.6,28.9,5.6,6.7,0.0,733.0,933.0,173181,sr_legacy_food
"Beverages, Rich Chocolate, Powder",Beverage,372.0,0.0,93.0,0.0,0.0,0.0,636.0,0.0,173182,sr_legacy_food
"Beverages, Chocolate Malt, Powder",Beverage,49.0,3.2,8.6,0.2,0.0,0.0,77.0,158.0,173184,sr_legacy_food
"Beverages, V8 Splash Smoothies, Peach Mango",Beverage,37.0,1.2,7.8,0.0,0.0,0.0,29.0,24.0,173186,sr_legacy_food
"Beverages, Chocolate Almond Milk, Unsweetened",Beverage,21.0,0.8,1.2,1.5,0.4,0.0,75.0,96.0,173187,sr_legacy_food
"Beverages, Minute Maid, Lemonada",Beverage,50.0,0.0,13.8,0.0,0.0,0.0,6.0,10.0,173189,sr_legacy_food
"Beverages, Mixed Vegetable And Fruit Juice Drink, With Added Nutrients",Beverage,29.0,0.0,7.5,0.0,0.0,0.0,21.0,19.0,173197,sr_legacy_food
"Carbonated Beverage, Cream Soda",Beverage,51.0,0.0,13.3,0.0,0.0,0.0,12.0,1.0,173199,sr_legacy_food
"Beverages, Carbonated, Grape Soda",Beverage,43.0,0.0,11.2,0.0,0.0,0.0,15.0,1.0,173203,sr_legacy_food
"Beverages, Carbonated, Lemon-Lime Soda",Beverage,41.0,0.1,10.4,0.0,0.0,0.0,10.0,1.0,173205,sr_legacy_food
"Beverages, Carbonated, Sprite",Beverage,40.0,0.0,10.1,0.0,0.0,0.0,9.0,1.0,173206,sr_legacy_food
"Beverages, Carbonated, Pepper-Type",Beverage,41.0,0.0,10.4,0.1,0.0,0.0,10.0,1.0,173209,sr_legacy_food
"Beverages, Grape Juice Drink, Canned",Beverage,57.0,0.0,14.6,0.0,0.1,0.0,9.0,33.0,173213,sr_legacy_food
"Beverages, Cranberry Juice Cocktail",Beverage,52.0,0.0,12.2,0.3,0.0,0.0,2.0,19.0,173214,sr_legacy_food
"Beverages, Snapple, Tea",Beverage,2.0,0.1,0.1,0.0,0.0,0.0,3.0,19.0,173215,sr_legacy_food
"Lemonade, Frozen Concentrate, White",Beverage,196.0,0.2,49.9,0.7,0.3,0.0,7.0,72.0,173216,sr_legacy_food
"Beverages, Malted Drink Mix, Natural",Beverage,86.0,3.7,10.7,3.2,0.0,0.0,72.0,200.0,173219,sr_legacy_food
"Beverages, Ovaltine, Chocolate Malt Powder",Beverage,372.0,0.0,93.0,0.0,0.0,0.0,530.0,0.0,173222,sr_legacy_food
"Beverages, Orange And Apricot Juice Drink, Canned",Beverage,51.0,0.3,12.7,0.1,0.1,0.0,2.0,80.0,173223,sr_legacy_food
"Beverages, Pineapple And Grapefruit Juice Drink, Canned",Beverage,47.0,0.2,11.6,0.1,0.1,0.0,14.0,61.0,173224,sr_legacy_food
"Beverages, Pineapple And Orange Juice Drink, Canned",Beverage,50.0,1.3,11.8,0.0,0.1,0.0,3.0,46.0,173225,sr_legacy_food
"Shake, Fast Food, Vanilla",Beverage,148.0,3.4,19.6,6.5,0.9,0.0,81.0,166.0,173226,sr_legacy_food
"Beverages, Tea, Herb",Beverage,1.0,0.0,0.2,0.0,0.0,0.0,1.0,9.0,173232,sr_legacy_food
"Beverages, Orange-Flavor Drink, Breakfast Type",Beverage,386.0,0.0,98.9,0.0,0.4,0.0,17.0,190.0,173235,sr_legacy_food
"Pie, Apple, Commercially Prepared",Grain,237.0,1.9,34.0,11.0,1.6,0.0,266.0,65.0,173239,sr_legacy_food
"Pie, Fried Pies, Cherry",Grain,316.0,3.0,42.6,16.1,2.6,0.0,374.0,65.0,173240,sr_legacy_food
"Tortillas, Ready-To-Bake Or -Fry, Corn",Grain,222.0,5.7,46.6,2.5,5.2,0.0,11.0,154.0,173241,sr_legacy_food
"Cake, Yellow, Light",Grain,404.0,4.7,84.1,5.5,1.3,0.0,604.0,65.0,173244,sr_legacy_food
"Archway Home Style Cookies, Coconut Macaroon",Grain,460.0,3.0,61.2,22.6,5.1,0.0,200.0,123.0,173245,sr_legacy_food
"Archway Home Style Cookies, Date Filled Oatmeal",Grain,400.0,4.7,68.2,12.0,2.1,0.0,331.0,159.0,173246,sr_legacy_food
"Archway Home Style Cookies, Dutch Cocoa",Grain,431.0,4.5,69.4,15.0,2.6,0.0,384.0,239.0,173247,sr_legacy_food
"Archway Home Style Cookies, Frosty Lemon",Grain,430.0,4.4,64.8,17.1,0.7,0.0,449.0,92.0,173248,sr_legacy_food
"Archway Home Style Cookies, Iced Molasses",Grain,420.0,3.5,69.1,14.4,1.0,0.0,605.0,125.0,173249,sr_legacy_food
"Archway Home Style Cookies, Old Fashioned Molasses",Grain,406.0,4.3,70.6,11.8,1.1,0.0,561.0,0.0,173250,sr_legacy_food
"Archway Home Style Cookies, Old Fashioned Windmill Cookies",Grain,468.0,5.2,72.2,17.6,1.8,0.0,471.0,113.0,173251,sr_legacy_food
"Archway Home Style Cookies, Peanut Butter",Grain,480.0,9.0,58.5,24.3,2.8,0.0,404.0,209.0,173252,sr_legacy_food
"Archway Home Style Cookies, Raspberry Filled",Grain,400.0,4.4,65.9,13.3,2.2,0.0,334.0,118.0,173253,sr_legacy_food
"George Weston Bakeries, Brownberry Sage And Onion Stuffing Mix, Dry",Grain,390.0,13.3,72.7,5.1,5.4,0.0,1680.0,0.0,173254,sr_legacy_food
"Keebler, Keebler Chocolate Graham Selects",Grain,465.0,7.1,71.8,16.6,0.0,0.0,357.0,0.0,173255,sr_legacy_food
"Continental Mills, Krusteaz Almond Poppyseed Muffin Mix, Artificially Flavored",Grain,418.0,5.6,75.6,10.3,1.7,0.0,590.0,0.0,173256,sr_legacy_food
"Mckee Baking, Little Debbie Nutty Bars, Wafers With Peanut Butter",Grain,548.0,8.0,55.2,32.8,0.0,0.0,223.0,0.0,173257,sr_legacy_food
"Nabisco, Nabisco Ritz Crackers",Grain,492.0,7.2,63.5,23.2,2.3,0.0,882.0,119.0,173258,sr_legacy_food
"Pillsbury, Buttermilk Biscuits, Artificial Flavor",Grain,236.0,6.4,47.1,2.8,1.6,0.0,854.0,0.0,173259,sr_legacy_food
"Pillsbury, Chocolate Chip Cookies, Refrigerated Dough",Grain,450.0,3.8,60.8,21.3,1.7,0.0,326.0,0.0,173260,sr_legacy_food
"Pillsbury, Crusty French Loaf, Refrigerated Dough",Grain,243.0,8.6,46.4,2.9,2.6,0.0,575.0,0.0,173261,sr_legacy_food
"Sorghum Flour, Refined, Unenriched",Grain,357.0,9.5,76.8,1.2,1.9,0.0,1.0,145.0,173262,sr_legacy_food
"Pasta, Gluten-Free, Rice Flour And Rice Bran Extract",Grain,200.0,4.2,40.8,1.7,1.9,0.0,4.0,55.0,173264,sr_legacy_food
"Pasta, Gluten-Free, Corn And Rice Flour",Grain,179.0,3.2,38.0,1.0,1.4,0.0,4.0,24.0,173265,sr_legacy_food
"Fast Foods, Biscuit, With Egg And Bacon",Fast Foods,305.0,11.3,19.1,20.7,0.5,0.0,844.0,167.0,173266,sr_legacy_food
"Fast Foods, Biscuit, With Egg And Ham",Fast Foods,233.0,10.6,16.4,14.1,0.4,0.0,1093.0,166.0,173267,sr_legacy_food
"Fast Foods, Biscuit, With Crispy Chicken Fillet",Fast Foods,300.0,11.9,30.6,14.9,1.4,0.0,868.0,206.0,173268,sr_legacy_food
"Fast Foods, Croissant, With Egg",Fast Foods,289.0,12.9,22.5,16.4,1.0,0.0,602.0,160.0,173269,sr_legacy_food
"Fast Foods, Egg, Scrambled",Fast Foods,212.0,13.8,2.1,16.2,0.0,0.0,187.0,147.0,173272,sr_legacy_food
"Fast Foods, Potatoes, Hash Browns",Fast Foods,272.0,2.6,28.9,17.0,2.7,0.0,566.0,355.0,173273,sr_legacy_food
"Fast Foods, Vanilla, Light",Fast Foods,163.0,4.2,26.4,4.9,0.1,0.0,81.0,193.0,173274,sr_legacy_food
"Fast Foods, Sundae, Caramel",Fast Foods,196.0,4.7,31.8,6.0,0.0,0.0,126.0,205.0,173275,sr_legacy_food
"Fast Foods, Sundae, Hot Fudge",Fast Foods,180.0,3.6,30.2,5.5,0.0,0.0,115.0,250.0,173276,sr_legacy_food
"Fast Foods, Burrito, With Beans And Beef",Fast Foods,191.0,11.5,19.5,7.5,3.0,0.0,570.0,269.0,173277,sr_legacy_food
"Pizza Hut 12"" Pepperoni Pizza, Hand-Tossed Crust",Fast Foods,280.0,12.9,31.6,11.4,1.7,0.0,801.0,207.0,173279,sr_legacy_food
"Pizza Hut 12"" Pepperoni Pizza, Pan Crust",Fast Foods,298.0,12.0,30.5,14.2,1.8,0.0,692.0,199.0,173280,sr_legacy_food
"Pizza Hut 12"" Super Supreme Pizza, Hand-Tossed Crust",Fast Foods,243.0,10.9,25.6,10.7,2.0,0.0,689.0,233.0,173281,sr_legacy_food
"Domino'S 14"" Cheese Pizza, Classic Hand-Tossed Crust",Fast Foods,257.0,10.8,33.2,9.0,2.2,0.0,523.0,161.0,173282,sr_legacy_food
"Domino'S 14"" Cheese Pizza, Ultimate Deep Dish Crust",Fast Foods,265.0,10.8,33.5,9.8,2.4,0.0,615.0,169.0,173283,sr_legacy_food
"Papa John'S 14"" Cheese Pizza, Original Crust",Fast Foods,260.0,11.5,32.7,9.2,1.9,0.0,578.0,138.0,173284,sr_legacy_food
"Papa John'S 14"" Pepperoni Pizza, Original Crust",Fast Foods,275.0,12.0,30.0,11.9,1.2,0.0,671.0,150.0,173285,sr_legacy_food
"Papa John'S 14"" The Works Pizza, Original Crust",Fast Foods,240.0,10.3,26.7,10.2,2.5,0.0,570.0,160.0,173286,sr_legacy_food
"Papa John'S 14"" Cheese Pizza, Thin Crust",Fast Foods,295.0,12.3,26.3,15.7,2.3,0.0,528.0,160.0,173287,sr_legacy_food
"Little Caesars 14"" Pepperoni Pizza, Large Deep Dish Crust",Fast Foods,265.0,12.9,29.0,10.8,1.5,0.0,492.0,173.0,173288,sr_legacy_food
"Little Caesars 14"" Cheese Pizza, Thin Crust",Fast Foods,309.0,16.2,22.8,17.0,1.6,0.0,455.0,177.0,173289,sr_legacy_food
"Pizza Hut 14"" Cheese Pizza, Hand-Tossed Crust",Fast Foods,275.0,12.0,33.4,10.4,2.4,0.0,674.0,183.0,173290,sr_legacy_food
"Pizza Hut 14"" Cheese Pizza, Pan Crust",Fast Foods,276.0,10.8,32.8,11.2,2.1,0.0,580.0,170.0,173291,sr_legacy_food
"Mcdonald'S, Chicken Mcnuggets",Fast Foods,302.0,15.8,15.1,19.8,0.0,0.0,566.0,252.0,173297,sr_legacy_food
"Mcdonald'S, Hash Brown",Fast Foods,271.0,2.5,28.6,16.3,2.8,0.0,580.0,341.0,173298,sr_legacy_food
"Mcdonald'S, Hotcakes (Plain)",Fast Foods,228.0,6.0,38.3,5.8,1.4,0.0,358.0,173.0,173299,sr_legacy_food
"Mcdonald'S, Bacon, Egg & Cheese Mcgriddles",Fast Foods,272.0,12.0,26.2,13.2,0.8,0.0,673.0,0.0,173300,sr_legacy_food
"Mcdonald'S, Hot Caramel Sundae",Fast Foods,188.0,3.6,33.4,4.9,0.0,0.0,80.0,186.0,173301,sr_legacy_food
"Mcdonald'S, Hot Fudge Sundae",Fast Foods,186.0,4.1,30.0,5.9,0.4,0.0,94.0,246.0,173302,sr_legacy_food
"Mcdonald'S, Mcflurry With M&M'S Candies",Fast Foods,177.0,4.0,26.8,6.5,0.2,0.0,54.0,208.0,173303,sr_legacy_food
"Mcdonald'S, Mcflurry With Oreo Cookies",Fast Foods,165.0,4.0,25.6,5.7,0.1,0.0,75.0,198.0,173304,sr_legacy_food
"Mcdonald'S, Mcchicken Sandwich",Fast Foods,273.0,10.4,28.0,13.2,1.3,0.0,624.0,173.0,173305,sr_legacy_food
"Mcdonald'S, Mcchicken Sandwich (Without Mayonnaise)",Fast Foods,240.0,11.1,31.0,8.5,1.4,0.0,555.0,184.0,173306,sr_legacy_food
"Mcdonald'S, Egg Mcmuffin",Fast Foods,228.0,13.6,21.7,9.7,1.1,0.0,617.0,173.0,173307,sr_legacy_food
"Mcdonald'S, Sausage Mcmuffin",Fast Foods,333.0,12.7,24.5,21.1,1.4,0.0,693.0,188.0,173308,sr_legacy_food
"Mcdonald'S, Deluxe Breakfast, With Syrup And Margarine",Fast Foods,285.0,7.6,29.5,15.2,1.0,0.0,437.0,170.0,173309,sr_legacy_food
"Mcdonald'S, Hotcakes And Sausage",Fast Foods,294.0,7.8,37.6,12.5,1.6,0.0,484.0,148.0,173310,sr_legacy_food
"Mcdonald'S, Hotcakes (With 2 Pats Margarine & Syrup)",Fast Foods,272.0,4.0,46.1,8.1,0.9,0.0,283.0,125.0,173311,sr_legacy_food
"Mcdonald'S, Bacon Ranch Salad With Grilled Chicken",Fast Foods,81.0,10.3,3.6,3.1,1.0,0.0,230.0,0.0,173312,sr_legacy_food
"Mcdonald'S, Fruit 'N Yogurt Parfait (Without Granola)",Fast Foods,90.0,2.5,17.7,1.1,0.9,0.0,38.0,165.0,173313,sr_legacy_food
"Mcdonald'S, Filet-O-Fish (Without Tartar Sauce)",Fast Foods,243.0,12.5,31.1,7.6,1.0,0.0,464.0,194.0,173314,sr_legacy_food
"Burger King, Croissan'Wich With Sausage, Egg And Cheese",Fast Foods,308.0,12.1,15.9,21.8,1.8,0.0,577.0,158.0,173315,sr_legacy_food
"Burger King, Croissan'Wich With Sausage And Cheese",Fast Foods,376.0,13.7,23.0,25.4,0.7,0.0,782.0,205.0,173316,sr_legacy_food
"Fast Foods, Hamburger; Single, Large Patty; With Condiments",Fast Foods,226.0,11.3,17.3,12.4,1.5,0.0,342.0,188.0,173317,sr_legacy_food
"Fast Foods, Hamburger; Single, Regular Patty; Double Decker Bun With Condiments And Special Sauce",Fast Foods,259.0,12.2,22.7,13.3,1.4,0.0,386.0,194.0,173318,sr_legacy_food
"Fast Foods, Cheeseburger; Double, Regular Patty; With Condiments",Fast Foods,282.0,16.2,18.0,16.2,0.9,0.0,617.0,226.0,173319,sr_legacy_food
"Fast Foods, Chicken Tenders",Fast Foods,271.0,19.2,17.2,14.0,1.2,0.0,769.0,373.0,173321,sr_legacy_food
"Fast Foods, Bagel, With Egg",Fast Foods,295.0,13.0,22.6,17.0,0.2,0.0,550.0,123.0,173322,sr_legacy_food
"Fast Foods, Bagel, With Breakfast Steak",Fast Foods,282.0,16.0,23.0,14.1,0.2,0.0,642.0,145.0,173323,sr_legacy_food
"Light Ice Cream, Soft Serve, Blended With Milk Chocolate Candies",Fast Foods,182.0,4.0,26.8,6.5,0.2,0.0,54.0,208.0,173324,sr_legacy_food
"Macaroni And Cheese, Canned Entree",Meals,82.0,3.4,11.5,2.5,0.5,0.0,302.0,84.0,173325,sr_legacy_food
"Hot Pockets, Croissant Pockets Chicken, Broccoli",Meals,235.0,8.9,30.4,8.6,1.1,0.0,346.0,188.0,173326,sr_legacy_food
"Hot Pockets Ham 'N Cheese Stuffed Sandwich, Frozen",Meals,270.0,9.2,24.7,15.0,1.5,0.0,386.0,188.0,173327,sr_legacy_food
"Ravioli, Cheese-Filled, Canned",Meals,77.0,2.5,13.6,1.4,1.3,0.0,306.0,232.0,173328,sr_legacy_food
"Ravioli, Meat-Filled, With Tomato Sauce Or Meat Sauce",Meals,97.0,3.2,13.3,3.4,1.5,0.0,283.0,178.0,173329,sr_legacy_food
"Beef Stew, Canned Entree",Meals,99.0,4.4,7.8,5.5,0.9,0.0,388.0,163.0,173330,sr_legacy_food
"Chicken Pot Pie, Frozen Entree, Prepared",Meals,204.0,5.1,19.2,11.8,1.1,0.0,393.0,110.0,173331,sr_legacy_food
"Beef, Corned Beef Hash, With Potato",Meals,164.0,8.7,9.3,10.2,1.1,0.0,412.0,172.0,173332,sr_legacy_food
"Lasagna With Meat & Sauce, Frozen Entree",Meals,124.0,6.6,14.4,4.4,1.4,0.0,347.0,184.0,173334,sr_legacy_food
"Burrito, Beef And Bean, Frozen",Meals,239.0,7.3,30.8,9.6,4.2,0.0,587.0,221.0,173335,sr_legacy_food
"Burrito, Bean And Cheese, Frozen",Meals,221.0,7.1,34.0,6.3,3.4,0.0,351.0,210.0,173336,sr_legacy_food
"Macaroni And Cheese, Canned, Microwavable",Meals,134.0,6.0,14.0,6.0,0.4,0.0,335.0,72.0,173337,sr_legacy_food
"Turkey, Stuffing, Mashed Potatoes W/Gravy",Meals,128.0,7.0,16.3,3.9,1.3,0.0,326.0,230.0,173338,sr_legacy_food
"Rice Bowl With Chicken, Frozen Entree, Prepared (Includes Fried",Meals,126.0,5.6,22.5,1.6,0.7,0.0,333.0,123.0,173339,sr_legacy_food
"Macaroni And Cheese Dinner With Dry Sauce Mix, Boxed, Uncooked",Meals,379.0,13.9,70.1,4.8,3.2,0.0,680.0,347.0,173340,sr_legacy_food
"Macaroni And Cheese, Dry Mix, Prepared With 2% Milk And 80% Stick Margarine From Dry Mix",Meals,190.0,4.9,23.9,8.3,1.2,0.0,338.0,129.0,173341,sr_legacy_food
"Macaroni And Cheese, Frozen Entree",Meals,149.0,5.6,17.3,6.4,1.1,0.0,290.0,95.0,173342,sr_legacy_food
Potato Salad With Egg,Meals,157.0,2.0,16.2,9.4,1.3,0.0,329.0,242.0,173343,sr_legacy_food
Pulled Pork In Barbecue Sauce,Meals,168.0,13.2,18.7,4.4,1.2,0.0,666.0,305.0,173344,sr_legacy_food
"Corn Dogs, Frozen, Prepared",Meals,250.0,8.6,27.0,12.0,1.0,0.0,668.0,125.0,173345,sr_legacy_food
"Chicken Tenders, Breaded, Frozen",Meals,240.0,14.6,14.9,13.6,1.7,0.0,527.0,281.0,173346,sr_legacy_food
"Rice-A-Roni, Chicken Flavor, Unprepared",Meals,356.0,10.6,76.1,1.0,1.2,0.0,884.0,153.0,173347,sr_legacy_food
"Rice And Vermicelli Mix, Chicken Flavor, Prepared With 80% Margarine",Meals,136.0,2.6,23.5,3.4,0.7,0.0,377.0,58.0,173348,sr_legacy_food
"Butter, Salted",Dairy,717.0,0.8,0.1,81.1,0.0,0.0,643.0,24.0,173410,sr_legacy_food
"Butter, Whipped, With Salt",Dairy,731.0,0.5,0.0,78.3,0.0,0.0,583.0,41.0,173411,sr_legacy_food
"Butter Oil, Anhydrous",Dairy,876.0,0.3,0.0,99.5,0.0,0.0,2.0,5.0,173412,sr_legacy_food
"Cheese, Caraway",Dairy,376.0,25.2,3.1,29.2,0.0,0.0,690.0,93.0,173413,sr_legacy_food
"Cheese, Cheddar (Includes Foods For Usda'S Food Distribution Program)",Dairy,403.0,22.9,3.4,33.3,0.0,0.0,653.0,76.0,173414,sr_legacy_food
"Cheese, Cheshire",Dairy,387.0,23.4,4.8,30.6,0.0,0.0,700.0,95.0,173415,sr_legacy_food
"Cheese, Colby",Dairy,394.0,23.8,2.6,32.1,0.0,0.0,604.0,127.0,173416,sr_legacy_food
"Cheese, Cream",Dairy,350.0,6.2,5.5,34.4,0.0,0.0,314.0,132.0,173418,sr_legacy_food
"Cheese, Edam",Dairy,357.0,25.0,1.4,28.6,0.0,0.0,973.0,188.0,173419,sr_legacy_food
"Cheese, Feta",Dairy,265.0,14.2,3.9,21.5,0.0,0.0,1139.0,62.0,173420,sr_legacy_food
"Egg, Yolk, Dried",Dairy,669.0,33.6,0.7,59.1,0.0,0.0,149.0,264.0,173428,sr_legacy_food
"Egg Substitute, Powder",Dairy,444.0,55.5,21.8,13.0,0.0,0.0,800.0,744.0,173429,sr_legacy_food
"Butter, Without Salt",Dairy,717.0,0.8,0.1,81.1,0.0,0.0,11.0,24.0,173430,sr_legacy_food
"Cheese, Parmesan, Shredded",Dairy,415.0,37.9,3.4,27.3,0.0,0.0,1696.0,97.0,173431,sr_legacy_food
"Cheese, Goat, Semisoft Type",Dairy,364.0,21.6,0.1,29.8,0.0,0.0,415.0,158.0,173433,sr_legacy_food
"Cheese, Goat, Soft Type",Dairy,264.0,18.5,0.0,21.1,0.0,0.0,459.0,26.0,173435,sr_legacy_food
"Cheese, Mexican, Queso Asadero",Dairy,356.0,22.6,4.1,25.0,0.0,0.0,607.0,86.0,173437,sr_legacy_food
"Cheese, Mexican, Queso Chihuahua",Dairy,374.0,21.6,5.6,29.7,0.0,0.0,617.0,52.0,173438,sr_legacy_food
"Cheese, Low Fat, Cheddar Or Colby",Dairy,173.0,24.4,1.9,7.0,0.0,0.0,873.0,66.0,173439,sr_legacy_food
"Cheese, Low-Sodium, Cheddar Or Colby",Dairy,398.0,24.4,1.9,32.6,0.0,0.0,21.0,112.0,173440,sr_legacy_food
"Milk, Fluid, 1% Fat",Dairy,42.0,3.4,5.0,1.0,0.0,0.0,44.0,150.0,173441,sr_legacy_food
"Sour Cream, Reduced Fat",Dairy,181.0,7.0,7.0,14.1,0.0,0.0,70.0,211.0,173442,sr_legacy_food
"Sour Cream, Light",Dairy,136.0,3.5,7.1,10.6,0.0,0.0,83.0,212.0,173443,sr_legacy_food
"Sour Cream, Fat Free",Dairy,74.0,3.1,15.6,0.0,0.0,0.0,141.0,129.0,173444,sr_legacy_food
Kraft Cheez Whiz Light Pasteurized Process Cheese Product,Dairy,215.0,16.3,16.2,9.5,0.2,0.0,1705.0,297.0,173446,sr_legacy_food
Kraft Free Singles American Nonfat Pasteurized Process Cheese Product,Dairy,148.0,22.7,11.7,1.0,0.2,0.0,1298.0,236.0,173447,sr_legacy_food
Kraft Velveeta Pasteurized Process Cheese Spread,Dairy,303.0,16.3,9.8,22.0,0.0,0.0,1499.0,335.0,173448,sr_legacy_food
Kraft Velveeta Light Reduced Fat Pasteurized Process Cheese Product,Dairy,222.0,19.6,11.8,10.6,0.0,0.0,1586.0,345.0,173449,sr_legacy_food
"Cheese, Parmesan, Dry Grated",Dairy,265.0,20.0,1.4,20.0,0.0,0.0,1529.0,125.0,173452,sr_legacy_food
"Cream Substitute, Flavored, Liquid",Dairy,251.0,0.7,35.1,13.5,1.1,0.0,67.0,96.0,173453,sr_legacy_food
"Protein Supplement, Milk Based, Muscle Milk",Dairy,411.0,45.7,18.5,17.1,7.1,0.0,329.0,1129.0,173459,sr_legacy_food
"Protein Supplement, Milk Based, Muscle Milk Light",Dairy,396.0,50.0,22.0,12.0,2.0,0.0,250.0,840.0,173460,sr_legacy_food
Dulce De Leche,Dairy,315.0,6.8,55.4,7.4,0.0,0.0,129.0,350.0,173461,sr_legacy_food
"Egg Substitute, Liquid Or Frozen, Fat Free",Dairy,48.0,10.0,2.0,0.0,0.0,0.0,199.0,213.0,173462,sr_legacy_food
"Yogurt, Vanilla Flavor, Lowfat Milk",Dairy,86.0,4.9,13.8,1.2,0.0,0.0,66.0,219.0,173463,sr_legacy_food
"Yogurt, Frozen, Flavors Not Chocolate",Dairy,104.0,4.4,19.7,0.8,2.0,0.0,81.0,339.0,173464,sr_legacy_food
"Ice Cream, Soft Serve, Chocolate",Dairy,222.0,4.1,22.2,13.0,0.7,0.0,61.0,177.0,173465,sr_legacy_food
"Ice Cream, Bar Or Stick, Chocolate Covered",Dairy,331.0,4.1,24.5,24.1,0.8,0.0,68.0,305.0,173466,sr_legacy_food
"Fat Free Ice Cream, No Sugar Added, Flavors Other Than Chocolate",Dairy,133.0,4.4,28.9,0.0,7.4,0.0,110.0,196.0,173467,sr_legacy_food
"Vinegar, Cider",Herbs & Spices,21.0,0.0,0.9,0.0,0.0,0.0,5.0,73.0,173469,sr_legacy_food
"Thyme, Fresh",Herbs & Spices,101.0,5.6,24.4,1.7,14.0,0.0,9.0,609.0,173470,sr_legacy_food
Vanilla Extract,Herbs & Spices,288.0,0.1,12.6,0.1,0.0,0.0,9.0,148.0,173471,sr_legacy_food
"Horseradish, Prepared",Herbs & Spices,48.0,1.2,11.3,0.7,3.3,0.0,420.0,246.0,173472,sr_legacy_food
"Rosemary, Fresh",Herbs & Spices,131.0,3.3,20.7,5.9,14.1,0.0,26.0,668.0,173473,sr_legacy_food
"Peppermint, Fresh",Herbs & Spices,70.0,3.8,14.9,0.9,8.0,0.0,31.0,569.0,173474,sr_legacy_food
"Spearmint, Fresh",Herbs & Spices,44.0,3.3,8.4,0.7,6.8,0.0,30.0,458.0,173475,sr_legacy_food
"Seasoning Mix, Dry, Chili",Herbs & Spices,335.0,10.8,56.6,7.3,10.8,0.0,4616.0,0.0,173476,sr_legacy_food
Clif Z Bar,Baby Foods,416.0,5.6,74.7,9.7,8.3,0.0,375.0,333.0,173477,sr_legacy_food
"Babyfood, Juice Treats, Fruit Medley",Baby Foods,347.0,0.0,86.7,0.0,0.0,0.0,89.0,54.0,173478,sr_legacy_food
"Babyfood, Meat, Lamb",Baby Foods,94.0,14.1,0.8,3.4,0.0,0.0,43.0,193.0,173481,sr_legacy_food
"Babyfood, Meat, Turkey Sticks",Baby Foods,188.0,13.7,1.4,14.2,0.2,0.0,295.0,120.0,173484,sr_legacy_food
"Babyfood, Snack, Gerber Graduate Fruit  Strips",Baby Foods,330.0,0.8,76.6,2.2,2.0,0.0,14.0,312.0,173485,sr_legacy_food
"Babyfood, Meat, Meat Sticks",Baby Foods,184.0,13.4,1.1,14.6,0.2,0.0,267.0,114.0,173486,sr_legacy_food
"Babyfood, Gerber, 2Nd Foods",Baby Foods,64.0,1.1,14.8,0.0,1.2,0.0,20.0,106.0,173487,sr_legacy_food
"Babyfood, Dinner, Beef Lasagna",Baby Foods,77.0,4.2,10.0,2.1,0.0,0.0,41.0,122.0,173489,sr_legacy_food
"Babyfood, Dinner, Macaroni And Tomato And Beef",Baby Foods,61.0,2.4,9.4,1.5,1.2,0.0,38.0,112.0,173490,sr_legacy_food
"Babyfood, Dinner, Spaghetti And Tomato And Meat",Baby Foods,68.0,2.6,11.4,1.4,1.1,0.0,30.0,122.0,173492,sr_legacy_food
"Babyfood, Dinner, Vegetables And Beef",Baby Foods,77.0,2.2,8.8,3.6,1.3,0.0,31.0,145.0,173494,sr_legacy_food
"Babyfood, Dinner, Chicken Soup",Baby Foods,50.0,1.6,7.2,1.7,1.1,0.0,16.0,66.0,173496,sr_legacy_food
"Babyfood, Dinner, Chicken Stew",Baby Foods,78.0,5.2,6.4,3.7,0.6,0.0,25.0,92.0,173497,sr_legacy_food
"Babyfood, Dinner, Vegetables Chicken",Baby Foods,59.0,2.5,8.4,1.7,2.1,0.0,24.0,158.0,173498,sr_legacy_food
"Babyfood, Dinner, Vegetables And Turkey",Baby Foods,48.0,2.3,7.6,0.9,1.5,0.0,20.0,102.0,173501,sr_legacy_food
"Babyfood, Vegetable, Green Beans And Potatoes",Baby Foods,62.0,2.2,9.0,1.9,1.4,0.0,18.0,148.0,173504,sr_legacy_food
"Babyfood, Vegetables, Beets",Baby Foods,34.0,1.3,7.7,0.1,1.9,0.0,83.0,182.0,173505,sr_legacy_food
"Babyfood, Vegetables, Carrots",Baby Foods,26.0,0.8,6.0,0.1,1.7,0.0,69.0,196.0,173506,sr_legacy_food
"Babyfood, Potatoes, Toddler",Baby Foods,52.0,1.0,11.7,0.1,0.9,0.0,57.0,110.0,173508,sr_legacy_food
"Babyfood, Vegetable, Butternut Squash And Corn",Baby Foods,50.0,2.0,9.3,0.6,2.0,0.0,5.0,352.0,173510,sr_legacy_food
"Babyfood, Apples, Dices",Baby Foods,50.0,0.2,11.6,0.4,1.9,0.0,2.0,86.0,173511,sr_legacy_food
"Babyfood, Dinner, Vegetables And Chicken",Baby Foods,53.0,2.0,8.7,1.1,1.1,0.0,34.0,83.0,173513,sr_legacy_food
"Babyfood, Vegetables, Mix Vegetables Strained",Baby Foods,36.0,1.0,8.2,0.5,1.5,0.0,0.0,127.0,173515,sr_legacy_food
"Babyfood, Apples With Ham, Strained",Baby Foods,62.0,2.6,10.9,0.9,1.8,0.0,9.0,120.0,173517,sr_legacy_food
"Babyfood, Carrots And Beef, Strained",Baby Foods,59.0,3.4,5.7,2.5,2.6,0.0,69.0,226.0,173518,sr_legacy_food
"Babyfood, Beverage, Gerber",Baby Foods,29.0,0.0,7.4,0.0,0.0,0.0,11.0,22.0,173519,sr_legacy_food
"Babyfood, Dinner, Sweet Potatoes And Chicken",Baby Foods,74.0,2.5,11.0,2.2,1.3,0.0,22.0,200.0,173521,sr_legacy_food
"Infant Formula, Mead Johnson, Enfamil 24",Baby Foods,71.0,1.6,6.9,4.1,0.0,0.0,21.0,84.0,173522,sr_legacy_food
"Infant Formula, Mead Johnson, Enfamil Enspire Powder",Baby Foods,514.0,10.5,57.2,27.0,0.0,0.0,135.0,540.0,173523,sr_legacy_food
"Infant Formula, Mead Johnson, Enfamil Reguline",Baby Foods,68.0,1.5,7.6,3.5,0.0,0.0,24.0,71.0,173524,sr_legacy_food
"Infant Formula, Mead Johnson, Gentlease",Baby Foods,68.0,1.5,7.6,3.5,0.0,0.0,0.0,84.0,173525,sr_legacy_food
"Toddler Formula, Mead Johnson, Nutramigen Toddler With Lgg Powder",Baby Foods,485.0,12.0,62.0,21.0,0.0,0.0,178.0,590.0,173526,sr_legacy_food
"Infant Formula, Mead Johnson, Pregestimil 20 Calories",Baby Foods,69.0,1.8,7.0,3.7,0.0,0.0,31.0,72.0,173527,sr_legacy_food
"Infant Formula, Mead Johnson, Pregestimil",Baby Foods,517.0,14.0,52.2,28.0,0.0,0.0,240.0,550.0,173538,sr_legacy_food
"Infant Formula, Mead Johnson, Prosobee",Baby Foods,63.0,1.6,6.1,3.5,0.0,0.0,23.0,79.0,173540,sr_legacy_food
"Infant Formula, Nestle, Good Start Essentials Soy",Baby Foods,502.0,12.5,55.7,25.5,0.0,0.0,180.0,581.0,173551,sr_legacy_food
"Infant Formula, Mead Johnson, Next Step Prosobee",Baby Foods,480.0,15.6,57.1,21.0,0.0,0.0,171.0,570.0,173552,sr_legacy_food
"Salad Dressing, Blue Or Roquefort Cheese Dressing, Commercial",Fats & Oils,484.0,1.4,4.8,51.1,0.4,0.0,642.0,88.0,173562,sr_legacy_food
"Oil, Cupu Assu",Fats & Oils,884.0,0.0,0.0,100.0,0.0,0.0,0.0,0.0,173563,sr_legacy_food
"Fat, Chicken",Fats & Oils,900.0,0.0,0.0,99.8,0.0,0.0,0.0,0.0,173564,sr_legacy_food
"Shortening Industrial, Lard And Vegetable Oil",Fats & Oils,900.0,0.0,0.0,100.0,0.0,0.0,0.0,0.0,173566,sr_legacy_food
"Shortening Frying (Heavy Duty), Beef Tallow And Cottonseed",Fats & Oils,900.0,0.0,0.0,100.0,0.0,0.0,0.0,0.0,173567,sr_legacy_food
"Shortening Confectionery, Coconut (Hydrogenated) And Or Palm Kernel (Hydrogenated)",Fats & Oils,884.0,0.0,0.0,100.0,0.0,0.0,0.0,0.0,173568,sr_legacy_food
"Shortening Industrial, Soybean (Hydrogenated) And Cottonseed",Fats & Oils,884.0,0.0,0.0,100.0,0.0,0.0,0.0,0.0,173569,sr_legacy_food
"Oil, Ucuhuba Butter",Fats & Oils,884.0,0.0,0.0,100.0,0.0,0.0,0.0,0.0,173570,sr_legacy_food
"Fat, Turkey",Fats & Oils,900.0,0.0,0.0,99.8,0.0,0.0,0.0,0.0,173571,sr_legacy_food
"Fat, Goose",Fats & Oils,900.0,0.0,0.0,99.8,0.0,0.0,0.0,0.0,173572,sr_legacy_food
"Oil, Avocado",Fats & Oils,884.0,0.0,0.0,100.0,0.0,0.0,0.0,0.0,173573,sr_legacy_food
"Shortening, Special Purpose For Cakes And Frostings, Soybean (Hydrogenated)",Fats & Oils,884.0,0.0,0.0,100.0,0.0,0.0,0.0,0.0,173574,sr_legacy_food
"Shortening, Special Purpose For Baking, Soybean (Hydrogenated) Palm And Cottonseed",Fats & Oils,884.0,0.0,0.0,100.0,0.0,0.0,0.0,0.0,173575,sr_legacy_food
"Oil, Oat",Fats & Oils,884.0,0.0,0.0,100.0,0.0,0.0,0.0,0.0,173576,sr_legacy_food
"Fish Oil, Cod Liver",Fats & Oils,902.0,0.0,0.0,100.0,0.0,0.0,0.0,0.0,173577,sr_legacy_food
"Fish Oil, Sardine",Fats & Oils,902.0,0.0,0.0,100.0,0.0,0.0,0.0,0.0,173578,sr_legacy_food
"Shortening, Multipurpose, Soybean (Hydrogenated) And Palm (Hydrogenated)",Fats & Oils,884.0,0.0,0.0,100.0,0.0,0.0,0.0,0.0,173579,sr_legacy_food
"Margarine-Like, Vegetable Oil-Butter Spread, Tub",Fats & Oils,362.0,1.0,1.0,40.0,0.0,0.0,786.0,36.0,173580,sr_legacy_food
"Shortening, Vegetable, Household",Fats & Oils,884.0,0.0,0.0,100.0,0.0,0.0,4.0,0.0,173584,sr_legacy_food
"Margarine-Like Spread With Yogurt, Approximately 40% Fat, Tub",Fats & Oils,330.0,2.0,2.0,35.0,0.0,0.0,630.0,64.0,173586,sr_legacy_food
"Margarine, 80% Fat, Stick",Fats & Oils,717.0,0.2,0.7,80.7,0.0,0.0,654.0,18.0,173587,sr_legacy_food
"Margarine, Margarine-Type Vegetable Oil Spread, 70% Fat",Fats & Oils,628.0,0.3,1.5,70.2,0.0,0.0,700.0,46.0,173588,sr_legacy_food
"Margarine Spread, 40-49% Fat, Tub",Fats & Oils,401.0,0.3,0.0,44.5,0.0,0.0,716.0,17.0,173589,sr_legacy_food
"Salad Dressing, Italian Dressing, Fat-Free",Fats & Oils,47.0,1.0,8.8,0.9,0.6,0.0,1129.0,102.0,173590,sr_legacy_food
"Salad Dressing, Ranch Dressing, Fat-Free",Fats & Oils,119.0,0.2,26.5,1.9,0.1,0.0,897.0,111.0,173591,sr_legacy_food
"Salad Dressing, Ranch Dressing, Regular",Fats & Oils,430.0,1.3,5.9,44.5,0.0,0.0,901.0,64.0,173592,sr_legacy_food
"Salad Dressing, Ranch Dressing, Reduced Fat",Fats & Oils,196.0,1.2,21.3,12.4,1.1,0.0,1120.0,132.0,173593,sr_legacy_food
"Shortening, Industrial, Soy (Partially Hydrogenated)",Fats & Oils,884.0,0.0,0.0,100.0,0.0,0.0,0.0,0.0,173597,sr_legacy_food
"Margarine-Like Shortening, Industrial, Soy (Partially Hydrogenated)",Fats & Oils,628.0,0.0,0.0,71.0,0.0,0.0,864.0,0.0,173599,sr_legacy_food
"Oil, Industrial, Palm Kernel",Fats & Oils,884.0,0.0,0.0,100.0,0.0,0.0,6.0,2.0,173600,sr_legacy_food
"Oil, Industrial, Soy (Partially Hydrogenated )",Fats & Oils,884.0,0.0,0.0,100.0,0.0,0.0,0.0,0.0,173604,sr_legacy_food
"Margarine, Industrial, Non-Dairy",Fats & Oils,714.0,1.9,0.0,80.2,0.0,0.0,879.0,94.0,173605,sr_legacy_food
"Shortening, Industrial, Soy (Partially Hydrogenated ) And Corn For Frying",Fats & Oils,884.0,0.0,0.0,100.0,0.0,0.0,0.0,0.0,173606,sr_legacy_food
"Shortening, Industrial, Soy (Partially Hydrogenated ) For Baking And Confections",Fats & Oils,884.0,0.0,0.0,100.0,0.0,0.0,0.0,0.0,173607,sr_legacy_food
"Margarine-Like Spread, Smart Beat Super Light Without Saturated Fat",Fats & Oils,158.0,0.0,0.0,17.1,0.0,0.0,755.0,12.0,173608,sr_legacy_food
"Margarine-Like Spread, Smart Beat Smart Squeeze",Fats & Oils,47.0,0.0,7.1,2.1,0.0,0.0,829.0,26.0,173609,sr_legacy_food
"Margarine-Like Spread, Smart Balance Omega Plus Spread (With Plant Sterols & Fish Oil)",Fats & Oils,605.0,0.1,0.2,71.0,0.0,0.0,729.0,71.0,173610,sr_legacy_food
"Canada Goose, Breast Meat Only, Skinless",Protein,133.0,24.3,0.0,4.0,0.0,0.0,50.0,336.0,173634,sr_legacy_food
"Chicken, Roasting, Meat And Skin",Protein,223.0,24.0,0.0,13.4,0.0,0.0,73.0,211.0,173635,sr_legacy_food
"Chicken, Roasting, Dark Meat",Protein,113.0,18.7,0.0,3.6,0.0,0.0,95.0,227.0,173638,sr_legacy_food
"Chicken, Stewing, Giblets",Protein,168.0,17.9,2.1,9.2,0.0,0.0,77.0,226.0,173641,sr_legacy_food
"Chicken, Stewing, Light Meat",Protein,137.0,23.1,0.0,4.2,0.0,0.0,53.0,261.0,173643,sr_legacy_food
"Chicken, Capons, Meat And Skin",Protein,234.0,18.8,0.0,17.1,0.0,0.0,45.0,217.0,173645,sr_legacy_food
"Beverages, Coffee Substitute, Cereal Grain Beverage",Beverage,65.0,3.3,5.6,3.3,0.1,0.0,49.0,172.0,173648,sr_legacy_food
"Beverages, Dairy Drink Mix, Chocolate",Beverage,329.0,25.0,51.4,2.6,9.4,0.0,659.0,2240.0,173649,sr_legacy_food
"Cranberry Juice Cocktail, Frozen Concentrate",Beverage,201.0,0.0,51.4,0.0,0.2,0.0,4.0,49.0,173653,sr_legacy_food
"Cranberry Juice Cocktail, Frozen Concentrate, Prepared With Water",Beverage,47.0,0.0,11.8,0.0,0.0,0.0,4.0,12.0,173654,sr_legacy_food
"Beverages, Drink Mix, Quaker Oats",Beverage,388.0,0.0,94.1,1.2,0.0,0.0,63.0,30.0,173659,sr_legacy_food
"Beverages, Pepsico Quaker, Gatorade",Beverage,26.0,0.0,6.4,0.0,0.0,0.0,39.0,15.0,173660,sr_legacy_food
"Whiskey Sour Mix, Bottled, With Added Potassium And Sodium",Beverage,84.0,0.1,21.4,0.1,0.0,0.0,33.0,7.0,173661,sr_legacy_food
"Alcoholic Beverage, Whiskey Sour",Beverage,149.0,0.0,13.2,0.0,0.0,0.0,20.0,5.0,173662,sr_legacy_food
"Alcoholic Beverage, Liqueur, Coffee",Beverage,308.0,0.1,32.2,0.3,0.0,0.0,8.0,30.0,173665,sr_legacy_food
"Lemonade, Frozen Concentrate, Pink",Beverage,192.0,0.2,48.9,0.7,0.3,0.0,4.0,76.0,173666,sr_legacy_food
"Beverages, Lemonade, Frozen Concentrate",Beverage,43.0,0.0,10.8,0.2,0.1,0.0,4.0,17.0,173667,sr_legacy_food
"Fish, Herring, Atlantic",Protein,217.0,24.6,0.0,12.4,0.0,0.0,918.0,447.0,173668,sr_legacy_food
"Fish, Herring, Pacific",Protein,195.0,16.4,0.0,13.9,0.0,0.0,74.0,423.0,173669,sr_legacy_food
"Fish, Ling, Raw",Protein,87.0,19.0,0.0,0.6,0.0,0.0,135.0,379.0,173670,sr_legacy_food
"Fish, Lingcod, Raw",Protein,85.0,17.7,0.0,1.1,0.0,0.0,59.0,437.0,173671,sr_legacy_food
"Fish, Mackerel, Spanish",Protein,139.0,19.3,0.0,6.3,0.0,0.0,59.0,446.0,173673,sr_legacy_food
"Fish, Milkfish, Raw",Protein,148.0,20.5,0.0,6.7,0.0,0.0,72.0,292.0,173675,sr_legacy_food
"Fish, Monkfish, Raw",Protein,76.0,14.5,0.0,1.5,0.0,0.0,18.0,400.0,173676,sr_legacy_food
"Fish, Pout, Ocean",Protein,79.0,16.6,0.0,0.9,0.0,0.0,61.0,400.0,173677,sr_legacy_food
"Fish, Perch, Mixed Species",Protein,91.0,19.4,0.0,0.9,0.0,0.0,62.0,269.0,173678,sr_legacy_food
"Fish, Pike, Northern",Protein,88.0,19.3,0.0,0.7,0.0,0.0,39.0,259.0,173680,sr_legacy_food
"Fish, Pollock, Alaska",Protein,111.0,23.5,0.0,1.2,0.0,0.0,419.0,430.0,173681,sr_legacy_food
"Fish, Pompano, Florida",Protein,164.0,18.5,0.0,9.5,0.0,0.0,65.0,381.0,173682,sr_legacy_food
"Fish, Rockfish, Pacific",Protein,90.0,18.4,0.0,1.3,0.0,0.0,74.0,386.0,173684,sr_legacy_food
"Fish, Sablefish, Smoked",Protein,257.0,17.6,0.0,20.1,0.0,0.0,737.0,471.0,173685,sr_legacy_food
"Fish, Salmon, Sockeye",Protein,131.0,22.2,0.0,4.7,0.0,0.0,78.0,367.0,173691,sr_legacy_food
"Fish, Sea Bass, Mixed Species",Protein,124.0,23.6,0.0,2.6,0.0,0.0,87.0,328.0,173694,sr_legacy_food
"Fish, Seatrout, Mixed Species",Protein,104.0,16.7,0.0,3.6,0.0,0.0,58.0,341.0,173695,sr_legacy_food
"Fish, Shad, American",Protein,197.0,16.9,0.0,13.8,0.0,0.0,51.0,384.0,173696,sr_legacy_food
"Fish, Shark, Mixed Species",Protein,130.0,21.0,0.0,4.5,0.0,0.0,79.0,160.0,173697,sr_legacy_food
"Fish, Snapper, Mixed Species",Protein,100.0,20.5,0.0,1.3,0.0,0.0,64.0,417.0,173698,sr_legacy_food
"Fish, Spot, Raw",Protein,123.0,18.5,0.0,4.9,0.0,0.0,29.0,496.0,173700,sr_legacy_food
"Fish, Sturgeon, Mixed Species",Protein,105.0,16.1,0.0,4.0,0.0,0.0,54.0,284.0,173701,sr_legacy_food
"Fish, Surimi",Protein,99.0,15.2,6.8,0.9,0.0,0.0,143.0,112.0,173702,sr_legacy_food
"Fish, Swordfish, Raw",Protein,144.0,19.7,0.0,6.6,0.0,0.0,81.0,418.0,173703,sr_legacy_food
"Fish, Swordfish, Cooked",Protein,172.0,23.4,0.0,7.9,0.0,0.0,97.0,499.0,173704,sr_legacy_food
"Fish, Tilefish, Raw",Protein,96.0,17.5,0.0,2.3,0.0,0.0,53.0,433.0,173705,sr_legacy_food
"Fish, Tuna, Fresh",Protein,144.0,23.3,0.0,4.9,0.0,0.0,39.0,252.0,173706,sr_legacy_food
"Fish, Turbot, European",Protein,95.0,16.0,0.0,3.0,0.0,0.0,150.0,238.0,173710,sr_legacy_food
"Fish, Whitefish, Mixed Species",Protein,134.0,19.1,0.0,5.9,0.0,0.0,51.0,317.0,173711,sr_legacy_food
"Fish, Whiting, Mixed Species",Protein,90.0,18.3,0.0,1.3,0.0,0.0,72.0,249.0,173713,sr_legacy_food
"Fish, Catfish, Channel",Protein,105.0,18.5,0.0,2.8,0.0,0.0,50.0,419.0,173714,sr_legacy_food
"Fish, Salmon, Coho",Protein,160.0,21.3,0.0,7.7,0.0,0.0,47.0,450.0,173715,sr_legacy_food
"Fish, Trout, Rainbow",Protein,141.0,19.9,0.0,6.2,0.0,0.0,51.0,377.0,173717,sr_legacy_food
"Mollusks, Conch, Baked Or Broiled",Protein,130.0,26.3,1.7,1.2,0.0,0.0,153.0,163.0,173720,sr_legacy_food
"Salmon Nuggets, Breaded, Frozen",Protein,212.0,12.7,14.0,11.7,0.0,0.0,173.0,165.0,173721,sr_legacy_food
"Salmon Nuggets, Cooked As Purchased, Unheated",Protein,189.0,12.0,11.8,10.4,0.0,0.0,167.0,161.0,173722,sr_legacy_food
"Salmon, Sockeye, Canned",Protein,158.0,26.3,0.0,5.9,0.0,0.0,386.0,312.0,173723,sr_legacy_food
"Beans, Adzuki, Mature Seeds",Legume,329.0,19.9,62.9,0.5,12.7,0.0,5.0,1254.0,173727,sr_legacy_food
"Yokan, Prepared From Adzuki Beans And Sugar",Legume,260.0,3.3,60.7,0.1,0.0,0.0,83.0,45.0,173730,sr_legacy_food
"Beans, Baked, Home Prepared",Legume,155.0,5.5,21.6,5.2,5.5,0.0,422.0,358.0,173731,sr_legacy_food
"Beans, Black, Mature Seeds",Legume,341.0,21.6,62.4,1.4,15.5,0.0,5.0,1483.0,173734,sr_legacy_food
"Beans, Cranberry (Roman), Mature Seeds",Legume,136.0,9.3,24.5,0.5,8.6,0.0,1.0,387.0,173736,sr_legacy_food
"Beans, French, Mature Seeds",Legume,343.0,18.8,64.1,2.0,25.2,0.0,18.0,1316.0,173738,sr_legacy_food
"Beans, Kidney, All Types",Legume,127.0,8.7,22.8,0.5,6.4,0.0,1.0,405.0,173740,sr_legacy_food
"Beans, Kidney, California Red",Legume,330.0,24.4,59.8,0.2,24.9,0.0,11.0,1490.0,173742,sr_legacy_food
"Beans, Kidney, Red",Legume,337.0,22.5,61.3,1.1,15.2,0.0,12.0,1359.0,173744,sr_legacy_food
"Beans, Navy, Mature Seeds",Legume,337.0,22.3,60.8,1.5,15.3,0.0,5.0,1185.0,173745,sr_legacy_food
"Beans, Pink, Mature Seeds",Legume,343.0,21.0,64.2,1.1,12.7,0.0,8.0,1464.0,173748,sr_legacy_food
"Beans, Small White, Mature Seeds",Legume,336.0,21.1,62.2,1.2,24.9,0.0,12.0,1542.0,173749,sr_legacy_food
"Beans, Yellow, Mature Seeds",Legume,345.0,22.0,60.7,2.6,25.1,0.0,12.0,1042.0,173751,sr_legacy_food
"Broadbeans (Fava Beans), Mature Seeds, Cooked",Legume,110.0,7.6,19.6,0.4,5.4,0.0,5.0,268.0,173753,sr_legacy_food
"Broadbeans (Fava Beans), Mature Seeds, Canned",Legume,71.0,5.5,12.4,0.2,3.7,0.0,453.0,242.0,173754,sr_legacy_food
Carob Flour,Legume,222.0,4.6,88.9,0.6,39.8,0.0,35.0,827.0,173755,sr_legacy_food
"Chickpeas (Garbanzo Beans, Bengal Gram), Mature Seeds",Legume,378.0,20.5,63.0,6.0,12.2,0.0,24.0,718.0,173756,sr_legacy_food
"Cowpeas, Common (Blackeyes, Crowder",Legume,336.0,23.5,60.0,1.3,10.6,0.0,16.0,1112.0,173758,sr_legacy_food
"Vitasoy Usa, Organic Nasoya Extra Firm Tofu",Legume,98.0,10.1,2.6,5.2,1.3,0.0,4.0,0.0,173762,sr_legacy_food
"Vitasoy Usa, Organic Nasoya Firm Tofu",Legume,84.0,8.9,2.3,4.4,0.8,0.0,4.0,0.0,173763,sr_legacy_food
"Vitasoy Usa, Organic Nasoya Silken Tofu",Legume,47.0,4.8,1.4,2.5,0.3,0.0,2.0,0.0,173764,sr_legacy_food
"Soymilk (All Flavors), Enhanced",Legume,45.0,2.9,3.4,2.0,0.4,0.0,50.0,141.0,173765,sr_legacy_food
"Soymilk, Original And Vanilla, Light",Legume,30.0,2.4,3.5,0.8,0.3,0.0,48.0,117.0,173766,sr_legacy_food
"Soymilk, Chocolate And Other Flavors, Light",Legume,47.0,2.1,8.2,0.6,0.7,0.0,46.0,144.0,173767,sr_legacy_food
"Soymilk (All Flavors), Lowfat, With Added Calcium",Legume,43.0,1.6,7.2,0.6,0.8,0.0,37.0,64.0,173769,sr_legacy_food
"Silk Chocolate, Soymilk",Legume,58.0,2.1,9.5,1.4,0.8,0.0,41.0,144.0,173770,sr_legacy_food
"Silk Light Plain, Soymilk",Legume,29.0,2.5,3.3,0.8,0.4,0.0,49.0,123.0,173771,sr_legacy_food
"Silk Light Vanilla, Soymilk",Legume,33.0,2.5,4.1,0.8,0.4,0.0,39.0,123.0,173772,sr_legacy_food
"Silk Light Chocolate, Soymilk",Legume,49.0,2.1,9.0,0.6,0.8,0.0,41.0,144.0,173773,sr_legacy_food
"Silk Very Vanilla, Soymilk",Legume,53.0,2.5,7.8,1.6,0.4,0.0,58.0,123.0,173774,sr_legacy_food
"Silk Nog, Soymilk",Legume,74.0,2.5,12.3,1.6,0.0,0.0,61.0,123.0,173775,sr_legacy_food
"Silk Chai, Soymilk",Legume,53.0,2.5,7.8,1.4,0.0,0.0,41.0,123.0,173776,sr_legacy_food
"Silk Mocha, Soymilk",Legume,58.0,2.1,9.0,1.4,0.0,0.0,41.0,123.0,173777,sr_legacy_food
Silk Raspberry Soy Yogurt,Legume,88.0,2.4,17.6,1.2,0.6,0.0,15.0,0.0,173778,sr_legacy_food
Silk Peach Soy Yogurt,Legume,94.0,2.4,18.8,1.2,0.6,0.0,15.0,0.0,173779,sr_legacy_food
Silk Black Cherry Soy Yogurt,Legume,88.0,2.4,17.1,1.2,0.6,0.0,12.0,0.0,173780,sr_legacy_food
Silk Blueberry Soy Yogurt,Legume,88.0,2.4,17.1,1.2,0.6,0.0,15.0,0.0,173781,sr_legacy_food
Silk Hazelnut Creamer,Legume,133.0,0.0,20.0,6.7,0.0,0.0,67.0,0.0,173782,sr_legacy_food
"Vitasoy Usa Organic Nasoya, Soft Tofu",Legume,70.0,8.8,0.7,3.5,0.6,0.0,4.0,0.0,173783,sr_legacy_food
"Vitasoy Usa Nasoya, Lite Silken Tofu",Legume,43.0,8.2,0.0,1.1,0.0,0.0,79.0,0.0,173784,sr_legacy_food
"Vitasoy Usa Organic Nasoya, Tofu Plus Extra Firm",Legume,92.0,10.2,1.8,4.9,1.0,0.0,7.0,0.0,173785,sr_legacy_food
"Vitasoy Usa Azumaya, Silken Tofu",Legume,43.0,4.8,0.6,2.4,0.2,0.0,2.0,0.0,173786,sr_legacy_food
House Foods Premium Soft Tofu,Legume,59.0,6.4,2.2,2.7,0.8,0.0,34.0,0.0,173787,sr_legacy_food
House Foods Premium Firm Tofu,Legume,85.0,10.9,1.0,4.2,0.9,0.0,33.0,0.0,173788,sr_legacy_food
"Beans, Adzuki, Mature Seed",Legume,128.0,7.5,24.8,0.1,7.3,0.0,244.0,532.0,173789,sr_legacy_food
"Beans, Great Northern, Mature Seeds",Legume,118.0,8.3,21.1,0.4,7.0,0.0,238.0,391.0,173790,sr_legacy_food
"Beans, Pinto, Mature Seeds",Legume,143.0,9.0,26.2,0.6,9.0,0.0,238.0,436.0,173796,sr_legacy_food
"Lima Beans, Large, Mature Seeds",Legume,115.0,7.8,20.9,0.4,7.0,0.0,238.0,508.0,173802,sr_legacy_food
"Peanuts, All Types, Dry-Roasted",Legume,587.0,24.4,21.3,49.7,8.4,0.0,6.0,634.0,173806,sr_legacy_food
"Peanuts, Virginia, Oil-Roasted",Legume,578.0,25.9,19.9,48.6,8.9,0.0,6.0,652.0,173809,sr_legacy_food
"Veal, Composite Of Trimmed Retail Cuts, Separable Lean And Fat",Protein,144.0,19.4,0.0,6.8,0.0,0.0,82.0,315.0,173815,sr_legacy_food
"Veal, Composite Of Trimmed Retail Cuts, Separable Lean Only",Protein,112.0,20.2,0.0,2.9,0.0,0.0,86.0,328.0,173817,sr_legacy_food
"Veal, Leg (Top Round), Separable Lean And Fat",Protein,211.0,36.2,0.0,6.3,0.0,0.0,67.0,383.0,173818,sr_legacy_food
"Veal, Leg (Top Round), Separable Lean Only",Protein,150.0,28.1,0.0,3.4,0.0,0.0,68.0,393.0,173822,sr_legacy_food
"Veal, Loin, Separable Lean And Fat",Protein,177.0,20.1,0.1,10.1,0.0,0.0,98.0,241.0,173823,sr_legacy_food
"Veal, Loin, Separable Lean Only",Protein,114.0,21.8,0.0,2.9,0.0,0.0,99.0,260.0,173826,sr_legacy_food
"Veal, Rib, Separable Lean And Fat",Protein,228.0,24.0,0.0,14.0,0.0,0.0,92.0,295.0,173827,sr_legacy_food
"Veal, Rib, Separable Lean Only",Protein,120.0,20.0,0.0,3.9,0.0,0.0,95.0,306.0,173828,sr_legacy_food
"Veal, Shoulder, Whole (Arm And Blade)",Protein,199.0,33.7,0.0,6.1,0.0,0.0,97.0,319.0,173831,sr_legacy_food
"Veal, Shoulder, Arm",Protein,132.0,19.3,0.0,5.4,0.0,0.0,83.0,327.0,173833,sr_legacy_food
"Veal, Shoulder, Blade",Protein,225.0,31.3,0.0,10.1,0.0,0.0,98.0,297.0,173836,sr_legacy_food
"Veal, Sirloin, Separable Lean Only",Protein,110.0,20.2,0.0,2.6,0.0,0.0,80.0,348.0,173840,sr_legacy_food
"Veal, Cubed For Stew (Leg And Shoulder), Separable Lean Only",Protein,109.0,20.3,0.0,2.5,0.0,0.0,83.0,331.0,173843,sr_legacy_food
"Game Meat, Antelope, Cooked",Protein,150.0,29.4,0.0,2.7,0.0,0.0,54.0,372.0,173844,sr_legacy_food
"Game Meat, Bear, Raw",Protein,161.0,20.1,0.0,8.3,0.0,0.0,0.0,0.0,173845,sr_legacy_food
"Game Meat, Bear, Cooked",Protein,259.0,32.4,0.0,13.4,0.0,0.0,71.0,263.0,173846,sr_legacy_food
"Bison, Ground, Grass-Fed",Protein,179.0,25.4,0.0,8.6,0.0,0.0,76.0,353.0,173847,sr_legacy_food
"Game Meat, Beefalo, Composite Of Cuts",Protein,188.0,30.7,0.0,6.3,0.0,0.0,82.0,459.0,173848,sr_legacy_food
"Veal, Australian, Separable Fat",Protein,509.0,9.9,0.0,52.2,0.0,0.0,44.0,0.0,173849,sr_legacy_food
"Game Meat, Bison, Separable Lean Only",Protein,109.0,21.6,0.0,1.8,0.0,0.0,54.0,343.0,173851,sr_legacy_food
"Game Meat, Caribou, Raw",Protein,127.0,22.6,0.0,3.4,0.0,0.0,57.0,295.0,173853,sr_legacy_food
"Game Meat, Caribou, Cooked",Protein,167.0,29.8,0.0,4.4,0.0,0.0,60.0,310.0,173854,sr_legacy_food
"Game Meat, Deer, Raw",Protein,120.0,23.0,0.0,2.4,0.0,0.0,51.0,318.0,173855,sr_legacy_food
"Bologna, Pork",Protein,247.0,15.3,0.7,19.9,0.0,0.0,907.0,281.0,173856,sr_legacy_food
"Bologna, Turkey",Protein,209.0,11.4,4.7,16.0,0.5,0.0,1071.0,135.0,173857,sr_legacy_food
Chicken Spread,Protein,158.0,18.0,4.0,17.6,0.3,0.0,722.0,106.0,173858,sr_legacy_food
"Sausage, Pork, Chorizo",Protein,296.0,13.6,3.8,25.1,0.0,0.0,788.0,308.0,173859,sr_legacy_food
"Corned Beef Loaf, Jellied",Protein,153.0,22.9,0.0,6.1,0.0,0.0,953.0,101.0,173860,sr_legacy_food
"Dutch Brand Loaf, Chicken, Pork And Beef",Protein,273.0,12.0,3.9,22.9,0.3,0.0,786.0,210.0,173861,sr_legacy_food
"Frankfurter, Beef, Unheated",Protein,315.0,11.7,3.0,28.1,0.0,0.0,865.0,364.0,173862,sr_legacy_food
"Ham, Sliced, Pre-Packaged",Protein,107.0,16.8,0.7,4.0,0.0,0.0,945.0,463.0,173863,sr_legacy_food
"Ham, Sliced, Regular (Approximately 11% Fat)",Protein,164.0,16.6,3.6,8.8,1.3,0.0,814.0,287.0,173864,sr_legacy_food
"Ham, Minced",Protein,263.0,16.3,1.8,20.7,0.0,0.0,1245.0,311.0,173865,sr_legacy_food
Ham Salad Spread,Protein,216.0,8.7,10.6,15.5,0.0,0.0,1075.0,150.0,173866,sr_legacy_food
"Knackwurst, Knockwurst, Pork",Protein,307.0,11.1,3.2,27.7,0.0,0.0,930.0,199.0,173867,sr_legacy_food
"Lebanon Bologna, Beef",Protein,172.0,19.0,0.4,10.4,0.0,0.0,1374.0,330.0,173868,sr_legacy_food
"Liver Cheese, Pork",Protein,304.0,15.2,2.1,25.6,0.0,0.0,1225.0,226.0,173869,sr_legacy_food
"Liver Sausage, Liverwurst, Pork",Protein,326.0,14.1,2.2,28.5,0.0,0.0,860.0,170.0,173870,sr_legacy_food
"Sausage, Turkey, Fresh",Protein,196.0,23.9,0.0,10.4,0.0,0.0,665.0,298.0,173871,sr_legacy_food
"Bologna, Chicken, Pork",Protein,272.0,11.3,5.6,22.7,0.0,0.0,1120.0,313.0,173872,sr_legacy_food
"Chicken Breast, Deli, Rotisserie Seasoned",Protein,98.0,17.4,2.9,1.9,0.0,0.0,1032.0,360.0,173874,sr_legacy_food
"Frankfurter, Meat And Poultry, Unheated",Protein,277.0,9.7,5.0,24.2,0.0,0.0,976.0,359.0,173875,sr_legacy_food
"Kielbasa, Fully Cooked, Grilled",Protein,337.0,12.4,5.0,29.7,0.0,0.0,1062.0,306.0,173877,sr_legacy_food
"Kielbasa, Fully Cooked, Pan-Fried",Protein,333.0,12.4,4.8,29.4,0.0,0.0,1046.0,304.0,173878,sr_legacy_food
"Kielbasa, Fully Cooked, Unheated",Protein,325.0,10.8,3.7,29.6,0.0,0.0,928.0,217.0,173879,sr_legacy_food
"Sausage, Chicken Or Turkey, Italian Style",Protein,183.0,21.4,14.2,4.5,0.0,0.0,446.0,1062.0,173880,sr_legacy_food
"Ham, Smoked, Extra Lean",Protein,141.0,18.5,10.7,2.7,0.0,0.0,1062.0,330.0,173881,sr_legacy_food
"Pork Sausage, Reduced Sodium, Cooked",Protein,271.0,9.4,8.1,22.4,0.0,0.0,294.0,160.0,173882,sr_legacy_food
"Sausage, Pork, Turkey",Protein,284.0,10.7,0.1,26.8,0.1,0.0,679.0,240.0,173883,sr_legacy_food
"Cereals Ready-To-Eat, General Mills, Cheerios",Breakfast,372.0,12.4,73.2,6.6,10.1,0.0,497.0,633.0,173884,sr_legacy_food
"Cereals Ready-To-Eat, Post, Cocoa Pebbles",Breakfast,397.0,4.8,85.7,4.1,1.6,0.0,594.0,193.0,173885,sr_legacy_food
"Cereals Ready-To-Eat, Quaker, Quaker Crunchy Bran",Breakfast,331.0,6.4,83.7,4.1,15.3,0.0,759.0,239.0,173886,sr_legacy_food
"Cereals Ready-To-Eat, Ralston Crisp Rice",Breakfast,383.0,6.7,86.2,1.3,0.7,0.0,545.0,106.0,173887,sr_legacy_food
"Cereals Ready-To-Eat, Post Bran Flakes",Breakfast,328.0,9.9,80.5,2.1,18.3,0.0,540.0,533.0,173888,sr_legacy_food
"Cereals Ready-To-Eat, Post, Honeycomb Cereal",Breakfast,394.0,6.0,86.6,2.9,3.2,0.0,553.0,142.0,173889,sr_legacy_food
"Cereals Ready-To-Eat, Quaker, King Vitaman",Breakfast,381.0,6.4,83.8,3.4,3.4,0.0,825.0,268.0,173890,sr_legacy_food
"Cereals Ready-To-Eat, Quaker, Quaker Oat Life",Breakfast,374.0,10.0,77.7,4.4,6.6,0.0,501.0,283.0,173891,sr_legacy_food
"Cereals Ready-To-Eat, Quaker, 100% Natural Granola",Breakfast,421.0,10.6,73.6,11.6,10.2,0.0,50.0,483.0,173892,sr_legacy_food
"Cereals Ready-To-Eat, Ralston Tasteeos",Breakfast,395.0,10.7,76.0,5.4,10.7,0.0,571.0,607.0,173893,sr_legacy_food
"Cereals Ready-To-Eat, Post, Honey Nut Shredded Wheat",Breakfast,373.0,8.5,83.6,2.9,10.7,0.0,102.0,348.0,173894,sr_legacy_food
"Cereals Ready-To-Eat, Malt-O-Meal, Corn Bursts",Breakfast,385.0,3.3,90.6,0.4,1.9,0.0,855.0,71.0,173895,sr_legacy_food
"Cereals Ready-To-Eat, Wheat Germ, Toasted",Breakfast,382.0,29.1,49.6,10.7,15.1,0.0,4.0,947.0,173896,sr_legacy_food
"Cereals, Cream Of Rice, Dry",Breakfast,370.0,6.3,82.4,0.5,0.7,0.0,6.0,143.0,173900,sr_legacy_food
"Cereals, Cream Of Wheat, Regular",Breakfast,370.0,10.5,76.5,1.5,3.8,0.0,7.0,120.0,173901,sr_legacy_food
"Cereals, Malt-O-Meal, Original",Breakfast,365.0,11.8,77.2,0.7,2.1,0.0,0.0,100.0,173903,sr_legacy_food
"Cereals, Oats, Regular And Quick",Breakfast,379.0,13.2,67.7,6.5,10.1,0.0,6.0,362.0,173904,sr_legacy_food
"Cereals Ready-To-Eat, Malt-O-Meal, Marshmallow Mateys",Breakfast,387.0,6.9,82.8,3.5,4.9,0.0,667.0,186.0,173909,sr_legacy_food
"Cereals Ready-To-Eat, Post, Shredded Wheat",Breakfast,337.0,11.4,79.0,2.0,12.4,0.0,2.0,381.0,173910,sr_legacy_food
"Cereals Ready-To-Eat, Rice, Puffed",Breakfast,402.0,6.3,89.8,0.5,1.7,0.0,3.0,113.0,173912,sr_legacy_food
"Cereals Ready-To-Eat, Wheat, Puffed",Breakfast,364.0,14.7,79.6,1.2,4.4,0.0,4.0,348.0,173913,sr_legacy_food
"Cereals, Cream Of Rice, Cooked With Water",Breakfast,52.0,0.9,11.5,0.1,0.1,0.0,173.0,20.0,173914,sr_legacy_food
"Cereals, Farina, Unenriched",Breakfast,369.0,10.6,78.0,0.5,1.9,0.0,3.0,94.0,173916,sr_legacy_food
"Cereals Ready-To-Eat, Post Selects Blueberry Morning",Breakfast,395.0,6.5,81.6,5.3,4.7,0.0,341.0,195.0,173919,sr_legacy_food
"Cereals Ready-To-Eat, Quaker Whole Hearts Oat Cereal",Breakfast,376.0,7.6,80.1,5.6,9.1,0.0,554.0,568.0,173921,sr_legacy_food
"Cereals, Quaker, Weight Control Instant Oatmeal",Breakfast,361.0,16.4,64.2,6.2,13.0,0.0,642.0,330.0,173922,sr_legacy_food
"Cereals Ready-To-Eat, Mom'S Best, Sweetened Wheat-Fuls",Breakfast,373.0,8.2,80.9,1.8,10.0,0.0,14.0,336.0,173927,sr_legacy_food
"Apples, Canned, Sweetened",Fruit,67.0,0.2,16.8,0.4,2.0,0.0,3.0,70.0,173930,sr_legacy_food
"Apricots, Canned, Juice Pack",Fruit,48.0,0.6,12.3,0.0,1.6,0.0,4.0,165.0,173937,sr_legacy_food
"Apricots, Canned, Extra Light Syrup Pack",Fruit,49.0,0.6,12.5,0.1,1.6,0.0,2.0,140.0,173938,sr_legacy_food
"Apricots, Canned, Light Syrup Pack",Fruit,63.0,0.5,16.5,0.0,1.6,0.0,4.0,138.0,173939,sr_legacy_food
"Apricots, Dried, Sulfured",Fruit,241.0,3.4,62.6,0.5,7.3,0.0,10.0,1162.0,173941,sr_legacy_food
"Bananas, Raw",Fruit,89.0,1.1,22.8,0.3,2.6,0.0,1.0,358.0,173944,sr_legacy_food
"Bananas, Dehydrated, Or Banana Powder",Fruit,346.0,3.9,88.3,1.8,9.9,0.0,3.0,1491.0,173945,sr_legacy_food
"Blackberries, Raw",Fruit,43.0,1.4,9.6,0.5,5.3,0.0,1.0,162.0,173946,sr_legacy_food
"Blackberry Juice, Canned",Fruit,38.0,0.3,7.8,0.6,0.1,0.0,1.0,135.0,173947,sr_legacy_food
"Blueberries, Canned, Heavy Syrup",Fruit,88.0,0.6,22.1,0.3,1.6,0.0,3.0,40.0,173948,sr_legacy_food
"Blueberries, Wild, Frozen (Includes Foods For Usda'S Food Distribution Program)",Fruit,57.0,0.0,13.8,0.2,4.4,0.0,3.0,68.0,173949,sr_legacy_food
"Blueberries, Frozen, Unsweetened (Includes Foods For Usda'S Food Distribution Program)",Fruit,51.0,0.4,12.2,0.6,2.7,0.0,1.0,54.0,173950,sr_legacy_food
"Blueberries, Frozen, Sweetened",Fruit,85.0,0.4,22.0,0.1,2.2,0.0,1.0,60.0,173951,sr_legacy_food
"Carissa, (Natal-Plum), Raw",Fruit,62.0,0.5,13.6,1.3,0.0,0.0,3.0,260.0,173952,sr_legacy_food
"Cherimoya, Raw",Fruit,75.0,1.6,17.7,0.7,3.0,0.0,7.0,287.0,173953,sr_legacy_food
"Cranberry Sauce, Canned, Sweetened",Fruit,159.0,0.9,40.4,0.2,1.1,0.0,5.0,28.0,173961,sr_legacy_food
"Cranberry-Orange Relish, Canned",Fruit,178.0,0.3,46.2,0.1,0.0,0.0,32.0,38.0,173962,sr_legacy_food
"Currants, European Black, Raw",Fruit,63.0,1.4,15.4,0.4,0.0,0.0,2.0,322.0,173963,sr_legacy_food
"Currants, Red And White, Raw",Fruit,56.0,1.4,13.8,0.2,4.3,0.0,1.0,275.0,173964,sr_legacy_food
"Beef Composite, Separable Lean Only, Trimmed To 1/8"" Fat",Protein,203.0,28.7,0.0,9.2,0.0,0.0,53.0,298.0,174013,sr_legacy_food
"Soup, Chicken Noodle, Reduced Sodium",Soups & Sauces,41.0,3.3,3.8,1.3,0.8,0.0,186.0,285.0,174064,sr_legacy_food
"Soup, Beef And Vegetables, Reduced Sodium",Soups & Sauces,42.0,3.3,5.0,1.0,0.8,0.0,175.0,277.0,174065,sr_legacy_food
"Sauce, Sweet And Sour, Ready-To-Serve",Soups & Sauces,154.0,0.3,38.2,0.0,0.1,0.0,539.0,99.0,174066,sr_legacy_food
"Sauce, Cocktail, Ready-To-Serve",Soups & Sauces,128.0,1.4,28.2,1.0,1.8,0.0,1262.0,309.0,174067,sr_legacy_food
"Dip, Salsa Con Queso, Cheese And Salsa- Medium",Soups & Sauces,143.0,3.1,11.1,9.5,0.7,0.0,796.0,105.0,174068,sr_legacy_food
"Dip, Tostitos, Salsa Con Queso",Soups & Sauces,133.0,2.9,11.7,8.3,0.6,0.0,773.0,88.0,174069,sr_legacy_food
"Sauce, Peanut, Made From Peanut Butter",Soups & Sauces,257.0,6.3,22.0,16.0,1.8,0.0,1338.0,235.0,174070,sr_legacy_food
"Soup, Chunky Vegetable, Reduced Sodium",Soups & Sauces,50.0,1.2,10.3,0.5,1.1,0.0,138.0,349.0,174071,sr_legacy_food
"Gravy, Heinz Home Style, Classic Chicken",Soups & Sauces,46.0,0.7,5.0,2.6,0.0,0.0,372.0,35.0,174072,sr_legacy_food
"Soup, Beef Barley, Ready To Serve",Soups & Sauces,52.0,2.8,7.9,1.0,0.9,0.0,297.0,121.0,174073,sr_legacy_food
"Sauce, Enchilada, Red",Soups & Sauces,30.0,0.6,4.9,0.9,0.5,0.0,547.0,101.0,174074,sr_legacy_food
"Bread, Chapati Or Roti, Whole Wheat",Grain,299.0,7.8,46.1,9.2,9.7,0.0,298.0,196.0,174075,sr_legacy_food
"Bread, Paratha, Whole Wheat",Grain,326.0,6.4,45.4,13.2,9.6,0.0,452.0,139.0,174076,sr_legacy_food
"Bread, Naan, Whole Wheat",Grain,286.0,10.2,46.2,6.7,4.8,0.0,467.0,185.0,174077,sr_legacy_food
"Bread, Roll, Mexican",Grain,318.0,10.6,55.8,5.8,2.2,0.0,506.0,131.0,174078,sr_legacy_food
"Cookie, Butter Or Sugar, With Chocolate Icing Or Filling",Grain,503.0,4.1,68.8,23.5,1.9,0.0,301.0,234.0,174079,sr_legacy_food
"Cookie, Chocolate, With Icing Or Coating",Grain,507.0,4.5,67.9,24.2,2.3,0.0,380.0,95.0,174080,sr_legacy_food
"Tortillas, Ready-To-Bake Or -Fry, Whole Wheat",Grain,310.0,9.8,45.9,9.8,9.8,0.0,617.0,262.0,174081,sr_legacy_food
"Cake, Snack Cakes, Creme-Filled",Grain,409.0,3.7,69.4,13.0,14.9,0.0,483.0,193.0,174082,sr_legacy_food
"Cookies, Graham Crackers, Plain Or Honey",Grain,386.0,5.7,78.0,5.7,5.7,0.0,629.0,171.0,174083,sr_legacy_food
"Crackers, Cheese, Whole Grain",Grain,412.0,9.6,57.3,16.0,6.4,0.0,706.0,212.0,174084,sr_legacy_food
"Waffles, Whole Wheat, Lowfat",Grain,257.0,7.1,49.2,3.6,4.3,0.0,557.0,164.0,174085,sr_legacy_food
"Pancakes, Plain, Reduced Fat",Grain,269.0,5.7,57.3,1.9,1.0,0.0,429.0,97.0,174086,sr_legacy_food
"Cookies, Shortbread, Reduced Fat",Grain,451.0,5.4,76.0,14.0,1.3,0.0,571.0,88.0,174087,sr_legacy_food
"Cookies, Sugar Wafer, Chocolate-Covered",Grain,526.0,3.4,66.0,27.6,3.4,0.0,138.0,311.0,174088,sr_legacy_food
"Rolls, Hamburger Or Hot Dog, Wheat/Cracked Wheat",Grain,269.0,11.7,47.3,3.6,4.2,0.0,463.0,181.0,174089,sr_legacy_food
"Rolls, Hamburger Or Hot Dog, Whole Wheat",Grain,269.0,12.4,44.9,4.4,6.1,0.0,477.0,242.0,174090,sr_legacy_food
"Bread, French Or Vienna, Whole Wheat",Grain,239.0,8.3,49.1,1.0,4.2,0.0,375.0,163.0,174091,sr_legacy_food
"Bagels, Whole Grain White",Grain,255.0,9.3,54.5,0.0,4.7,0.0,372.0,176.0,174092,sr_legacy_food
"English Muffins, Whole Grain White",Grain,245.0,7.0,50.2,1.8,3.5,0.0,386.0,130.0,174093,sr_legacy_food
"Rolls, Hamburger, Whole Grain White",Grain,255.0,9.3,46.5,3.5,2.3,0.0,512.0,190.0,174094,sr_legacy_food
"Cookies, Chocolate Chip Sandwich, With Creme Filling",Grain,425.0,2.9,63.5,17.6,0.0,0.0,279.0,94.0,174095,sr_legacy_food
"Cookies, Chocolate, Made With Rice Cereal",Grain,440.0,3.2,63.3,19.4,1.6,0.0,210.0,227.0,174096,sr_legacy_food
"Cookies, Marshmallow, With Rice Cereal And Chocolate Chips",Grain,435.0,4.6,63.3,18.2,0.0,0.0,341.0,227.0,174097,sr_legacy_food
"Crackers, Flavored, Fish-Shaped",Grain,463.0,10.2,65.7,17.7,3.1,0.0,970.0,224.0,174098,sr_legacy_food
"Bread, Gluten-Free, White",Grain,320.0,3.1,52.8,10.7,3.5,0.0,528.0,92.0,174099,sr_legacy_food
"Bread, Gluten-Free, Whole Grain",Grain,309.0,7.2,49.1,9.3,4.9,0.0,510.0,123.0,174102,sr_legacy_food
"Crackers, Gluten-Free, Multigrain And Vegetable",Grain,456.0,2.5,76.9,15.4,3.0,0.0,890.0,86.0,174103,sr_legacy_food
"Crackers, Gluten-Free, Multi-Seeded And Multigrain",Grain,453.0,11.2,66.3,15.8,10.2,0.0,438.0,381.0,174104,sr_legacy_food
"Waffles, Gluten-Free, Frozen",Grain,263.0,2.7,43.0,8.8,1.4,0.0,505.0,124.0,174105,sr_legacy_food
"Pancakes, Gluten-Free, Frozen",Grain,215.0,3.3,40.3,4.6,1.5,0.0,331.0,127.0,174106,sr_legacy_food
"Rolls, Dinner, Sweet",Grain,321.0,10.0,53.6,7.4,3.1,0.0,253.0,149.0,174107,sr_legacy_food
"Beverages, Energy Drink, Citrus",Beverage,45.0,0.0,11.3,0.0,0.0,0.0,10.0,4.0,174108,sr_legacy_food
"Beverages, Kiwi Strawberry Juice Drink",Beverage,47.0,0.0,12.3,0.0,0.0,0.0,11.0,14.0,174111,sr_legacy_food
"Beverages, Apple Juice Drink, Light",Beverage,22.0,0.0,5.1,0.1,0.0,0.0,13.0,51.0,174112,sr_legacy_food
"Beverages, Powerade, Zero",Beverage,0.0,0.0,0.1,0.0,0.0,0.0,42.0,10.0,174113,sr_legacy_food
"Beverages, Carob-Flavor Beverage Mix, Powder",Beverage,372.0,1.8,93.3,0.2,8.0,0.0,103.0,104.0,174114,sr_legacy_food
"Beverages, Coconut Milk, Sweetened",Beverage,31.0,0.2,2.9,2.1,0.0,0.0,19.0,19.0,174116,sr_legacy_food
"Beverages, Chocolate Syrup",Beverage,279.0,2.1,65.1,1.1,2.6,0.0,72.0,224.0,174117,sr_legacy_food
"Beverages, Chocolate Syrup, Prepared With Whole Milk",Beverage,90.0,3.1,12.8,3.0,0.3,0.0,47.0,145.0,174118,sr_legacy_food
"Beverages, Tea, Oolong",Beverage,1.0,0.0,0.2,0.0,0.0,0.0,3.0,12.0,174120,sr_legacy_food
"Beverages, Cocoa Mix, Powder",Beverage,398.0,6.7,83.7,4.0,3.7,0.0,504.0,712.0,174122,sr_legacy_food
"Beverages, Cocoa Mix, Nestle",Beverage,400.0,2.8,75.0,15.0,3.7,0.0,800.0,0.0,174124,sr_legacy_food
"Beverages, Coffee And Cocoa, Instant",Beverage,440.0,9.0,71.4,13.2,4.8,0.0,500.0,1856.0,174127,sr_legacy_food
"Beverages, Tea, Ready-To-Drink",Beverage,2.0,0.0,0.4,0.0,0.0,0.0,1.0,37.0,174129,sr_legacy_food
"Beverages, Aloe Vera Juice Drink, Fortified With Vitamin C",Beverage,15.0,0.0,3.8,0.0,0.0,0.0,8.0,0.0,174131,sr_legacy_food
"Beverages, Ocean Spray, Cran Grape",Beverage,54.0,0.2,13.2,0.0,0.6,0.0,19.0,11.0,174132,sr_legacy_food
"Beverages, Ocean Spray, Light Cranberry And Raspberry Flavored Juice",Beverage,26.0,0.7,5.8,0.0,0.7,0.0,2.0,47.0,174136,sr_legacy_food
"Beverages, Ocean Spray, White Cranberry Strawberry Flavored Juice Drink",Beverage,49.0,0.2,12.0,0.0,0.6,0.0,3.0,14.0,174137,sr_legacy_food
"Beverages, Cranberry-Apple Juice Drink, Bottled",Beverage,63.0,0.0,15.8,0.1,0.0,0.0,2.0,17.0,174140,sr_legacy_food
"Alcoholic Beverage, Malt Beer, Hard Lemonade",Beverage,68.0,0.0,10.1,0.0,0.0,0.0,5.0,27.0,174141,sr_legacy_food
"Beverages, Cranberry-Apricot Juice Drink, Bottled",Beverage,64.0,0.2,16.2,0.0,0.1,0.0,2.0,61.0,174142,sr_legacy_food
"Beverages, Amber, Hard Cider",Beverage,56.0,0.0,5.9,0.0,0.0,0.0,4.0,54.0,174146,sr_legacy_food
"Beverages, Ocean Spray, Cran Cherry",Beverage,46.0,0.2,12.8,0.0,0.6,0.0,7.0,24.0,174147,sr_legacy_food
"Beverages, Ocean Spray, Light Cranberry",Beverage,19.0,0.2,4.7,0.0,0.7,0.0,15.0,38.0,174148,sr_legacy_food
"Beverages, Ocean Spray, White Cranberry Peach",Beverage,45.0,0.1,11.9,0.0,0.6,0.0,11.0,22.0,174149,sr_legacy_food
"Beverages, Fruit Punch Drink, With Added Nutrients",Beverage,47.0,0.0,11.9,0.0,0.2,0.0,38.0,31.0,174151,sr_legacy_food
"Beverages, Fruit Punch Drink, Frozen Concentrate",Beverage,162.0,0.2,41.4,0.0,0.4,0.0,8.0,44.0,174152,sr_legacy_food
"Beverages, Wine, Non-Alcoholic",Beverage,6.0,0.5,1.1,0.0,0.0,0.0,7.0,88.0,174157,sr_legacy_food
"Beverages, Chocolate-Flavor Beverage Mix For Milk, Powder",Beverage,400.0,4.6,90.3,2.3,4.5,0.0,136.0,280.0,174159,sr_legacy_food
"Beverages, Water With Added Vitamins And Minerals, Bottles",Beverage,22.0,0.0,5.5,0.0,0.0,0.0,0.0,0.0,174161,sr_legacy_food
"Beverages, V8 Splash Juice Drinks, Diet Berry Blend",Beverage,4.0,0.0,1.2,0.0,0.0,0.0,14.0,33.0,174162,sr_legacy_food
"Beverages, V8 Splash Juice Drinks, Diet Fruit Medley",Beverage,4.0,0.0,1.3,0.0,0.0,0.0,13.0,15.0,174163,sr_legacy_food
"Beverages, V8 Splash Juice Drinks, Diet Strawberry Kiwi",Beverage,4.0,0.0,1.3,0.0,0.0,0.0,13.0,15.0,174164,sr_legacy_food
"Beverages, V8 Splash Juice Drinks, Mango Peach",Beverage,33.0,0.0,8.2,0.0,0.0,0.0,16.0,12.0,174165,sr_legacy_food
"Beverages, V8 Splash Juice Drinks, Orange Pineapple",Beverage,29.0,0.0,7.4,0.0,0.0,0.0,21.0,10.0,174166,sr_legacy_food
"Beverages, V8 Splash Juice Drinks, Orchard Blend",Beverage,33.0,0.0,7.8,0.0,0.0,0.0,21.0,10.0,174167,sr_legacy_food
"Beverages, V8 Splash Juice Drinks, Strawberry Banana",Beverage,29.0,0.0,7.4,0.0,0.0,0.0,21.0,8.0,174168,sr_legacy_food
"Beverages, V8 V-Fusion Juices, Tropical",Beverage,49.0,0.4,11.4,0.0,0.0,0.0,33.0,118.0,174169,sr_legacy_food
"Beverages, V8 V- Fusion Juices, Acai Berry",Beverage,45.0,0.0,11.0,0.0,0.0,0.0,28.0,98.0,174170,sr_legacy_food
"Beverages, Energy Drink, Full Throttle",Beverage,46.0,0.2,12.1,0.1,0.0,0.0,35.0,3.0,174172,sr_legacy_food
"Beverages, Vegetable And Fruit Juice Drink, Reduced Calorie",Beverage,4.0,0.0,1.1,0.0,0.0,0.0,14.0,24.0,174173,sr_legacy_food
"Beverages, Milk Beverage, Reduced Fat",Beverage,77.0,3.0,12.1,1.8,0.4,0.0,49.0,130.0,174174,sr_legacy_food
"Beverages, Vegetable And Fruit Juice Blend, 100% Juice",Beverage,46.0,0.3,11.2,0.0,0.0,0.0,29.0,101.0,174175,sr_legacy_food
"Beverages, Fruit Juice Drink, Reduced Sugar",Beverage,39.0,0.0,10.0,0.1,0.0,0.0,2.0,11.0,174176,sr_legacy_food
"Beverages, Energy Drink, Vault Zero",Beverage,1.0,0.2,0.7,0.1,0.0,0.0,14.0,3.0,174177,sr_legacy_food
"Beverages, Pepsico Quaker, Gatorade G2",Beverage,8.0,0.0,1.9,0.0,0.0,0.0,45.0,13.0,174178,sr_legacy_food
"Beverages, Fruit Flavored Drink, Less Than 3% Juice",Beverage,64.0,0.0,16.0,0.0,0.0,0.0,36.0,31.0,174179,sr_legacy_food
"Beverages, Fruit Flavored Drink Containing Less Than 3% Fruit Juice, With High Vitamin C",Beverage,27.0,0.0,6.7,0.0,0.0,0.0,36.0,31.0,174180,sr_legacy_food
"Beverages, Nutritional Shake Mix, High Protein",Beverage,392.0,53.6,20.4,10.7,0.0,0.0,1214.0,1000.0,174181,sr_legacy_food
"Fish, Anchovy, European",Protein,131.0,20.4,0.0,4.8,0.0,0.0,104.0,383.0,174182,sr_legacy_food
"Fish, Bass, Fresh Water",Protein,114.0,18.9,0.0,3.7,0.0,0.0,70.0,356.0,174184,sr_legacy_food
"Fish, Carp, Cooked",Protein,162.0,22.9,0.0,7.2,0.0,0.0,63.0,427.0,174185,sr_legacy_food
"Fish, Caviar, Black And Red",Protein,264.0,24.6,4.0,17.9,0.0,0.0,1500.0,181.0,174188,sr_legacy_food
"Fish, Eel, Mixed Species",Protein,184.0,18.4,0.0,11.7,0.0,0.0,51.0,272.0,174193,sr_legacy_food
"Fish, Fish Sticks, Frozen",Protein,277.0,11.0,21.7,16.2,1.5,0.0,402.0,185.0,174195,sr_legacy_food
"Fish, Flatfish (Flounder And Sole Species), Raw",Protein,70.0,12.4,0.0,1.9,0.0,0.0,296.0,160.0,174196,sr_legacy_food
"Fish, Flatfish (Flounder And Sole Species), Cooked",Protein,86.0,15.2,0.0,2.4,0.0,0.0,363.0,197.0,174197,sr_legacy_food
"Fish, Haddock, Cooked",Protein,90.0,20.0,0.0,0.6,0.0,0.0,261.0,351.0,174198,sr_legacy_food
"Fish, Haddock, Smoked",Protein,116.0,25.2,0.0,1.0,0.0,0.0,763.0,415.0,174199,sr_legacy_food
"Fish, Halibut, Atlantic And Pacific",Protein,91.0,18.6,0.0,1.3,0.0,0.0,68.0,435.0,174200,sr_legacy_food
"Crustaceans, Crab, Alaska King",Protein,97.0,19.4,0.0,1.5,0.0,0.0,1072.0,262.0,174202,sr_legacy_food
"Crustaceans, Crayfish, Mixed Species",Protein,77.0,16.0,0.0,1.0,0.0,0.0,58.0,302.0,174206,sr_legacy_food
"Crustaceans, Lobster, Northern",Protein,77.0,16.5,0.0,0.8,0.0,0.0,423.0,200.0,174208,sr_legacy_food
"Mollusks, Abalone, Mixed Species",Protein,105.0,17.1,6.0,0.8,0.0,0.0,301.0,250.0,174212,sr_legacy_food
"Mollusks, Mussel, Blue",Protein,86.0,11.9,3.7,2.2,0.0,0.0,286.0,320.0,174216,sr_legacy_food
"Mollusks, Octopus, Common",Protein,82.0,14.9,2.2,1.0,0.0,0.0,230.0,350.0,174218,sr_legacy_food
"Mollusks, Oyster, Pacific",Protein,81.0,9.4,5.0,2.3,0.0,0.0,106.0,168.0,174219,sr_legacy_food
"Mollusks, Scallop, Mixed Species",Protein,69.0,12.1,3.2,0.5,0.0,0.0,392.0,205.0,174220,sr_legacy_food
"Fish, Bluefish, Cooked",Protein,159.0,25.7,0.0,5.4,0.0,0.0,77.0,477.0,174229,sr_legacy_food
"Fish, Burbot, Cooked",Protein,115.0,24.8,0.0,1.0,0.0,0.0,124.0,518.0,174230,sr_legacy_food
"Fish, Butterfish, Cooked",Protein,187.0,22.2,0.0,10.3,0.0,0.0,114.0,481.0,174231,sr_legacy_food
"Fish, Ling, Cooked",Protein,111.0,24.4,0.0,0.8,0.0,0.0,173.0,486.0,174234,sr_legacy_food
"Fish, Lingcod, Cooked",Protein,109.0,22.6,0.0,1.4,0.0,0.0,76.0,560.0,174235,sr_legacy_food
"Fish, Mackerel, King",Protein,134.0,26.0,0.0,2.6,0.0,0.0,203.0,558.0,174236,sr_legacy_food
"Fish, Pollock, Atlantic",Protein,118.0,24.9,0.0,1.3,0.0,0.0,110.0,456.0,174237,sr_legacy_food
"Fish, Roe, Mixed Species",Protein,204.0,28.6,1.9,8.2,0.0,0.0,117.0,283.0,174239,sr_legacy_food
"Fish, Sablefish, Cooked",Protein,250.0,17.2,0.0,19.6,0.0,0.0,72.0,459.0,174240,sr_legacy_food
"Fish, Scup, Cooked",Protein,135.0,24.2,0.0,3.5,0.0,0.0,54.0,368.0,174241,sr_legacy_food
"Fish, Spot, Cooked",Protein,158.0,23.7,0.0,6.3,0.0,0.0,37.0,636.0,174244,sr_legacy_food
"Fish, Wolffish, Atlantic",Protein,123.0,22.4,0.0,3.1,0.0,0.0,109.0,385.0,174247,sr_legacy_food
"Fish, Yellowtail, Mixed Species",Protein,187.0,29.7,0.0,6.7,0.0,0.0,50.0,538.0,174248,sr_legacy_food
"Fish, Roughy, Orange",Protein,105.0,22.6,0.0,0.9,0.0,0.0,69.0,181.0,174251,sr_legacy_food
"Mung Beans, Mature Seeds, Raw",Legume,347.0,23.9,62.6,1.2,16.3,0.0,15.0,1246.0,174256,sr_legacy_food
"Mung Beans, Mature Seeds, Cooked",Legume,105.0,7.0,19.2,0.4,7.6,0.0,2.0,266.0,174257,sr_legacy_food
"Noodles, Chinese, Cellophane Or Long Rice (Mung Beans)",Legume,351.0,0.2,86.1,0.1,0.5,0.0,10.0,10.0,174258,sr_legacy_food
"Mungo Beans, Mature Seeds, Raw",Legume,341.0,25.2,59.0,1.6,18.3,0.0,38.0,983.0,174259,sr_legacy_food
"Peanuts, All Types, Cooked",Legume,318.0,13.5,21.3,22.0,8.8,0.0,751.0,180.0,174260,sr_legacy_food
"Peanuts, All Types, Oil-Roasted",Legume,599.0,28.0,15.3,52.5,9.4,0.0,320.0,726.0,174261,sr_legacy_food
"Peanuts, Spanish, Raw",Legume,570.0,26.2,15.8,49.6,9.5,0.0,22.0,744.0,174263,sr_legacy_food
"Peanut Butter, Chunk Style, With Salt",Legume,589.0,24.1,21.6,49.9,8.0,0.0,486.0,745.0,174265,sr_legacy_food
"Peanut Butter, Smooth Style, With Salt (Includes Foods For Usda'S Food Distribution Program)",Legume,598.0,22.2,22.3,51.4,5.0,0.0,426.0,558.0,174266,sr_legacy_food
"Peanut Flour, Defatted",Legume,327.0,52.2,34.7,0.6,15.8,0.0,180.0,1290.0,174267,sr_legacy_food
Meat Extender,Legume,311.0,41.7,34.7,3.0,17.5,0.0,10.0,1902.0,174268,sr_legacy_food
"Sausage, Meatless",Legume,255.0,20.3,8.1,18.2,2.8,0.0,888.0,231.0,174269,sr_legacy_food
"Soybeans, Mature Seeds, Raw",Legume,446.0,36.5,30.2,19.9,9.3,0.0,2.0,1797.0,174270,sr_legacy_food
"Soybeans, Mature Cooked, Boiled",Legume,172.0,18.2,8.4,9.0,6.0,0.0,1.0,515.0,174271,sr_legacy_food
Tempeh,Legume,192.0,20.3,7.6,10.8,0.0,0.0,9.0,412.0,174272,sr_legacy_food
"Soy Flour, Full-Fat, Raw",Legume,434.0,37.8,31.9,20.6,9.6,0.0,13.0,2515.0,174273,sr_legacy_food
"Soy Flour, Full-Fat, Roasted",Legume,439.0,38.1,30.4,21.9,9.7,0.0,12.0,2041.0,174274,sr_legacy_food
"Soy Flour, Defatted",Legume,327.0,51.5,33.9,1.2,17.5,0.0,20.0,2384.0,174275,sr_legacy_food
Soy Protein Isolate,Legume,335.0,88.3,0.0,3.4,0.0,0.0,1005.0,81.0,174276,sr_legacy_food
Soy Sauce Made From Soy And Wheat (Shoyu),Legume,53.0,8.1,4.9,0.6,0.8,0.0,5493.0,435.0,174277,sr_legacy_food
Soy Sauce Made From Soy (Tamari),Legume,60.0,10.5,5.6,0.1,0.8,0.0,5586.0,212.0,174278,sr_legacy_food
Soy Sauce Made From Hydrolyzed Vegetable Protein,Legume,60.0,7.0,7.8,0.5,0.5,0.0,6820.0,447.0,174279,sr_legacy_food
"Tofu, Salted And Fermented (Fuyu)",Legume,116.0,8.9,4.4,8.0,0.0,0.0,2873.0,75.0,174280,sr_legacy_food
"Yardlong Beans, Mature Seeds, Raw",Legume,347.0,24.3,61.9,1.3,11.0,0.0,17.0,1157.0,174281,sr_legacy_food
"Yardlong Beans, Mature Seeds, Cooked",Legume,118.0,8.3,21.1,0.4,3.8,0.0,5.0,315.0,174282,sr_legacy_food
"Winged Beans, Mature Seeds, Raw",Legume,409.0,29.6,41.7,16.3,25.9,0.0,38.0,977.0,174283,sr_legacy_food
"Lentils, Pink Or Red, Raw",Legume,358.0,23.9,63.1,2.2,10.8,0.0,7.0,668.0,174284,sr_legacy_food
"Beans, Pinto, Canned",Legume,114.0,7.0,20.2,0.9,5.5,0.0,239.0,274.0,174286,sr_legacy_food
"Veggie Burgers Or Soyburgers, Unprepared",Legume,177.0,15.7,14.3,6.3,4.9,0.0,569.0,333.0,174287,sr_legacy_food
Chickpea Flour (Besan),Legume,387.0,22.4,57.8,6.7,10.8,0.0,64.0,846.0,174288,sr_legacy_food
"Hummus, Commercial",Legume,237.0,7.8,15.0,17.8,5.5,0.0,426.0,312.0,174289,sr_legacy_food
"Tofu, Extra Firm, Prepared With Nigari",Legume,83.0,10.0,1.2,5.3,1.0,0.0,4.0,130.0,174290,sr_legacy_food
"Tofu, Hard, Prepared With Nigari",Legume,145.0,12.7,4.4,10.0,0.6,0.0,2.0,146.0,174291,sr_legacy_food
"Soymilk, Chocolate, Unfortified",Legume,63.0,2.3,10.0,1.5,0.4,0.0,53.0,143.0,174293,sr_legacy_food
"Peanut Butter, Smooth (Includes Foods For Usda'S Food Distribution Program)",Legume,588.0,21.9,24.0,49.5,5.7,0.0,476.0,592.0,174294,sr_legacy_food
"Soymilk, Chocolate, With Added Calcium",Legume,63.0,2.3,10.0,1.5,0.4,0.0,53.0,143.0,174295,sr_legacy_food
"Refried Beans, Canned, Vegetarian",Legume,83.0,5.3,13.5,0.9,4.7,0.0,430.0,344.0,174296,sr_legacy_food
"Vitasoy Usa, Organic Nasoya Super Firm Cubed Tofu",Legume,118.0,12.4,2.8,6.3,2.0,0.0,6.0,0.0,174297,sr_legacy_food
"Refried Beans, Canned, Traditional",Legume,89.0,5.0,13.6,2.0,3.7,0.0,138.0,319.0,174298,sr_legacy_food
"Soybeans, Mature Seeds, Cooked",Legume,172.0,18.2,8.4,9.0,6.0,0.0,237.0,515.0,174299,sr_legacy_food
"Soy Protein Concentrate, Produced By Acid Wash",Legume,328.0,63.6,25.4,0.5,5.5,0.0,900.0,450.0,174301,sr_legacy_food
"Soy Protein Isolate, Potassium Type",Legume,321.0,88.3,2.6,0.5,0.0,0.0,50.0,1590.0,174302,sr_legacy_food
"Tofu, Dried-Frozen (Koyadofu), Prepared With Calcium Sulfate",Legume,470.0,52.4,8.3,30.3,1.2,0.0,6.0,20.0,174303,sr_legacy_food
"Tofu, Fried, Prepared With Calcium Sulfate",Legume,270.0,18.8,8.9,20.2,3.9,0.0,16.0,146.0,174304,sr_legacy_food
"Tofu, Salted And Fermented (Fuyu), Prepared With Calcium Sulfate",Legume,116.0,8.2,5.2,8.0,0.0,0.0,2873.0,75.0,174305,sr_legacy_food
"Lamb, Composite Of Trimmed Retail Cuts, Separable Lean Only",Protein,134.0,20.3,0.0,5.2,0.0,0.0,66.0,280.0,174307,sr_legacy_food
"Lamb, Composite Of Trimmed Retail Cuts, Separable Fat",Protein,665.0,6.6,0.0,70.6,0.0,0.0,31.0,82.0,174309,sr_legacy_food
"Lamb, Leg, Whole (Shank And Sirloin)",Protein,230.0,17.9,0.0,17.1,0.0,0.0,56.0,249.0,174311,sr_legacy_food
"Game Meat, Moose, Raw",Protein,102.0,22.2,0.0,0.7,0.0,0.0,65.0,317.0,174344,sr_legacy_food
"Game Meat, Moose, Cooked",Protein,134.0,29.3,0.0,1.0,0.0,0.0,69.0,334.0,174345,sr_legacy_food
"Game Meat, Rabbit, Wild",Protein,114.0,21.8,0.0,2.3,0.0,0.0,50.0,378.0,174347,sr_legacy_food
"Game Meat, Raccoon, Cooked",Protein,255.0,29.2,0.0,14.5,0.0,0.0,79.0,398.0,174349,sr_legacy_food
"Veal, Variety Meats And By-Products, Brain",Protein,118.0,10.3,0.0,8.2,0.0,0.0,127.0,315.0,174351,sr_legacy_food
"Lamb, Variety Meats And By-Products, Kidneys",Protein,97.0,15.7,0.8,3.0,0.0,0.0,156.0,277.0,174354,sr_legacy_food
"Veal, Variety Meats And By-Products, Kidneys",Protein,99.0,15.8,0.8,3.1,0.0,0.0,178.0,272.0,174356,sr_legacy_food
"Lamb, Variety Meats And By-Products, Lungs",Protein,95.0,16.7,0.0,2.6,0.0,0.0,157.0,238.0,174359,sr_legacy_food
"Veal, Variety Meats And By-Products, Pancreas",Protein,182.0,15.0,0.0,13.1,0.0,0.0,67.0,278.0,174362,sr_legacy_food
"Lamb, Variety Meats And By-Products, Spleen",Protein,101.0,17.2,0.0,3.1,0.0,0.0,84.0,358.0,174364,sr_legacy_food
"Lamb, Variety Meats And By-Products, Tongue",Protein,222.0,15.7,0.0,17.2,0.0,0.0,78.0,257.0,174366,sr_legacy_food
"Veal, Variety Meats And By-Products, Tongue",Protein,131.0,17.2,1.9,5.5,0.0,0.0,82.0,271.0,174368,sr_legacy_food
"Lamb, Ground, Raw",Protein,282.0,16.6,0.0,23.4,0.0,0.0,59.0,222.0,174370,sr_legacy_food
"Veal, Breast, Whole",Protein,208.0,17.5,0.0,14.8,0.0,0.0,71.0,286.0,174392,sr_legacy_food
"Veal, Breast, Plate Half",Protein,282.0,25.9,0.0,19.0,0.0,0.0,64.0,266.0,174394,sr_legacy_food
"Veal, Breast, Point Half",Protein,248.0,28.2,0.0,14.2,0.0,0.0,66.0,278.0,174395,sr_legacy_food
"Game Meat, Bison, Ground",Protein,223.0,18.7,0.0,15.9,0.0,0.0,66.0,307.0,174421,sr_legacy_food
"Game Meat, Elk, Ground",Protein,172.0,21.8,0.0,8.8,0.0,0.0,79.0,322.0,174425,sr_legacy_food
"Game Meat, Elk, Loin",Protein,167.0,31.0,0.0,3.8,0.0,0.0,54.0,404.0,174427,sr_legacy_food
"Game Meat, Elk, Round",Protein,156.0,30.9,0.0,2.6,0.0,0.0,51.0,392.0,174428,sr_legacy_food
"Game Meat, Elk, Tenderloin",Protein,162.0,30.8,0.0,3.4,0.0,0.0,50.0,392.0,174429,sr_legacy_food
"Game Meat, Deer, Tenderloin",Protein,149.0,29.9,0.0,2.4,0.0,0.0,57.0,434.0,174430,sr_legacy_food
"Game Meat, Deer, Top Round",Protein,152.0,31.5,0.0,1.9,0.0,0.0,45.0,377.0,174431,sr_legacy_food
"Chicken, Capons, Giblets",Protein,130.0,18.3,1.4,5.2,0.0,0.0,77.0,226.0,174465,sr_legacy_food
"Duck, Domesticated, Liver",Protein,136.0,18.7,3.5,4.6,0.0,0.0,140.0,230.0,174467,sr_legacy_food
"Duck, Wild, Meat And Skin",Protein,211.0,17.4,0.0,15.2,0.0,0.0,56.0,249.0,174468,sr_legacy_food
"Duck, Wild, Breast",Protein,123.0,19.8,0.0,4.2,0.0,0.0,57.0,268.0,174469,sr_legacy_food
"Guinea Hen, Meat Only, Raw",Protein,110.0,20.6,0.0,2.5,0.0,0.0,69.0,220.0,174471,sr_legacy_food
"Pheasant, Raw, Meat And Skin",Protein,181.0,22.7,0.0,9.3,0.0,0.0,40.0,243.0,174472,sr_legacy_food
"Pheasant, Raw, Meat Only",Protein,133.0,23.6,0.0,3.6,0.0,0.0,37.0,262.0,174473,sr_legacy_food
"Pheasant, Breast, Meat Only",Protein,133.0,24.4,0.0,3.2,0.0,0.0,33.0,242.0,174474,sr_legacy_food
"Squab, (Pigeon), Meat And Skin",Protein,294.0,18.5,0.0,23.8,0.0,0.0,54.0,199.0,174475,sr_legacy_food
"Emu, Fan Fillet, Raw",Protein,103.0,22.5,0.0,0.8,0.0,0.0,120.0,300.0,174476,sr_legacy_food
"Emu, Fan Fillet, Cooked",Protein,154.0,31.3,0.0,2.3,0.0,0.0,53.0,397.0,174477,sr_legacy_food
"Emu, Flat Fillet, Raw",Protein,102.0,22.2,0.0,0.7,0.0,0.0,150.0,240.0,174478,sr_legacy_food
"Emu, Full Rump, Raw",Protein,112.0,22.8,0.0,1.6,0.0,0.0,90.0,330.0,174479,sr_legacy_food
"Emu, Top Loin, Cooked",Protein,152.0,29.1,0.0,3.1,0.0,0.0,58.0,374.0,174480,sr_legacy_food
"Ostrich, Ground, Raw",Protein,165.0,20.2,0.0,8.7,0.0,0.0,72.0,291.0,174481,sr_legacy_food
"Ostrich, Ground, Cooked",Protein,175.0,26.2,0.0,7.1,0.0,0.0,80.0,323.0,174482,sr_legacy_food
"Ostrich, Fan, Raw",Protein,117.0,21.8,0.0,2.6,0.0,0.0,75.0,308.0,174483,sr_legacy_food
"Ostrich, Outside Leg, Raw",Protein,115.0,22.9,0.0,2.0,0.0,0.0,90.0,322.0,174484,sr_legacy_food
"Ostrich, Outside Strip, Raw",Protein,120.0,23.4,0.0,2.2,0.0,0.0,70.0,333.0,174485,sr_legacy_food
"Ostrich, Outside Strip, Cooked",Protein,156.0,28.6,0.0,3.8,0.0,0.0,72.0,367.0,174486,sr_legacy_food
"Ostrich, Oyster, Raw",Protein,125.0,21.6,0.0,3.7,0.0,0.0,83.0,297.0,174487,sr_legacy_food
"Ostrich, Tip Trimmed, Cooked",Protein,145.0,28.5,0.0,2.6,0.0,0.0,80.0,362.0,174488,sr_legacy_food
"Ostrich, Top Loin, Raw",Protein,119.0,21.7,0.0,3.0,0.0,0.0,81.0,312.0,174489,sr_legacy_food
"Ostrich, Top Loin, Cooked",Protein,155.0,28.1,0.0,3.9,0.0,0.0,77.0,353.0,174490,sr_legacy_food
"Turkey, Ground, 85% Lean",Protein,180.0,16.9,0.0,12.5,0.0,0.0,54.0,202.0,174493,sr_legacy_food
"Chicken, Skin (Drumsticks And Thighs), With Added Solution",Protein,403.0,12.3,1.0,38.9,0.0,0.0,139.0,146.0,174501,sr_legacy_food
"Turkey, Dark Meat From Whole, Meat Only",Protein,115.0,19.3,0.1,4.1,0.0,0.0,167.0,226.0,174507,sr_legacy_food
"Turkey, Dark Meat, Meat Only",Protein,158.0,26.1,0.0,6.0,0.0,0.0,201.0,227.0,174508,sr_legacy_food
"Turkey, Dark Meat From Whole, Meat And Skin",Protein,169.0,17.8,0.2,10.8,0.0,0.0,161.0,202.0,174509,sr_legacy_food
"Turkey From Whole, Light Meat, Meat And Skin",Protein,147.0,20.0,0.1,7.4,0.0,0.0,195.0,220.0,174511,sr_legacy_food
"Sauce, Barbecue",Soups & Sauces,172.0,0.8,40.8,0.6,0.9,0.0,1027.0,232.0,174523,sr_legacy_food
"Sauce, Salsa, Ready-To-Serve",Soups & Sauces,29.0,1.5,6.6,0.2,1.9,0.0,711.0,275.0,174524,sr_legacy_food
"Sauce, Homemade, White",Soups & Sauces,147.0,3.8,9.2,10.6,0.2,0.0,354.0,156.0,174525,sr_legacy_food
"Sauce, Ready-To-Serve, Pepper Or Hot",Soups & Sauces,11.0,0.5,1.8,0.4,0.3,0.0,2643.0,144.0,174527,sr_legacy_food
"Sauce, Ready-To-Serve, Pepper",Soups & Sauces,12.0,1.3,0.8,0.8,0.6,0.0,633.0,128.0,174528,sr_legacy_food
"Sauce, Oyster, Ready-To-Serve",Soups & Sauces,51.0,1.4,10.9,0.2,0.3,0.0,2733.0,54.0,174529,sr_legacy_food
"Sauce, Fish, Ready-To-Serve",Soups & Sauces,35.0,5.1,3.6,0.0,0.0,0.0,7851.0,288.0,174531,sr_legacy_food
"Soup, Shark Fin, Restaurant-Prepared",Soups & Sauces,46.0,3.2,3.8,2.0,0.0,0.0,501.0,53.0,174532,sr_legacy_food
"Soup, Bean & Ham, Canned",Soups & Sauces,81.0,4.2,13.7,1.0,4.0,0.0,187.0,158.0,174533,sr_legacy_food
"Split Pea Soup, Canned, Reduced Sodium",Soups & Sauces,71.0,3.8,11.8,0.9,1.9,0.0,166.0,183.0,174534,sr_legacy_food
"Split Pea With Ham Soup, Canned, Reduced Sodium",Soups & Sauces,68.0,4.0,11.4,0.7,1.9,0.0,196.0,204.0,174535,sr_legacy_food
"Soup, Chicken Broth, Ready-To-Serve",Soups & Sauces,6.0,0.6,0.4,0.2,0.0,0.0,371.0,18.0,174536,sr_legacy_food
"Soup, Vegetable, Canned",Soups & Sauces,65.0,2.2,12.1,0.9,2.1,0.0,385.0,433.0,174538,sr_legacy_food
"Sauce, White, Thin",Soups & Sauces,72.0,4.0,8.3,2.6,0.1,0.0,184.0,167.0,174542,sr_legacy_food
"Sauce, Sweet And Sour, Prepared-From-Recipe",Soups & Sauces,79.0,1.8,16.7,0.6,0.4,0.0,347.0,193.0,174543,sr_legacy_food
"Sauce, Barbecue, Kraft",Soups & Sauces,172.0,0.7,40.8,0.6,0.4,0.0,1242.0,247.0,174544,sr_legacy_food
"Soup, Healthy Choice Chicken Noodle Soup, Canned",Soups & Sauces,41.0,3.7,5.2,0.6,0.8,0.0,195.0,0.0,174545,sr_legacy_food
"Campbell'S, Tomato Soup, Condensed",Soups & Sauces,71.0,1.5,15.2,0.4,1.1,0.0,377.0,562.0,174547,sr_legacy_food
"Campbell'S Chunky, Classic Chicken Noodle Soup",Soups & Sauces,47.0,3.4,5.4,1.3,1.0,0.0,325.0,90.0,174548,sr_legacy_food
"Campbell'S Chunky, Hearty Beef Barley Soup",Soups & Sauces,56.0,2.9,9.0,0.9,1.0,0.0,308.0,129.0,174552,sr_legacy_food
"Campbell'S Chunky, New England Clam Chowder",Soups & Sauces,81.0,2.5,9.0,3.8,1.2,0.0,353.0,115.0,174556,sr_legacy_food
"Soup, Beef Broth, Bouillon",Soups & Sauces,12.0,2.2,0.7,0.0,0.0,0.0,264.0,64.0,174557,sr_legacy_food
"Soup, Turkey Noodle, Canned",Soups & Sauces,28.0,1.6,3.5,0.8,0.3,0.0,334.0,31.0,174562,sr_legacy_food
"Soup, Turkey Vegetable, Canned",Soups & Sauces,30.0,1.3,3.6,1.3,0.2,0.0,376.0,73.0,174563,sr_legacy_food
"Soup, Cream Of Chicken, Dry",Soups & Sauces,41.0,0.7,5.1,2.0,0.1,0.0,454.0,82.0,174567,sr_legacy_food
"Soup, Tomato, Dry",Soups & Sauces,38.0,0.9,7.2,0.6,0.4,0.0,356.0,111.0,174569,sr_legacy_food
"Roast Beef, Deli Style, Prepackaged",Protein,115.0,18.6,0.6,3.7,0.0,0.0,853.0,647.0,174570,sr_legacy_food
"Luncheon Meat, Pork, Canned",Protein,334.0,12.5,2.1,30.3,0.0,0.0,1289.0,215.0,174571,sr_legacy_food
"Turkey Breast, Low Salt, Prepackaged Or Deli",Protein,109.0,21.8,3.5,0.8,0.5,0.0,772.0,211.0,174572,sr_legacy_food
"Mortadella, Beef, Pork",Protein,311.0,16.4,3.0,25.4,0.0,0.0,1246.0,163.0,174573,sr_legacy_food
"Peppered Loaf, Pork, Beef",Protein,149.0,17.3,4.5,6.4,0.0,0.0,732.0,394.0,174574,sr_legacy_food
"Pepperoni, Beef And Pork, Sliced",Protein,504.0,19.2,1.2,46.3,0.0,0.0,1582.0,274.0,174575,sr_legacy_food
"Pickle And Pimiento Loaf, Pork",Protein,225.0,11.2,8.5,16.0,1.5,0.0,1040.0,371.0,174576,sr_legacy_food
"Polish Sausage, Pork",Protein,326.0,14.1,1.6,28.7,0.0,0.0,876.0,237.0,174577,sr_legacy_food
"Pork Sausage, Link/Patty, Cooked",Protein,325.0,18.5,1.4,27.2,0.0,0.0,814.0,342.0,174578,sr_legacy_food
"Sausage, Pork And Beef, Fresh",Protein,396.0,13.8,2.7,36.2,0.0,0.0,929.0,189.0,174579,sr_legacy_food
"Sausage, Turkey, Reduced Fat",Protein,204.0,17.0,10.9,10.3,0.3,0.0,721.0,207.0,174580,sr_legacy_food
Poultry Salad Sandwich Spread,Protein,200.0,11.6,7.4,13.5,0.0,0.0,653.0,183.0,174581,sr_legacy_food
"Sandwich Spread, Pork, Beef",Protein,235.0,7.7,11.9,17.3,0.2,0.0,1013.0,110.0,174583,sr_legacy_food
"Sausage, Smoked Link Sausage, Pork",Protein,309.0,12.0,0.9,28.2,0.0,0.0,827.0,483.0,174584,sr_legacy_food
"Sausage, Smoked Link Sausage, Pork And Beef",Protein,320.0,12.0,2.4,28.7,0.0,0.0,911.0,179.0,174585,sr_legacy_food
"Luncheon Sausage, Pork And Beef",Protein,260.0,15.4,1.6,20.9,0.0,0.0,1182.0,245.0,174587,sr_legacy_food
"Sausage, New England Brand, Pork",Protein,161.0,17.3,4.8,7.6,0.0,0.0,1220.0,321.0,174588,sr_legacy_food
"Oscar Mayer, Bologna (Beef)",Protein,316.0,11.0,2.4,29.1,0.0,0.0,1179.0,168.0,174589,sr_legacy_food
"Oscar Mayer, Smokies Sausage Little Cheese (Pork, Turkey)",Protein,315.0,13.5,1.7,28.2,0.0,0.0,1036.0,152.0,174590,sr_legacy_food
"Oscar Mayer, Wieners (Beef Franks)",Protein,329.0,11.4,2.8,30.3,0.0,0.0,1025.0,130.0,174591,sr_legacy_food
"Bacon, Turkey, Unprepared",Protein,226.0,15.9,1.9,16.9,0.0,0.0,1069.0,349.0,174592,sr_legacy_food
Hormel Pillow Pak Sliced Turkey Pepperoni,Protein,243.0,31.0,3.8,11.5,0.0,0.0,1858.0,449.0,174593,sr_legacy_food
"Luncheon Meat, Pork And Chicken, Minced",Protein,196.0,15.2,1.4,13.9,0.0,0.0,1032.0,461.0,174594,sr_legacy_food
"Bratwurst, Veal, Cooked",Protein,341.0,14.0,0.0,31.7,0.0,0.0,60.0,231.0,174595,sr_legacy_food
Liverwurst Spread,Protein,305.0,12.4,5.9,25.4,2.5,0.0,700.0,170.0,174596,sr_legacy_food
Roast Beef Spread,Protein,223.0,15.3,3.7,16.3,0.2,0.0,724.0,259.0,174597,sr_legacy_food
"Salami, Pork, Beef",Protein,396.0,15.0,15.4,30.5,0.2,0.0,623.0,1372.0,174598,sr_legacy_food
"Sausage, Summer, Pork And Beef",Protein,426.0,19.4,1.8,37.9,0.2,0.0,1483.0,206.0,174599,sr_legacy_food
"Sausage, Turkey, Breakfast Links",Protein,174.0,15.9,3.2,10.4,0.0,0.0,714.0,258.0,174600,sr_legacy_food
"Swisswurst, Pork And Beef, With Swiss Cheese",Protein,307.0,12.7,1.6,27.4,0.0,0.0,827.0,206.0,174601,sr_legacy_food
Bacon And Beef Sticks,Protein,517.0,29.1,0.8,44.2,0.0,0.0,1420.0,385.0,174602,sr_legacy_food
"Salami, Italian, Pork",Protein,425.0,21.7,1.2,37.0,0.0,0.0,1890.0,340.0,174603,sr_legacy_food
"Sausage, Italian, Turkey",Protein,158.0,15.0,4.6,8.8,0.9,0.0,928.0,197.0,174604,sr_legacy_food
"Sausage, Chicken, Beef",Protein,216.0,13.6,8.1,14.3,0.0,0.0,1034.0,246.0,174605,sr_legacy_food
"Sausage, Turkey, Hot",Protein,158.0,15.0,4.6,8.8,0.3,0.0,916.0,197.0,174606,sr_legacy_food
"Kielbasa, Polish, Turkey And Beef",Protein,226.0,13.1,3.9,17.6,0.0,0.0,1200.0,0.0,174607,sr_legacy_food
"Chicken Breast, Roll, Oven-Roasted",Protein,134.0,14.6,1.8,7.6,0.0,0.0,883.0,324.0,174608,sr_legacy_food
"Bologna, Pork And Turkey, Lite",Protein,211.0,13.1,3.4,16.1,0.0,0.0,716.0,138.0,174609,sr_legacy_food
"Bologna, Pork, Turkey And Beef",Protein,336.0,11.6,6.7,29.2,0.0,0.0,1055.0,222.0,174610,sr_legacy_food
"Ham, Honey, Smoked",Protein,122.0,17.9,7.3,2.4,0.0,0.0,900.0,165.0,174611,sr_legacy_food
"Turkey, Breast, Smoked",Protein,95.0,20.9,1.3,0.7,0.0,0.0,1160.0,0.0,174612,sr_legacy_food
"Turkey, White, Rotisserie",Protein,112.0,13.5,7.7,3.0,0.4,0.0,1200.0,349.0,174613,sr_legacy_food
"Frankfurter, Beef, Heated",Protein,322.0,11.7,2.7,29.4,0.0,0.0,852.0,252.0,174614,sr_legacy_food
"Frankfurter, Meat, Heated",Protein,278.0,9.8,4.9,24.3,0.0,0.0,1013.0,141.0,174615,sr_legacy_food
"Sausage, Breakfast Sausage, Beef",Protein,327.0,12.9,4.6,28.2,0.0,0.0,904.0,285.0,174616,sr_legacy_food
"Sausage, Beef, Fresh",Protein,332.0,18.2,0.4,28.0,0.0,0.0,813.0,258.0,174618,sr_legacy_food
"Cereals Ready-To-Eat, Malt-O-Meal, Coco-Roos",Breakfast,389.0,3.4,86.8,4.6,3.3,0.0,350.0,201.0,174619,sr_legacy_food
"Cereals Ready-To-Eat, Quaker, Quaker Oat Cinnamon Life",Breakfast,374.0,9.1,79.0,4.1,6.3,0.0,463.0,260.0,174620,sr_legacy_food
"Cereals Ready-To-Eat, Quaker, Honey Graham Oh!S",Breakfast,412.0,3.9,83.6,7.6,2.1,0.0,679.0,167.0,174621,sr_legacy_food
"Cereals Ready-To-Eat, Quaker, Oatmeal Squares",Breakfast,379.0,11.4,77.8,4.8,8.3,0.0,347.0,357.0,174622,sr_legacy_food
"Cereals, Quaker, Oat Bran",Breakfast,364.0,17.0,62.9,8.0,14.3,0.0,5.0,579.0,174626,sr_legacy_food
"Cereals Ready-To-Eat, Post, Waffle Crisp",Breakfast,390.0,6.6,83.0,5.0,4.4,0.0,596.0,212.0,174628,sr_legacy_food
"Cereals, Quaker, Hominy Grits",Breakfast,348.0,8.8,79.6,1.2,4.8,0.0,1.0,137.0,174629,sr_legacy_food
"Cereals Ready-To-Eat, Malt-O-Meal, Colossal Crunch",Breakfast,401.0,3.6,81.6,5.3,1.7,0.0,806.0,110.0,174631,sr_legacy_food
"Cereals Ready-To-Eat, Quaker, Mother'S Cinnamon Oat Crunch",Breakfast,382.0,10.6,79.8,4.6,8.1,0.0,275.0,325.0,174632,sr_legacy_food
"Cereals Ready-To-Eat, Quaker, Mother'S Graham Bumpers",Breakfast,379.0,4.6,88.9,1.4,2.6,0.0,758.0,199.0,174633,sr_legacy_food
"Cereals Ready-To-Eat, Quaker, Mother'S Cocoa Bumpers",Breakfast,382.0,4.2,89.9,1.6,2.7,0.0,452.0,226.0,174634,sr_legacy_food
"Cereals Ready-To-Eat, Sun Country, Kretschmer Toasted Wheat Bran",Breakfast,200.0,17.6,59.5,5.2,41.3,0.0,6.0,1284.0,174635,sr_legacy_food
"Cereals Ready-To-Eat, Uncle Sam Cereal",Breakfast,346.0,16.0,65.8,11.6,20.3,0.0,206.0,446.0,174639,sr_legacy_food
"Cereals, Quaker, Quick Oats With Iron",Breakfast,371.0,13.7,68.2,6.9,9.4,0.0,3.0,358.0,174640,sr_legacy_food
"Cereals, Quaker, Whole Wheat Natural Cereal",Breakfast,333.0,11.8,74.8,2.0,9.9,0.0,8.0,502.0,174641,sr_legacy_food
"Cereals Ready-To-Eat, Malt-O-Meal, Honey Buzzers",Breakfast,379.0,3.4,89.7,1.7,3.4,0.0,759.0,121.0,174642,sr_legacy_food
"Cereals Ready-To-Eat, Malt-O-Meal, Golden Puffs",Breakfast,370.0,5.8,89.7,0.9,2.6,0.0,204.0,204.0,174643,sr_legacy_food
"Cereals Ready-To-Eat, Mom'S Best, Honey Nut Toasty O'S",Breakfast,388.0,8.6,79.8,4.5,6.3,0.0,683.0,241.0,174644,sr_legacy_food
"Cereals Ready-To-Eat, Malt-O-Meal, Apple Zings",Breakfast,390.0,4.5,87.3,2.7,2.3,0.0,454.0,96.0,174645,sr_legacy_food
"Cereals Ready-To-Eat, Malt-O-Meal, Cinnamon Toasters",Breakfast,425.0,3.3,78.3,12.1,5.0,0.0,473.0,157.0,174646,sr_legacy_food
"Cereals Ready-To-Eat, Malt-O-Meal, Cocoa Dyno-Bites",Breakfast,397.0,4.2,87.9,3.4,1.1,0.0,534.0,181.0,174647,sr_legacy_food
"Cereals Ready-To-Eat, Ralston Corn Flakes",Breakfast,384.0,5.9,88.0,0.9,2.7,0.0,571.0,107.0,174648,sr_legacy_food
"Cereals Ready-To-Eat, Ralston Crispy Hexagons",Breakfast,379.0,5.9,86.8,1.0,1.5,0.0,517.0,224.0,174649,sr_legacy_food
Milk And Cereal Bar,Snacks,413.0,6.5,72.0,11.0,0.4,0.0,319.0,254.0,174650,sr_legacy_food
"Cereals Ready-To-Eat, Quaker, Christmas Crunch",Breakfast,397.0,4.4,85.9,4.8,2.6,0.0,724.0,186.0,174652,sr_legacy_food
"Cereals Ready-To-Eat, Post Selects Maple Pecan Crunch",Breakfast,413.0,8.5,77.4,8.7,7.4,0.0,239.0,274.0,174653,sr_legacy_food
"Cereals Ready-To-Eat, Nature'S Path, Organic Flax Plus",Breakfast,467.0,11.2,66.1,18.3,8.4,0.0,74.0,291.0,174654,sr_legacy_food
"Incaparina, Dry Mix (Corn And Soy Flours), Unprepared",Breakfast,379.0,21.8,60.5,5.6,9.9,0.0,4.0,1030.0,174656,sr_legacy_food
"Cereals Ready-To-Eat, Quaker, Cap'N Crunch'S Halloween Crunch",Breakfast,402.0,4.4,85.1,5.7,2.5,0.0,719.0,185.0,174657,sr_legacy_food
"Cereals Ready-To-Eat, Quaker, Natural Granola Apple Cranberry Almond",Breakfast,418.0,9.2,74.7,11.1,9.9,0.0,47.0,444.0,174658,sr_legacy_food
"Cereals Ready-To-Eat, Quaker, Maple Brown Sugar Life Cereal",Breakfast,373.0,9.2,78.9,4.1,6.3,0.0,477.0,262.0,174659,sr_legacy_food
"Cereals, Quaker, Instant Oatmeal Organic",Breakfast,367.0,16.0,67.0,6.3,9.8,0.0,4.0,350.0,174660,sr_legacy_food
"Cereals Ready-To-Eat, Malt-O-Meal, Chocolate Marshmallow Mateys",Breakfast,392.0,3.5,88.2,3.7,2.5,0.0,368.0,183.0,174664,sr_legacy_food
"Figs, Dried, Uncooked",Fruit,249.0,3.3,63.9,0.9,9.8,0.0,10.0,680.0,174665,sr_legacy_food
"Figs, Dried, Stewed",Fruit,107.0,1.4,27.6,0.4,4.2,0.0,4.0,294.0,174666,sr_legacy_food
"Fruit Salad, (Peach And Pear And Apricot And Pineapple And Cherry), Canned",Fruit,30.0,0.4,7.9,0.1,1.0,0.0,3.0,78.0,174669,sr_legacy_food
"Grapefruit, Raw, Pink And Red",Fruit,42.0,0.8,10.7,0.1,1.6,0.0,0.0,135.0,174673,sr_legacy_food
"Grapefruit Juice, White, Canned Or Bottled",Fruit,37.0,0.6,7.5,0.7,0.6,0.0,2.0,141.0,174678,sr_legacy_food
"Grapefruit Juice, White, Canned",Fruit,46.0,0.6,11.1,0.1,0.1,0.0,2.0,162.0,174679,sr_legacy_food
"Grapefruit Juice, White, Frozen Concentrate",Fruit,146.0,2.0,34.6,0.5,0.4,0.0,3.0,484.0,174680,sr_legacy_food
"Grapes, American Type (Slip Skin), Raw",Fruit,67.0,0.6,17.2,0.4,0.9,0.0,2.0,191.0,174682,sr_legacy_food
"Grapes, Red Or Green (European Type, Such As Thompson Seedless)",Fruit,69.0,0.7,18.1,0.2,0.9,0.0,2.0,191.0,174683,sr_legacy_food
"Grapes, Canned, Thompson Seedless",Fruit,40.0,0.5,10.3,0.1,0.6,0.0,6.0,107.0,174684,sr_legacy_food
"Guava Sauce, Cooked",Fruit,36.0,0.3,9.5,0.1,3.6,0.0,4.0,225.0,174686,sr_legacy_food
"Jackfruit, Raw",Fruit,95.0,1.7,23.2,0.6,1.5,0.0,2.0,448.0,174687,sr_legacy_food
"Beef, Ribeye  Petite Roast/Filet, Boneless",Protein,133.0,22.7,0.0,4.7,0.0,0.0,66.0,402.0,174696,sr_legacy_food
"Beef, Ribeye Filet, Boneless",Protein,199.0,28.8,0.2,9.2,0.0,0.0,56.0,410.0,174701,sr_legacy_food
"Beef, Ground, 93% Lean Meat /7% Fat",Protein,182.0,25.6,0.1,8.0,0.0,0.0,72.0,371.0,174753,sr_legacy_food
"Snacks, Candy Rolls, Yogurt-Covered",Snacks,359.0,0.5,74.6,6.5,3.3,0.0,8.0,100.0,174779,sr_legacy_food
"Formulated Bar, Mars Snackfood Us, Snickers Marathon Chewy Chocolate Peanut Bar",Snacks,396.0,24.3,47.2,13.1,2.5,0.0,462.0,0.0,174780,sr_legacy_food
"Formulated Bar, Mars Snackfood Us, Snickers Marathon Multigrain Crunch Bar",Snacks,422.0,18.5,57.3,13.2,2.8,0.0,418.0,0.0,174781,sr_legacy_food
"Snacks, Sweet Potato Chips, Unsalted",Snacks,532.0,2.9,56.8,32.4,8.8,0.0,35.0,925.0,174783,sr_legacy_food
"Snacks, Fritolay, Sunchips",Snacks,491.0,8.0,67.3,21.1,8.8,0.0,423.0,232.0,174784,sr_legacy_food
"Formulated Bar, Mars Snackfood Us, Snickers Marathon Protein Performance Bar",Snacks,415.0,25.0,50.5,12.5,12.5,0.0,238.0,188.0,174786,sr_legacy_food
"Formulated Bar, Luna Bar, Nutz Over Chocolate",Snacks,403.0,20.8,52.5,12.2,4.3,0.0,386.0,412.0,174787,sr_legacy_food
"Pretzels, Soft, Unsalted",Snacks,345.0,8.2,71.0,3.1,1.7,0.0,252.0,88.0,174790,sr_legacy_food
"Snacks, Vegetable Chips, Hain Celestial Group",Snacks,517.0,4.1,58.0,29.8,10.9,0.0,246.0,1266.0,174791,sr_legacy_food
"Formulated Bar, Zone Perfect Classic Crunch Bar, Mixed Flavors",Snacks,426.0,30.0,45.0,14.0,2.0,0.0,444.0,250.0,174792,sr_legacy_food
"Snacks, Granola Bar, Kashi Tlc Bar",Snacks,429.0,18.6,53.3,15.7,11.4,0.0,293.0,415.0,174794,sr_legacy_food
"Snacks, Granola Bars, Quaker Oatmeal To Go",Snacks,389.0,6.7,75.5,6.7,4.6,0.0,367.0,238.0,174795,sr_legacy_food
"Snacks, Vegetable Chips, Made From Garden Vegetables",Snacks,473.0,5.3,60.4,23.3,4.7,0.0,412.0,838.0,174796,sr_legacy_food
"Snacks, Candy Bits, Yogurt Covered With Vitamin C",Snacks,415.0,0.0,86.9,7.5,0.2,0.0,75.0,338.0,174798,sr_legacy_food
"Snacks, Clif Bar, Mixed Flavors",Snacks,346.0,14.7,65.4,5.9,7.4,0.0,195.0,412.0,174799,sr_legacy_food
"Snacks, Granola Bar, General Mills Nature Valley",Snacks,487.0,9.1,61.1,22.9,2.9,0.0,414.0,390.0,174801,sr_legacy_food
"Snack, Mixed Berry Bar",Snacks,383.0,13.2,58.8,10.5,7.9,0.0,447.0,446.0,174803,sr_legacy_food
"Snacks, Potato Chips, Made From Dried Potatoes (Preformed)",Snacks,505.0,5.3,65.3,24.7,2.7,0.0,544.0,330.0,174804,sr_legacy_food
"Snacks, Potato Chips, Lightly Salted",Snacks,560.0,6.7,53.5,35.4,4.2,0.0,187.0,1304.0,174805,sr_legacy_food
"Snacks, Pretzels, Gluten- Free Made With Cornstarch And Potato Flour",Snacks,389.0,3.5,78.6,6.7,3.3,0.0,1567.0,69.0,174806,sr_legacy_food
"Soup, Egg Drop, Chinese Restaurant",Soups & Sauces,27.0,1.2,4.3,0.6,0.4,0.0,370.0,22.0,174807,sr_legacy_food
"Soup, Hot And Sour, Chinese Restaurant",Soups & Sauces,39.0,2.6,4.4,1.2,0.5,0.0,376.0,55.0,174808,sr_legacy_food
"Beverages, The Coca-Cola Company, Nos Zero",Beverage,4.0,0.0,1.0,0.0,0.0,0.0,85.0,0.0,174809,sr_legacy_food
"Alcoholic Beverage, Whiskey Sour, Canned",Beverage,119.0,0.0,13.4,0.0,0.1,0.0,44.0,11.0,174810,sr_legacy_food
"Beverages, Whiskey Sour Mix, Bottled",Beverage,87.0,0.1,21.4,0.1,0.0,0.0,102.0,28.0,174811,sr_legacy_food
"Alcoholic Beverage, Whiskey Sour, Prepared From Item 14028",Beverage,153.0,0.1,12.8,0.1,0.0,0.0,61.0,18.0,174812,sr_legacy_food
"Beverages, Abbott, Eas Soy Protein Powder",Beverage,405.0,47.6,43.9,3.6,0.0,0.0,452.0,714.0,174813,sr_legacy_food
"Beverages, Cytosport, Muscle Milk",Beverage,52.0,5.9,2.3,2.2,0.2,0.0,95.0,198.0,174814,sr_legacy_food
"Beverages, Ocean Spray, Cran-Energy",Beverage,15.0,0.0,3.8,0.0,0.0,0.0,21.0,0.0,174816,sr_legacy_food
"Alcoholic Beverage, Distilled, Rum",Beverage,231.0,0.0,0.0,0.0,0.0,0.0,1.0,2.0,174817,sr_legacy_food
"Alcoholic Beverage, Distilled, Vodka",Beverage,231.0,0.0,0.0,0.0,0.0,0.0,1.0,1.0,174818,sr_legacy_food
"Alcoholic Beverage, Distilled, Whiskey",Beverage,250.0,0.0,0.1,0.0,0.0,0.0,0.0,1.0,174819,sr_legacy_food
"Beverages, Almond Milk, Chocolate",Beverage,50.0,0.6,9.4,1.2,0.4,0.0,71.0,75.0,174820,sr_legacy_food
"Beverages, Energy Drink With Carbonated Water And High Fructose Corn Syrup",Beverage,62.0,0.4,15.0,0.0,0.0,0.0,48.0,10.0,174821,sr_legacy_food
"Beverages, Energy Drink, Sugar Free",Beverage,4.0,0.4,0.4,0.0,0.0,0.0,42.0,0.0,174822,sr_legacy_food
"Beverages, Abbott, Ensure",Beverage,105.0,3.8,16.9,2.5,0.0,0.0,84.0,156.0,174823,sr_legacy_food
"Beverages, Chocolate Powder, No Sugar Added",Beverage,350.0,9.1,68.3,4.5,9.1,0.0,500.0,1705.0,174824,sr_legacy_food
"Beverages, Zevia, Cola",Beverage,0.0,0.0,1.1,0.0,0.0,0.0,6.0,0.0,174825,sr_legacy_food
"Beverages, Yellow Green Colored Citrus Soft Drink With Caffeine",Beverage,49.0,0.0,12.8,0.0,0.0,0.0,18.0,2.0,174828,sr_legacy_food
"Beverages, V8 Splash Smoothies, Strawberry Banana",Beverage,37.0,1.2,8.2,0.0,0.0,0.0,29.0,24.0,174829,sr_legacy_food
"Beverages, V8 Splash Smoothies, Tropical Colada",Beverage,41.0,1.2,8.5,0.0,0.4,0.0,20.0,24.0,174830,sr_legacy_food
"Beverages, Coconut Water, Ready-To-Drink",Beverage,18.0,0.2,4.2,0.0,0.0,0.0,26.0,165.0,174831,sr_legacy_food
"Beverages, Almond Milk, Unsweetened",Beverage,15.0,0.4,1.3,1.0,0.2,0.0,72.0,67.0,174832,sr_legacy_food
"Beverages, Carbonated, Ginger Ale",Beverage,34.0,0.0,8.8,0.0,0.0,0.0,7.0,1.0,174846,sr_legacy_food
"Beverages, Nestea, Tea",Beverage,36.0,0.0,9.1,0.0,0.0,0.0,21.0,19.0,174847,sr_legacy_food
"Beverages, Carbonated, Cola",Beverage,41.0,0.0,10.6,0.0,0.0,0.0,4.0,3.0,174851,sr_legacy_food
"Beverages, Carbonated, Reduced Sugar",Beverage,20.0,0.0,5.2,0.0,0.0,0.0,4.0,3.0,174853,sr_legacy_food
"Beverages, Carbonated, Orange",Beverage,48.0,0.0,12.3,0.0,0.0,0.0,12.0,2.0,174854,sr_legacy_food
"Beverages, Ocean Spray, Ruby Red Cranberry",Beverage,45.0,0.1,11.6,0.0,0.6,0.0,11.0,39.0,174856,sr_legacy_food
"Beverages, Motts, Apple Juice Light",Beverage,22.0,0.0,5.1,0.1,0.0,0.0,13.0,51.0,174857,sr_legacy_food
"Beverages, Lemonade, Powder",Beverage,376.0,0.0,97.6,1.0,0.4,0.0,51.0,147.0,174858,sr_legacy_food
"Lemonade, Powder, Prepared With Water",Beverage,14.0,0.0,3.6,0.0,0.0,0.0,6.0,6.0,174859,sr_legacy_food
"Beverages, Lemonade-Flavor Drink, Powder",Beverage,380.0,0.0,97.9,1.0,0.0,0.0,130.0,39.0,174860,sr_legacy_food
"Limeade, Frozen Concentrate, Prepared With Water",Beverage,52.0,0.0,13.8,0.0,0.0,0.0,3.0,10.0,174862,sr_legacy_food
"Malt Beverage, Includes Non-Alcoholic Beer",Beverage,37.0,0.2,8.0,0.1,0.0,0.0,13.0,8.0,174863,sr_legacy_food
"Beverages, Ovaltine, Classic Malt Powder",Beverage,372.0,0.0,93.3,0.0,0.0,0.0,636.0,0.0,174864,sr_legacy_food
"Beverages, Malted Drink Mix, Chocolate",Beverage,87.0,3.3,11.2,3.3,0.4,0.0,87.0,217.0,174865,sr_legacy_food
"Beverages, Orange Drink, Canned",Beverage,49.0,0.0,12.3,0.1,0.0,0.0,3.0,18.0,174868,sr_legacy_food
"Strawberry-Flavor Beverage Mix, Powder",Beverage,389.0,0.1,99.1,0.2,0.0,0.0,38.0,6.0,174869,sr_legacy_food
"Beverages, Strawberry-Flavor Beverage Mix, Powder",Beverage,88.0,3.0,12.3,3.1,0.0,0.0,48.0,139.0,174870,sr_legacy_food
"Veal, Ground, Cooked",Protein,215.0,25.8,1.5,11.8,0.0,0.0,146.0,245.0,174879,sr_legacy_food
"Veal, External Fat Only, Raw",Protein,503.0,8.8,0.9,51.6,0.0,0.0,89.0,107.0,174882,sr_legacy_food
"Veal, External Fat Only, Cooked",Protein,540.0,15.3,0.0,53.2,0.0,0.0,103.0,152.0,174883,sr_legacy_food
"Veal, Seam Fat Only, Raw",Protein,444.0,12.5,0.0,43.8,0.0,0.0,89.0,179.0,174884,sr_legacy_food
"Bagels, Plain, Enriched",Grain,264.0,10.6,52.4,1.3,1.6,0.0,422.0,107.0,174899,sr_legacy_food
"Bagels, Egg",Grain,278.0,10.6,53.0,2.1,2.3,0.0,505.0,68.0,174901,sr_legacy_food
"Biscuits, Plain Or Buttermilk, Dry Mix",Grain,428.0,8.0,63.4,15.4,2.1,0.0,1276.0,163.0,174902,sr_legacy_food
"Bread, Banana, Prepared From Recipe",Grain,326.0,4.3,54.6,10.5,1.1,0.0,302.0,134.0,174906,sr_legacy_food
"Bread, Boston Brown, Canned",Grain,195.0,5.2,43.3,1.5,4.7,0.0,631.0,318.0,174907,sr_legacy_food
"Bread, Cornbread, Prepared From Recipe",Grain,266.0,6.7,43.5,7.1,0.0,0.0,658.0,147.0,174910,sr_legacy_food
"Bread, French Or Vienna, Toasted (Includes Sourdough)",Grain,319.0,13.0,61.9,2.1,3.1,0.0,720.0,140.0,174911,sr_legacy_food
"Bread, Irish Soda, Prepared From Recipe",Grain,290.0,6.6,56.0,5.0,2.6,0.0,398.0,266.0,174912,sr_legacy_food
"Bread, Italian",Grain,259.0,9.5,48.1,2.7,2.1,0.0,618.0,124.0,174913,sr_legacy_food
"Bread, Multi-Grain, Toasted (Includes Whole-Grain)",Grain,288.0,14.5,47.1,4.6,8.1,0.0,414.0,250.0,174914,sr_legacy_food
"Bread, Pita, Whole-Wheat",Grain,262.0,9.8,55.9,1.7,6.1,0.0,421.0,170.0,174916,sr_legacy_food
"Bread, Protein (Includes Gluten)",Grain,245.0,12.1,43.8,2.2,3.0,0.0,404.0,322.0,174917,sr_legacy_food
"Bread, Pumpernickel",Grain,250.0,8.7,47.5,3.1,6.5,0.0,596.0,208.0,174918,sr_legacy_food
"Bread, Reduced-Calorie, Oatmeal",Grain,210.0,7.6,43.3,3.5,0.0,0.0,388.0,124.0,174919,sr_legacy_food
"Bread, Reduced-Calorie, Rye",Grain,203.0,9.1,40.5,2.9,12.0,0.0,513.0,98.0,174920,sr_legacy_food
"Bread, Reduced-Calorie, Wheat",Grain,217.0,13.3,42.5,2.9,11.1,0.0,332.0,150.0,174921,sr_legacy_food
"Bread, Reduced-Calorie, White",Grain,207.0,8.7,44.3,2.5,9.7,0.0,479.0,76.0,174922,sr_legacy_food
"Bread, Rice Bran",Grain,243.0,8.9,43.5,4.6,4.9,0.0,269.0,215.0,174923,sr_legacy_food
"Bread, White, Commercially Prepared (Includes Soft Bread Crumbs)",Grain,266.0,8.8,49.4,3.3,2.7,0.0,490.0,126.0,174924,sr_legacy_food
"Bread, White, Prepared From Recipe",Grain,274.0,7.7,53.6,2.6,2.0,0.0,336.0,111.0,174926,sr_legacy_food
"Bread, Sticks, Plain",Grain,412.0,12.0,68.4,9.5,3.0,0.0,713.0,124.0,174929,sr_legacy_food
"Bread, Stuffing, Dry Mix",Grain,386.0,11.0,76.2,3.4,3.2,0.0,1405.0,246.0,174930,sr_legacy_food
"Cake, Pudding-Type, Carrot",Grain,415.0,5.1,79.2,9.8,0.0,0.0,567.0,169.0,174932,sr_legacy_food
"Cake, Cherry Fudge With Chocolate Frosting",Grain,264.0,2.4,38.0,12.5,0.5,0.0,164.0,166.0,174933,sr_legacy_food
"Cake, Chocolate, Commercially Prepared With Chocolate Frosting",Grain,389.0,3.5,52.8,20.0,2.2,0.0,348.0,270.0,174934,sr_legacy_food
"Cake, Pudding-Type, Chocolate",Grain,391.0,4.6,80.2,8.1,2.3,0.0,866.0,337.0,174935,sr_legacy_food
"Cake, Coffeecake, Creme-Filled With Chocolate Frosting",Grain,331.0,5.0,53.8,10.8,2.0,0.0,323.0,78.0,174936,sr_legacy_food
"Cake, Coffeecake, Fruit",Grain,311.0,5.2,51.5,10.2,2.5,0.0,385.0,90.0,174937,sr_legacy_food
"Cake, Fruitcake, Commercially Prepared",Grain,324.0,2.9,61.6,9.1,3.7,0.0,101.0,153.0,174939,sr_legacy_food
"Cake, Shortcake, Biscuit-Type",Grain,346.0,6.1,48.5,14.2,0.0,0.0,506.0,106.0,174941,sr_legacy_food
"Cake, Yellow, Commercially Prepared",Grain,379.0,3.2,55.4,17.8,1.5,0.0,310.0,187.0,174944,sr_legacy_food
"Cake, Pudding-Type, Yellow",Grain,423.0,4.0,80.0,9.8,0.7,0.0,860.0,63.0,174946,sr_legacy_food
"Cake, Yellow, Enriched",Grain,374.0,3.7,81.9,3.5,1.2,0.0,728.0,47.0,174947,sr_legacy_food
"Cookies, Brownies, Prepared From Recipe",Grain,466.0,6.2,50.2,29.1,0.0,0.0,343.0,176.0,174949,sr_legacy_food
"Cookies, Fudge, Cake-Type (Includes Trolley Cakes)",Grain,349.0,5.0,78.3,3.7,2.8,0.0,192.0,138.0,174951,sr_legacy_food
"Cookies, Chocolate Chip, Dry Mix",Grain,497.0,4.6,66.1,25.2,0.0,0.0,290.0,208.0,174952,sr_legacy_food
"Cookies, Chocolate Chip, Refrigerated Dough",Grain,451.0,4.0,61.0,21.3,1.5,0.0,321.0,180.0,174953,sr_legacy_food
"Cookies, Gingersnaps",Grain,416.0,5.6,76.9,9.8,2.2,0.0,555.0,346.0,174956,sr_legacy_food
"Cookies, Graham Crackers, Plain Or Honey (Includes Cinnamon)",Grain,430.0,6.7,77.7,10.6,3.4,0.0,516.0,170.0,174957,sr_legacy_food
"Cookies, Graham Crackers, Chocolate-Coated",Grain,500.0,4.0,66.8,25.8,2.2,0.0,265.0,267.0,174958,sr_legacy_food
"Cookies, Ladyfingers, With Lemon Juice And Rind",Grain,365.0,10.6,59.7,9.1,1.0,0.0,147.0,113.0,174959,sr_legacy_food
"Cookies, Oatmeal, Dry Mix",Grain,462.0,6.5,67.3,19.2,0.0,0.0,473.0,183.0,174960,sr_legacy_food
"Cookies, Oatmeal, Refrigerated Dough",Grain,424.0,5.4,59.1,18.9,2.5,0.0,294.0,147.0,174961,sr_legacy_food
"Cookies, Oatmeal, With Raisins",Grain,441.0,5.9,69.0,15.8,3.3,0.0,322.0,230.0,174963,sr_legacy_food
"Cookies, Peanut Butter, Prepared From Recipe",Grain,475.0,9.0,58.9,23.8,0.0,0.0,518.0,231.0,174964,sr_legacy_food
"Cookies, Peanut Butter Sandwich, Regular",Grain,478.0,8.8,65.6,21.1,1.9,0.0,368.0,192.0,174965,sr_legacy_food
"Cookies, Raisin, Soft-Type",Grain,401.0,4.1,68.0,13.6,1.2,0.0,418.0,140.0,174966,sr_legacy_food
"Cookies, Shortbread, Commercially Prepared",Grain,514.0,5.4,63.8,26.2,1.3,0.0,353.0,88.0,174967,sr_legacy_food
"Cookies, Peanut Butter Sandwich, Special Dietary",Grain,535.0,10.0,50.8,34.0,0.0,0.0,412.0,294.0,174969,sr_legacy_food
"Cookies, Sugar Wafer, With Creme Filling",Grain,531.0,3.6,66.3,28.6,14.3,0.0,71.0,57.0,174970,sr_legacy_food
"Cookies, Sugar, Commercially Prepared",Grain,464.0,5.4,67.3,19.6,1.3,0.0,385.0,87.0,174971,sr_legacy_food
"Cookies, Vanilla Wafers, Lower Fat",Grain,441.0,5.0,73.6,15.2,1.9,0.0,388.0,97.0,174973,sr_legacy_food
"Cookies, Vanilla Wafers, Higher Fat",Grain,455.0,4.9,72.6,16.4,1.6,0.0,325.0,99.0,174974,sr_legacy_food
"Crackers, Cheese, Regular",Grain,489.0,10.9,59.4,22.7,2.3,0.0,973.0,156.0,174975,sr_legacy_food
"Crackers, Cheese, Sandwich-Type With Peanut Butter Filling",Grain,496.0,12.4,56.7,25.1,3.4,0.0,829.0,218.0,174976,sr_legacy_food
"Crackers, Melba Toast, Rye (Includes Pumpernickel)",Grain,389.0,11.6,77.3,3.4,8.0,0.0,899.0,193.0,174978,sr_legacy_food
"Crackers, Melba Toast, Wheat",Grain,374.0,12.9,76.4,2.3,7.4,0.0,837.0,148.0,174979,sr_legacy_food
"Crackers, Milk",Grain,446.0,7.6,71.7,13.8,3.4,0.0,687.0,114.0,174980,sr_legacy_food
"Crackers, Rusk Toast",Grain,407.0,13.5,72.3,7.2,0.0,0.0,253.0,245.0,174981,sr_legacy_food
"Crackers, Standard Snack-Type, Regular",Grain,510.0,6.6,61.3,26.4,2.3,0.0,726.0,118.0,174982,sr_legacy_food
"Crackers, Standard Snack-Type, Sandwich",Grain,477.0,9.3,61.7,21.1,1.9,0.0,978.0,429.0,174983,sr_legacy_food
"Crackers, Wheat, Regular",Grain,455.0,7.3,70.7,16.4,6.9,0.0,699.0,283.0,174985,sr_legacy_food
"Cream Puff Shell, Prepared From Recipe",Grain,360.0,9.0,22.8,25.9,0.8,0.0,483.0,97.0,174986,sr_legacy_food
"Croissants, Butter",Grain,406.0,8.2,45.8,21.0,2.6,0.0,384.0,118.0,174987,sr_legacy_food
"Croissants, Apple",Grain,254.0,7.4,37.1,8.7,2.5,0.0,274.0,90.0,174988,sr_legacy_food
"Croissants, Cheese",Grain,414.0,9.2,47.0,20.9,2.6,0.0,361.0,132.0,174989,sr_legacy_food
"Doughnuts, Cake-Type, Plain (Includes Unsugared",Grain,434.0,5.3,47.1,24.9,1.7,0.0,477.0,134.0,174990,sr_legacy_food
"Doughnuts, Cake-Type, Plain",Grain,452.0,4.9,51.3,25.2,1.9,0.0,326.0,201.0,174991,sr_legacy_food
"Doughnuts, Cake-Type, Chocolate",Grain,417.0,4.5,57.4,19.9,2.2,0.0,215.0,106.0,174993,sr_legacy_food
"Muffins, English, Plain",Grain,227.0,8.9,44.2,1.7,3.5,0.0,425.0,109.0,174994,sr_legacy_food
"Muffins, English, Mixed-Grain (Includes Granola)",Grain,235.0,9.1,46.3,1.8,2.8,0.0,298.0,156.0,174996,sr_legacy_food
"Muffins, English, Raisin-Cinnamon (Includes Apple-Cinnamon)",Grain,240.0,7.9,48.1,1.8,2.6,0.0,299.0,173.0,174997,sr_legacy_food
"French Toast, Prepared From Recipe, Made With Low Fat (2%) Milk",Grain,229.0,7.7,25.0,10.8,0.0,0.0,479.0,134.0,174998,sr_legacy_food
"Hush Puppies, Prepared From Recipe",Grain,337.0,7.7,46.0,13.5,2.8,0.0,668.0,144.0,174999,sr_legacy_food
"Ice Cream Cones, Cake Or Wafer-Type",Grain,417.0,8.1,79.0,6.9,3.0,0.0,256.0,112.0,175000,sr_legacy_food
"Ice Cream Cones, Sugar, Rolled-Type",Grain,402.0,7.9,84.1,3.8,1.7,0.0,298.0,145.0,175001,sr_legacy_food
"Muffins, Corn, Commercially Prepared",Grain,305.0,5.9,51.0,8.4,3.4,0.0,385.0,69.0,175002,sr_legacy_food
"Muffins, Corn, Dry Mix",Grain,321.0,7.4,49.1,10.2,2.4,0.0,795.0,131.0,175003,sr_legacy_food
"Muffins, Corn, Toaster-Type",Grain,346.0,5.3,57.9,11.3,1.6,0.0,430.0,92.0,175004,sr_legacy_food
"Muffins, Corn, Prepared From Recipe",Grain,316.0,7.1,44.2,12.3,0.0,0.0,585.0,145.0,175005,sr_legacy_food
"Pancakes, Plain, Prepared From Recipe",Grain,227.0,6.4,28.3,9.7,0.0,0.0,439.0,132.0,175009,sr_legacy_food
"Pie, Apple, Prepared From Recipe",Grain,265.0,2.4,37.1,12.5,0.0,0.0,211.0,79.0,175012,sr_legacy_food
"Pie, Banana Cream, Prepared From Mix",Grain,251.0,3.4,31.6,12.9,0.6,0.0,290.0,113.0,175013,sr_legacy_food
"Pie, Chocolate Creme, Commercially Prepared",Grain,353.0,4.2,38.4,22.4,0.8,0.0,266.0,161.0,175014,sr_legacy_food
"Pie, Chocolate Mousse, Prepared From Mix",Grain,260.0,3.5,29.6,15.4,0.0,0.0,460.0,285.0,175015,sr_legacy_food
"Pie, Coconut Creme, Commercially Prepared",Grain,298.0,2.1,37.3,16.6,1.3,0.0,204.0,65.0,175016,sr_legacy_food
"Pie, Coconut Cream, Prepared From Mix",Grain,276.0,2.8,28.5,17.6,0.5,0.0,329.0,141.0,175017,sr_legacy_food
"Pie, Lemon Meringue, Prepared From Recipe",Grain,285.0,3.8,39.1,12.9,0.0,0.0,242.0,65.0,175018,sr_legacy_food
"Pie, Mince, Prepared From Recipe",Grain,289.0,2.6,48.0,10.8,2.6,0.0,254.0,203.0,175019,sr_legacy_food
"Pie, Peach",Grain,224.0,1.9,32.9,10.0,0.8,0.0,217.0,125.0,175020,sr_legacy_food
"Pie, Pecan, Commercially Prepared",Grain,407.0,4.5,59.6,16.7,2.1,0.0,275.0,99.0,175021,sr_legacy_food
"Pie Crust, Standard-Type, Dry Mix",Grain,518.0,6.9,52.1,31.4,0.0,0.0,753.0,64.0,175022,sr_legacy_food
"Pie Crust, Standard-Type, Frozen",Grain,457.0,6.2,48.6,26.1,2.5,0.0,409.0,97.0,175024,sr_legacy_food
"Rolls, Dinner, Egg",Grain,307.0,9.5,52.0,6.4,3.7,0.0,566.0,104.0,175027,sr_legacy_food
"Rolls, Dinner, Oat Bran",Grain,236.0,9.5,40.2,4.6,4.1,0.0,413.0,121.0,175028,sr_legacy_food
"Rolls, Dinner, Rye",Grain,286.0,10.3,53.1,3.4,4.9,0.0,650.0,180.0,175029,sr_legacy_food
"Rolls, Dinner, Wheat",Grain,273.0,8.6,46.0,6.3,3.8,0.0,524.0,115.0,175030,sr_legacy_food
"Rolls, Hard (Includes Kaiser)",Grain,293.0,9.9,52.7,4.3,2.3,0.0,544.0,108.0,175031,sr_legacy_food
"Strudel, Apple",Grain,274.0,3.3,41.1,11.2,2.2,0.0,135.0,149.0,175032,sr_legacy_food
"Sweet Rolls, Cheese",Grain,360.0,7.1,43.7,18.3,1.2,0.0,357.0,137.0,175033,sr_legacy_food
"Sweet Rolls, Cinnamon, Commercially Prepared With Raisins",Grain,372.0,6.2,50.9,16.4,2.4,0.0,304.0,111.0,175034,sr_legacy_food
"Toaster Pastries, Fruit (Includes Apple, Blueberry",Grain,388.0,4.2,70.3,10.0,1.0,0.0,334.0,102.0,175035,sr_legacy_food
"Waffles, Plain, Frozen",Grain,285.0,6.5,43.0,9.7,2.2,0.0,638.0,125.0,175038,sr_legacy_food
"Waffles, Plain, Prepared From Recipe",Grain,291.0,7.9,32.9,14.1,0.0,0.0,511.0,159.0,175039,sr_legacy_food
"Leavening Agents, Cream Of Tartar",Grain,258.0,0.0,61.5,0.0,0.2,0.0,52.0,16500.0,175041,sr_legacy_food
"Leavening Agents, Yeast, Baker'S",Grain,105.0,8.4,18.1,1.9,8.1,0.0,30.0,601.0,175042,sr_legacy_food
"Bread, Rice Bran, Toasted",Grain,264.0,9.7,47.3,5.0,5.3,0.0,292.0,212.0,175044,sr_legacy_food
"Muffins, Wheat Bran, Toaster-Type With Raisins",Grain,313.0,5.5,55.5,9.4,8.2,0.0,527.0,177.0,175046,sr_legacy_food
"Pancakes, Buttermilk, Prepared From Recipe",Grain,227.0,6.8,28.7,9.3,0.0,0.0,522.0,145.0,175047,sr_legacy_food
"Bagels, Plain, Unenriched",Grain,275.0,10.5,53.4,1.6,2.3,0.0,534.0,101.0,175050,sr_legacy_food
"Cake, Yellow, Unenriched",Grain,432.0,4.4,78.1,11.6,1.1,0.0,657.0,82.0,175055,sr_legacy_food
"Crackers, Saltines, Low Salt (Includes Oyster",Grain,421.0,9.5,74.3,8.8,2.9,0.0,198.0,724.0,175056,sr_legacy_food
"Crackers, Saltines, Unsalted Tops (Includes Oyster",Grain,434.0,9.2,71.5,11.8,3.0,0.0,766.0,128.0,175057,sr_legacy_food
"Crackers, Wheat, Low Salt",Grain,473.0,8.6,64.9,20.6,4.5,0.0,190.0,203.0,175059,sr_legacy_food
"Crackers, Cheese, Low Sodium",Grain,503.0,10.1,58.2,25.3,2.4,0.0,458.0,106.0,175060,sr_legacy_food
"Danish Pastry, Raspberry, Unenriched",Grain,371.0,5.4,47.8,18.5,1.9,0.0,354.0,83.0,175061,sr_legacy_food
"English Muffins, Plain, Enriched",Grain,235.0,7.7,46.0,1.8,2.7,0.0,464.0,131.0,175063,sr_legacy_food
"Pie, Fried Pies, Lemon",Grain,316.0,3.0,42.6,16.1,2.6,0.0,374.0,65.0,175064,sr_legacy_food
"Popovers, Dry Mix, Unenriched",Grain,371.0,10.4,71.0,4.3,0.0,0.0,906.0,100.0,175066,sr_legacy_food
"Taco Shells, Baked, Without Added Salt",Grain,468.0,7.2,62.4,22.6,7.5,0.0,15.0,179.0,175067,sr_legacy_food
"Crackers, Saltines, Fat-Free",Grain,393.0,10.5,82.3,1.6,2.7,0.0,849.0,115.0,175068,sr_legacy_food
"Tart, Breakfast, Low Fat",Grain,372.0,4.0,76.8,6.0,1.5,0.0,361.0,66.0,175069,sr_legacy_food
"Archway Home Style Cookies, Sugar Free Oatmeal",Grain,442.0,5.5,67.2,20.9,1.9,0.0,308.0,87.0,175070,sr_legacy_food
"Archway Home Style Cookies, Chocolate Chip Ice Box",Grain,497.0,4.3,65.0,24.4,2.0,0.0,270.0,127.0,175071,sr_legacy_food
"Archway Home Style Cookies, Iced Oatmeal",Grain,435.0,4.9,66.8,16.5,2.0,0.0,377.0,185.0,175072,sr_legacy_food
"Archway Home Style Cookies, Molasses",Grain,403.0,4.2,69.4,12.1,1.2,0.0,577.0,117.0,175073,sr_legacy_food
"Archway Home Style Cookies, Oatmeal",Grain,421.0,5.5,68.2,14.1,2.9,0.0,394.0,219.0,175074,sr_legacy_food
"Archway Home Style Cookies, Oatmeal Raisin",Grain,406.0,5.2,69.3,12.1,2.7,0.0,339.0,285.0,175075,sr_legacy_food
"Archway Home Style Cookies, Strawberry Filled",Grain,400.0,4.4,65.9,13.3,2.2,0.0,377.0,118.0,175076,sr_legacy_food
"Archway Home Style Cookies, Reduced Fat Ginger Snaps",Grain,424.0,4.7,76.2,11.1,1.1,0.0,406.0,309.0,175077,sr_legacy_food
"Artificial Blueberry Muffin Mix, Dry",Grain,407.0,4.7,77.4,8.7,0.0,0.0,760.0,0.0,175078,sr_legacy_food
"Kraft, Stove Top Stuffing Mix Chicken Flavor",Grain,381.0,12.6,73.1,4.1,2.5,0.0,1532.0,267.0,175079,sr_legacy_food
"Martha White Foods, Martha White'S Chewy Fudge Brownie Mix, Dry",Grain,407.0,4.4,83.6,6.2,2.9,0.0,457.0,51.0,175080,sr_legacy_food
"Martha White Foods, Martha White'S Buttermilk Biscuit Mix, Dry",Grain,388.0,7.8,59.4,13.2,1.5,0.0,1295.0,212.0,175081,sr_legacy_food
"Mission Foods, Mission Flour Tortillas, Soft Taco",Grain,287.0,8.7,49.6,6.0,0.0,0.0,898.0,0.0,175082,sr_legacy_food
"Nabisco, Nabisco Grahams Crackers",Grain,424.0,7.0,76.2,10.0,3.4,0.0,659.0,177.0,175083,sr_legacy_food
"Nabisco, Nabisco Oreo Crunchies, Cookie Crumb Topping",Grain,476.0,4.8,70.2,21.5,3.2,0.0,528.0,194.0,175084,sr_legacy_food
"Game Meat, Deer, Cooked",Protein,158.0,30.2,0.0,3.2,0.0,0.0,54.0,335.0,175085,sr_legacy_food
"Game Meat, Horse, Raw",Protein,133.0,21.4,0.0,4.6,0.0,0.0,53.0,360.0,175086,sr_legacy_food
"Game Meat, Horse, Cooked",Protein,175.0,28.1,0.0,6.0,0.0,0.0,55.0,379.0,175087,sr_legacy_food
"Beverages, Cocoa Mix, With Aspartame",Beverage,29.0,1.2,5.6,0.2,0.6,0.0,72.0,211.0,175092,sr_legacy_food
"Beverages, Fruit Punch Juice Drink, Frozen Concentrate",Beverage,175.0,0.3,43.1,0.7,0.2,0.0,10.0,270.0,175094,sr_legacy_food
"Alcoholic Beverage, Liqueur, Coffee With Cream",Beverage,327.0,2.8,20.9,15.7,0.0,0.0,92.0,32.0,175098,sr_legacy_food
"Beverages, Orange Drink, Breakfast Type",Beverage,153.0,0.4,39.0,0.0,0.1,0.0,26.0,465.0,175100,sr_legacy_food
"Beverages, Shake, Fast Food",Beverage,113.0,3.4,18.9,2.8,0.4,0.0,83.0,182.0,175102,sr_legacy_food
"Beverages, Orange Breakfast Drink, Ready-To-Drink",Beverage,53.0,0.0,13.2,0.0,0.1,0.0,54.0,83.0,175105,sr_legacy_food
"Beverages, Coca-Cola, Powerade",Beverage,32.0,0.0,7.8,0.0,0.0,0.0,42.0,18.0,175108,sr_legacy_food
"Beverages, Propel Zero, Fruit-Flavored",Beverage,5.0,0.0,1.1,0.0,0.0,0.0,33.0,16.0,175109,sr_legacy_food
"Beverages, Arizona, Tea",Beverage,39.0,0.0,9.8,0.0,0.0,0.0,4.0,10.0,175110,sr_legacy_food
"Beverages, Lipton Brisk, Tea",Beverage,35.0,0.0,8.8,0.0,0.0,0.0,21.0,19.0,175111,sr_legacy_food
"Carbonated Beverage, Low Calorie, Other Than Cola Or Pepper",Beverage,0.0,0.0,0.1,0.0,0.0,0.0,16.0,2.0,175113,sr_legacy_food
"Beverages, Cocoa Mix, Low Calorie",Beverage,359.0,25.1,58.0,3.0,1.1,0.0,653.0,2702.0,175114,sr_legacy_food
"Beverages, Fruit Punch-Flavor Drink, Powder",Beverage,37.0,0.0,9.5,0.0,0.0,0.0,7.0,1.0,175115,sr_legacy_food
"Fish, Mackerel, Atlantic",Protein,205.0,18.6,0.0,13.9,0.0,0.0,90.0,314.0,175119,sr_legacy_food
"Fish, Mackerel, Jack",Protein,156.0,23.2,0.0,6.3,0.0,0.0,379.0,194.0,175121,sr_legacy_food
"Fish, Mullet, Striped",Protein,117.0,19.4,0.0,3.8,0.0,0.0,65.0,357.0,175123,sr_legacy_food
"Fish, Ocean Perch, Atlantic",Protein,79.0,15.3,0.0,1.5,0.0,0.0,287.0,187.0,175125,sr_legacy_food
"Fish, Sablefish, Raw",Protein,195.0,13.4,0.0,15.3,0.0,0.0,56.0,358.0,175134,sr_legacy_food
"Fish, Sardine, Atlantic",Protein,208.0,24.6,0.0,11.4,0.0,0.0,307.0,397.0,175139,sr_legacy_food
"Fish, Sardine, Pacific",Protein,185.0,20.9,0.5,10.4,0.1,0.0,414.0,341.0,175140,sr_legacy_food
"Fish, Scup, Raw",Protein,105.0,18.9,0.0,2.7,0.0,0.0,42.0,287.0,175141,sr_legacy_food
"Fish, Sheepshead, Raw",Protein,108.0,20.2,0.0,2.4,0.0,0.0,71.0,404.0,175144,sr_legacy_food
"Fish, Sheepshead, Cooked",Protein,126.0,26.0,0.0,1.6,0.0,0.0,73.0,512.0,175145,sr_legacy_food
"Fish, Smelt, Rainbow",Protein,97.0,17.6,0.0,2.4,0.0,0.0,60.0,290.0,175146,sr_legacy_food
"Fish, Tilefish, Cooked",Protein,147.0,24.5,0.0,4.7,0.0,0.0,59.0,512.0,175152,sr_legacy_food
"Fish, Tuna Salad",Protein,187.0,16.0,9.4,9.3,0.0,0.0,402.0,178.0,175160,sr_legacy_food
"Fish, Tilapia, Raw",Protein,96.0,20.1,0.0,1.7,0.0,0.0,52.0,302.0,175176,sr_legacy_food
"Fish, Tilapia, Cooked",Protein,128.0,26.2,0.0,2.6,0.0,0.0,56.0,380.0,175177,sr_legacy_food
"Crustaceans, Shrimp, Raw",Protein,85.0,20.1,0.0,0.5,0.0,0.0,119.0,264.0,175179,sr_legacy_food
"Crustaceans, Shrimp, Cooked",Protein,99.0,24.0,0.2,0.3,0.0,0.0,111.0,259.0,175180,sr_legacy_food
"Fish, Trout, Brook",Protein,110.0,21.2,0.0,2.7,0.0,0.0,45.0,417.0,175181,sr_legacy_food
"Beans, Black Turtle, Mature Seeds",Legume,339.0,21.2,63.2,0.9,15.5,0.0,9.0,1500.0,175186,sr_legacy_food
"Beans, Kidney, Royal Red",Legume,329.0,25.3,58.3,0.4,24.9,0.0,13.0,1346.0,175196,sr_legacy_food
"Beans, White, Mature Seeds",Legume,333.0,23.4,60.3,0.8,15.2,0.0,16.0,1795.0,175202,sr_legacy_food
"Broadbeans (Fava Beans), Mature Seeds, Raw",Legume,341.0,26.1,58.3,1.5,25.0,0.0,13.0,1062.0,175205,sr_legacy_food
"Chili With Beans, Canned",Legume,103.0,6.1,13.2,3.8,3.3,0.0,423.0,365.0,175207,sr_legacy_food
"Cowpeas, Catjang, Mature Seeds",Legume,343.0,23.8,59.6,2.1,10.7,0.0,58.0,1375.0,175208,sr_legacy_food
"Hyacinth Beans, Mature Seeds, Raw",Legume,344.0,23.9,60.7,1.7,25.6,0.0,21.0,1235.0,175210,sr_legacy_food
"Hyacinth Beans, Mature Seeds, Cooked",Legume,117.0,8.1,20.7,0.6,0.0,0.0,7.0,337.0,175211,sr_legacy_food
"Vitasoy Usa, Vitasoy Organic Creamy Original Soymilk",Legume,44.0,2.9,4.5,1.6,0.4,0.0,66.0,131.0,175212,sr_legacy_food
"Vitasoy Usa, Vitasoy Organic Classic Original Soymilk",Legume,47.0,3.2,4.5,1.8,0.4,0.0,66.0,156.0,175213,sr_legacy_food
"Vitasoy Usa, Vitasoy Light Vanilla Soymilk",Legume,30.0,1.6,4.1,0.8,0.1,0.0,49.0,82.0,175214,sr_legacy_food
"Soymilk (All Flavors), Unsweetened, With Added Calcium",Legume,33.0,2.9,1.7,1.6,0.5,0.0,37.0,120.0,175215,sr_legacy_food
"Soymilk (All Flavors), Nonfat, With Added Calcium",Legume,28.0,2.5,4.1,0.0,0.2,0.0,57.0,105.0,175216,sr_legacy_food
"Soymilk, Chocolate, Nonfat",Legume,44.0,2.5,8.5,0.0,0.2,0.0,57.0,105.0,175217,sr_legacy_food
"Silk Plain, Soymilk",Legume,41.0,2.9,3.3,1.6,0.4,0.0,49.0,123.0,175218,sr_legacy_food
"Silk Vanilla, Soymilk",Legume,41.0,2.5,4.1,1.4,0.4,0.0,39.0,123.0,175219,sr_legacy_food
"Silk Plus Omega-3 Dha, Soymilk",Legume,45.0,2.9,3.3,2.1,0.4,0.0,49.0,144.0,175220,sr_legacy_food
"Silk Plus For Bone Health, Soymilk",Legume,41.0,2.5,4.5,1.4,0.8,0.0,39.0,123.0,175221,sr_legacy_food
"Silk Plus Fiber, Soymilk",Legume,41.0,2.5,5.8,1.4,2.1,0.0,39.0,123.0,175222,sr_legacy_food
"Silk Unsweetened, Soymilk",Legume,33.0,2.9,1.6,1.6,0.4,0.0,35.0,123.0,175223,sr_legacy_food
"Silk Coffee, Soymilk",Legume,62.0,2.1,10.3,1.4,0.0,0.0,41.0,132.0,175224,sr_legacy_food
Silk Vanilla Soy Yogurt (Family Size),Legume,79.0,2.6,13.7,1.8,0.4,0.0,13.0,0.0,175225,sr_legacy_food
Silk Vanilla Soy Yogurt (Single Serving Size),Legume,88.0,2.9,14.7,1.8,0.6,0.0,12.0,0.0,175226,sr_legacy_food
Silk Plain Soy Yogurt,Legume,66.0,2.6,9.7,1.8,0.4,0.0,13.0,0.0,175227,sr_legacy_food
Silk Strawberry Soy Yogurt,Legume,94.0,2.4,18.2,1.2,0.6,0.0,15.0,0.0,175228,sr_legacy_food
Silk Key Lime Soy Yogurt,Legume,88.0,2.4,17.6,1.2,0.6,0.0,15.0,0.0,175229,sr_legacy_food
Silk Banana-Strawberry Soy Yogurt,Legume,88.0,2.4,17.1,1.2,0.6,0.0,15.0,0.0,175230,sr_legacy_food
Silk Original Creamer,Legume,100.0,0.0,6.7,6.7,0.0,0.0,67.0,0.0,175231,sr_legacy_food
Silk French Vanilla Creamer,Legume,133.0,0.0,20.0,6.7,0.0,0.0,67.0,0.0,175232,sr_legacy_food
"Vitasoy Usa Organic Nasoya, Tofu Plus Firm",Legume,74.0,9.2,1.7,3.4,0.8,0.0,4.0,0.0,175233,sr_legacy_food
"Vitasoy Usa Organic Nasoya Sprouted, Tofu Plus Super Firm",Legume,115.0,13.2,2.2,5.9,1.2,0.0,28.0,0.0,175234,sr_legacy_food
"Vitasoy Usa Azumaya, Extra Firm Tofu",Legume,88.0,10.1,1.5,4.6,0.9,0.0,26.0,0.0,175235,sr_legacy_food
"Vitasoy Usa Azumaya, Firm Tofu",Legume,80.0,9.1,1.5,4.2,0.6,0.0,23.0,0.0,175236,sr_legacy_food
"Veal, Composite Of Trimmed Retail Cuts, Separable Fat",Protein,638.0,6.0,0.0,67.8,0.0,0.0,26.0,107.0,175266,sr_legacy_food
"Veal, Sirloin, Separable Lean And Fat",Protein,152.0,19.1,0.0,7.8,0.0,0.0,76.0,329.0,175286,sr_legacy_food
"Veal, Ground, Raw",Protein,197.0,18.6,0.0,13.1,0.0,0.0,103.0,198.0,175290,sr_legacy_food
"Game Meat, Antelope, Raw",Protein,114.0,22.4,0.0,2.0,0.0,0.0,51.0,353.0,175292,sr_legacy_food
"Game Meat, Beaver, Raw",Protein,146.0,24.0,0.0,4.8,0.0,0.0,51.0,348.0,175294,sr_legacy_food
"Game Meat, Beaver, Cooked",Protein,212.0,34.8,0.0,7.0,0.0,0.0,59.0,403.0,175295,sr_legacy_food
"Game Meat, Boar, Wild",Protein,122.0,21.5,0.0,3.3,0.0,0.0,0.0,0.0,175297,sr_legacy_food
"Game Meat, Buffalo, Water",Protein,99.0,20.4,0.0,1.4,0.0,0.0,53.0,297.0,175299,sr_legacy_food
"Game Meat, Elk, Raw",Protein,111.0,23.0,0.0,1.4,0.0,0.0,58.0,312.0,175301,sr_legacy_food
"Game Meat, Elk, Cooked",Protein,146.0,30.2,0.0,1.9,0.0,0.0,61.0,328.0,175302,sr_legacy_food
"Game Meat, Goat, Raw",Protein,109.0,20.6,0.0,2.3,0.0,0.0,82.0,385.0,175303,sr_legacy_food
"Game Meat, Goat, Cooked",Protein,143.0,27.1,0.0,3.0,0.0,0.0,86.0,405.0,175304,sr_legacy_food
"Tomatoes, Grape, Raw",Vegetable,27.0,0.8,5.5,0.6,2.1,0.0,6.0,260.0,321360,foundation_food
"Peanut Butter, Smooth Style, With Salt",Legume,597.0,22.5,22.3,51.1,4.8,10.5,429.0,564.0,324860,foundation_food
"Cheese, Cheddar",Dairy,408.0,23.3,2.4,34.0,0.0,0.3,654.0,77.0,328637,foundation_food
"Olives, Green, Manzanilla",Fruit,130.0,1.2,5.0,12.9,4.0,0.0,1620.0,43.0,332791,foundation_food
"Cookies, Oatmeal, Soft",Grain,430.0,5.8,69.6,14.3,3.3,34.8,314.0,245.0,333008,foundation_food
"Tomatoes, Canned, Red",Vegetable,18.0,0.8,3.3,0.5,0.0,3.0,125.0,198.0,333281,foundation_food
"Fish, Pollock, Raw",Protein,56.0,12.3,0.0,0.4,0.0,0.0,333.0,160.0,333476,foundation_food
"Beans, Dry, Dark Red Kidney (0% Moisture)",Legume,0.0,25.9,0.0,1.3,4.3,0.0,0.0,1490.0,335245,foundation_food
"Beans, Dry, Pink (0% Moisture)",Legume,0.0,23.4,0.0,1.2,4.1,0.0,0.0,1490.0,335306,foundation_food
"Beans, Dry, Navy (0% Moisture)",Legume,0.0,24.1,0.0,1.5,4.3,0.0,0.0,1470.0,335419,foundation_food
"Beans, Dry, Light Red Kidney (0% Moisture)",Legume,0.0,25.0,0.0,1.0,4.5,0.0,0.0,1540.0,335422,foundation_food
"Beans, Dry, Brown (0% Moisture)",Legume,0.0,25.6,0.0,1.1,4.1,0.0,0.0,1580.0,335425,foundation_food
"Beans, Dry, Flor De Mayo (0% Moisture)",Legume,0.0,23.3,0.0,0.9,4.0,0.0,0.0,1490.0,335428,foundation_food
"Beans, Dry, Carioca (0% Moisture)",Legume,0.0,25.2,0.0,1.4,4.5,0.0,0.0,1390.0,335433,foundation_food
"Beans, Dry, Tan (0% Moisture)",Legume,0.0,26.8,0.0,1.1,4.4,0.0,0.0,1620.0,335442,foundation_food
"Beans, Dry, Pinto (0% Moisture)",Legume,0.0,23.7,0.0,1.2,4.1,0.0,0.0,1510.0,335695,foundation_food
"Beans, Dry, Small Red (0% Moisture)",Legume,0.0,23.5,0.0,1.3,4.1,0.0,0.0,1520.0,335774,foundation_food
"Beans, Dry, Medium Red (0% Moisture)",Legume,0.0,25.5,0.0,1.0,4.3,0.0,0.0,1490.0,335777,foundation_food
"Beans, Dry, Cranberry (0% Moisture)",Legume,0.0,24.4,0.0,1.2,4.3,0.0,0.0,1340.0,335782,foundation_food
"Beans, Dry, Light Tan (0% Moisture)",Legume,0.0,24.6,0.0,1.3,4.3,0.0,0.0,1230.0,335785,foundation_food
"Beans, Dry, Black (0% Moisture)",Legume,0.0,24.4,0.0,1.4,4.2,0.0,0.0,1540.0,335912,foundation_food
"Beans, Dry, Small White (0% Moisture)",Legume,0.0,24.5,0.0,1.3,4.3,0.0,0.0,1540.0,335927,foundation_food
"Beans, Dry, Red (0% Moisture)",Legume,0.0,21.3,0.0,1.2,4.0,0.0,0.0,1540.0,335930,foundation_food
"Beans, Dry, Great Northern (0% Moisture)",Legume,0.0,24.7,0.0,1.2,4.3,0.0,0.0,1520.0,336067,foundation_food
"Carrots, Frozen, Unprepared",Vegetable,37.0,0.8,7.9,0.5,3.2,4.2,66.0,210.0,746764,foundation_food
"Oranges, Raw, Navels",Fruit,47.0,0.9,11.8,0.2,2.0,8.6,9.0,166.0,746771,foundation_food
"Pears, Raw, Bartlett",Fruit,57.0,0.4,15.1,0.2,3.1,9.7,7.0,87.0,746773,foundation_food
"Ham, Sliced, Restaurant",Protein,121.0,19.6,2.4,3.7,0.0,2.2,1030.0,484.0,746952,foundation_food
"Cheese, American, Restaurant",Dairy,375.0,17.5,6.4,31.1,0.0,3.8,1600.0,173.0,747429,foundation_food
"Ketchup, Restaurant",Vegetable,117.0,1.1,26.8,0.6,0.0,21.8,949.0,249.0,747693,foundation_food
"Eggs, Grade A, Large",Dairy,55.0,10.7,2.4,0.0,0.0,0.0,0.0,0.0,747997,foundation_food
"Butter, Stick, Unsalted",Dairy,0.0,0.0,0.0,81.5,0.0,0.0,10.0,19.0,789828,foundation_food
"Flour, Wheat, All-Purpose",Grain,366.0,10.9,77.3,1.5,0.0,0.0,2.0,136.0,789890,foundation_food
"Flour, Whole Wheat, Unenriched",Grain,370.0,15.1,71.2,2.7,10.6,0.0,3.0,376.0,790085,foundation_food
"Flour, Bread, White",Grain,363.0,14.3,72.8,1.6,0.0,0.0,3.0,127.0,790146,foundation_food
"Flour, Rice, White",Grain,359.0,6.9,79.8,1.3,0.5,0.0,5.0,75.0,790214,foundation_food
"Flour, Corn, Yellow",Grain,364.0,6.2,80.8,1.7,4.3,1.0,0.0,144.0,790276,foundation_food
"Butter, Stick, Salted",Dairy,0.0,0.0,0.0,82.2,0.0,0.6,524.0,23.0,790508,foundation_food
"Onions, Red, Raw",Vegetable,44.0,0.9,9.9,0.1,2.2,5.8,1.0,197.0,790577,foundation_food
"Onions, Yellow, Raw",Vegetable,38.0,0.8,8.6,0.0,1.9,5.8,1.0,182.0,790646,foundation_food
"Bananas, Overripe, Raw",Fruit,85.0,0.7,20.1,0.2,1.7,0.0,0.0,0.0,790774,foundation_food
"Bananas, Ripe And Slightly Ripe, Raw",Fruit,97.0,0.7,23.0,0.3,1.7,0.0,0.0,326.0,790991,foundation_food
"Flour, Soy, Defatted",Legume,366.0,51.1,32.9,3.3,0.0,0.0,2.0,2480.0,1104705,foundation_food
"Flour, Soy, Full-Fat",Legume,452.0,38.6,27.9,20.7,0.0,0.0,2.0,1860.0,1104766,foundation_food
"Flour, Rice, Brown",Grain,365.2,7.2,75.5,3.8,0.0,0.0,1.0,265.0,1104812,foundation_food
"Flour, Rice, Glutinous",Grain,358.0,6.7,80.1,1.2,0.0,0.0,6.0,80.0,1104867,foundation_food
"Flour, Pastry, Unenriched",Grain,358.0,8.8,77.2,1.6,0.0,0.0,1.0,142.0,1104913,foundation_food
"Onions, White, Raw",Vegetable,35.0,0.9,7.7,0.1,1.2,5.8,2.0,141.0,1104962,foundation_food
"Apples, Red Delicious, With Skin",Fruit,62.0,0.2,14.8,0.2,2.0,11.1,0.0,95.0,1105430,foundation_food
"Apples, Honeycrisp, With Skin",Fruit,60.0,0.1,14.7,0.1,1.7,11.7,0.0,98.0,1105547,foundation_food
"Apples, Granny Smith, With Skin",Fruit,59.0,0.3,14.2,0.1,2.5,10.5,0.0,116.0,1105664,foundation_food
"Apples, Gala, With Skin",Fruit,61.0,0.1,14.8,0.2,2.1,11.3,0.0,106.0,1105781,foundation_food
"Apples, Fuji, With Skin",Fruit,65.0,0.2,15.7,0.2,2.1,12.6,1.0,104.0,1105897,foundation_food
"Soy Milk, Unsweetened, Plain",Legume,38.5,3.5,1.3,2.1,0.0,0.6,34.3,158.2,1750337,foundation_food
"Almond Milk, Unsweetened, Plain",Beverage,14.6,0.6,0.3,1.2,0.0,0.0,59.6,30.8,1750338,foundation_food
"Mushroom, Lion'S Mane",Vegetable,42.7,2.5,7.6,0.3,0.0,0.0,0.3,443.3,1750344,foundation_food
"Mushroom, Oyster",Vegetable,41.0,2.9,6.9,0.2,0.0,0.0,1.1,281.6,1750345,foundation_food
"Mushrooms, Shiitake",Vegetable,44.1,2.4,8.2,0.2,0.0,0.0,0.9,243.0,1750346,foundation_food
"Mushrooms, White Button",Vegetable,31.2,2.9,4.1,0.4,0.0,0.0,6.4,373.0,1750347,foundation_food
"Spinach, Baby",Vegetable,26.6,2.9,2.4,0.6,1.6,0.0,111.4,581.8,1750352,foundation_food
"Spinach, Mature",Vegetable,27.6,2.9,2.6,0.6,1.6,0.0,106.6,459.7,1750353,foundation_food
"Tomato, Roma",Vegetable,22.0,0.7,3.8,0.4,1.0,0.0,0.0,192.8,1750354,foundation_food
"Flour, 00",Grain,357.1,11.4,74.4,1.5,2.7,0.0,0.0,135.5,2003586,foundation_food
"Flour, Spelt, Whole Grain",Grain,363.7,14.5,70.7,2.5,9.3,0.0,0.0,349.8,2003587,foundation_food
"Flour, Semolina, Coarse And Semi-Coarse",Grain,356.6,11.7,73.8,1.6,3.2,0.0,0.0,173.8,2003588,foundation_food
"Flour, Semolina, Fine",Grain,357.8,13.3,72.0,1.8,3.7,0.0,0.4,207.8,2003589,foundation_food
"Apple Juice, With Added Vitamin C, From Concentrate",Fruit,48.4,0.1,11.4,0.3,0.0,10.3,4.9,95.9,2003590,foundation_food
"Orange Juice, No Pulp, Not Fortified",Fruit,47.2,0.7,10.3,0.3,0.0,8.3,5.2,179.5,2003591,foundation_food
"Grape Juice, Purple, With Added Vitamin C",Fruit,66.1,0.3,15.6,0.3,0.0,14.0,4.0,49.8,2003592,foundation_food
"Grape Juice, White, With Added Vitamin C",Fruit,66.1,0.1,15.8,0.3,0.0,14.4,7.2,49.0,2003593,foundation_food
"Cranberry Juice, Not Fortified, From Concentrate",Fruit,32.1,0.0,7.3,0.3,0.0,3.4,6.3,70.6,2003594,foundation_food
"Grapefruit Juice, Red, Not Fortified",Fruit,41.1,0.6,9.1,0.3,0.0,7.1,1.0,128.3,2003595,foundation_food
"Tomato Juice, With Added Ingredients, From Concentrate",Vegetable,23.3,0.9,4.3,0.3,0.0,2.6,235.6,197.6,2003596,foundation_food
"Mushroom, Portabella",Vegetable,32.4,2.8,4.7,0.3,1.9,0.0,5.3,349.3,2003598,foundation_food
"Mushroom, King Oyster",Vegetable,46.4,2.4,8.5,0.3,3.0,0.0,0.8,294.5,2003599,foundation_food
"Mushroom, Enoki",Vegetable,44.4,2.4,8.1,0.2,2.9,0.0,0.4,402.3,2003600,foundation_food
"Mushroom, Crimini",Vegetable,30.2,3.1,4.0,0.2,1.8,0.0,4.6,380.3,2003601,foundation_food
"Mushroom, Maitake",Vegetable,37.6,2.2,6.6,0.3,3.1,0.0,0.3,260.0,2003602,foundation_food
"Mushroom, Beech",Vegetable,39.8,2.2,6.8,0.4,3.1,0.0,0.9,375.9,2003603,foundation_food
"Mushroom, Pioppini",Vegetable,39.2,3.5,5.8,0.2,2.8,0.0,0.0,392.4,2003604,foundation_food
"Soy Milk, Sweetened, Plain",Legume,40.7,2.8,3.0,2.0,0.0,0.0,39.4,117.9,2257044,foundation_food
"Oat Milk, Unsweetened, Plain",Beverage,48.3,0.8,5.1,2.7,0.0,2.3,42.0,148.4,2257046,foundation_food
"Carrots, Mature, Raw",Vegetable,48.0,0.9,10.3,0.4,3.1,0.0,86.6,279.6,2258586,foundation_food
"Peppers, Bell, Green",Vegetable,22.9,0.7,4.8,0.1,0.9,0.0,0.0,163.1,2258588,foundation_food
"Peppers, Bell, Yellow",Vegetable,30.8,0.8,6.6,0.1,1.1,0.0,0.0,197.3,2258589,foundation_food
"Peppers, Bell, Red",Vegetable,31.3,0.9,6.7,0.1,1.2,0.0,0.0,212.7,2258590,foundation_food
"Peppers, Bell, Orange",Vegetable,31.7,0.9,6.7,0.2,1.0,0.0,0.0,200.8,2258591,foundation_food
"Buttermilk, Low Fat",Dairy,42.8,3.5,4.8,1.1,0.0,0.0,92.5,158.0,2259792,foundation_food
"Cheese, Feta, Whole Milk",Dairy,272.9,19.7,5.6,19.1,0.0,1.6,1034.0,105.3,2259796,foundation_food
"Flour, Almond",Nuts,622.0,26.2,16.2,50.2,9.3,0.0,0.9,666.8,2261420,foundation_food
"Flour, Oat, Whole Grain",Grain,389.1,13.2,69.9,6.3,10.5,0.0,3.6,373.1,2261421,foundation_food
"Flour, Potato",Vegetable,360.8,8.1,79.9,1.0,5.4,0.0,47.7,1269.0,2261422,foundation_food
"Peanut Butter, Creamy",Legume,631.6,24.0,22.7,49.4,6.3,0.0,220.7,654.0,2262072,foundation_food
"Sesame Butter, Creamy",Nuts,697.1,19.7,14.2,62.4,8.4,0.0,63.6,407.7,2262073,foundation_food
"Almond Butter, Creamy",Nuts,645.5,20.8,21.2,53.0,9.7,0.0,1.0,745.4,2262074,foundation_food
"Flaxseed, Ground",Nuts,545.1,18.0,34.4,37.3,23.1,0.0,36.7,793.4,2262075,foundation_food
"Grapes, Red, Seedless",Fruit,85.9,0.9,20.2,0.2,0.0,17.3,7.0,229.4,2263890,foundation_food
"Grapes, Green, Seedless",Fruit,80.1,0.9,18.6,0.2,0.0,16.1,3.2,218.1,2263891,foundation_food
"Applesauce, Unsweetened, With Added Vitamin C",Fruit,51.6,0.3,12.3,0.2,0.0,9.7,0.5,107.7,2263892,foundation_food
"Cottage Cheese, Full Fat, Large Or Small Curd",Dairy,102.9,11.6,4.6,4.2,0.0,0.0,349.8,123.6,2346384,foundation_food
"Cream Cheese, Full Fat, Block",Dairy,342.8,5.8,4.6,33.5,0.0,0.0,367.8,124.8,2346385,foundation_food
"Cream, Heavy",Dairy,343.3,2.0,3.8,35.6,0.0,0.0,20.6,96.9,2346386,foundation_food
"Cream, Sour, Full Fat",Dairy,196.4,3.1,5.6,18.0,0.0,0.0,50.0,153.8,2346387,foundation_food
"Lettuce, Iceberg, Raw",Vegetable,17.1,0.7,3.4,0.1,0.0,0.0,16.1,139.3,2346388,foundation_food
"Lettuce, Romaine, Green",Vegetable,20.8,1.0,4.1,0.1,0.0,0.0,23.0,260.4,2346389,foundation_food
"Lettuce, Leaf, Red",Vegetable,17.5,0.9,3.3,0.1,0.0,0.0,24.9,321.4,2346390,foundation_food
"Lettuce, Leaf, Green",Vegetable,22.0,1.1,4.1,0.2,0.0,0.0,28.9,277.1,2346391,foundation_food
"Nuts, Pine Nuts, Raw",Nuts,688.6,15.7,18.6,61.3,3.9,0.0,0.0,654.8,2346392,foundation_food
"Nuts, Almonds, Whole",Nuts,625.8,21.5,20.0,51.1,10.8,0.0,0.0,732.8,2346393,foundation_food
"Nuts, Pecans, Halves",Nuts,750.2,10.0,12.7,73.3,5.8,0.0,0.0,360.3,2346395,foundation_food
"Oats, Whole Grain, Rolled",Grain,381.6,13.5,68.7,5.9,0.0,0.0,0.7,350.1,2346396,foundation_food
"Oats, Whole Grain, Steel Cut",Grain,381.2,12.5,69.8,5.8,0.0,0.0,0.3,375.9,2346397,foundation_food
"Pineapple, Raw",Fruit,60.1,0.5,14.1,0.2,0.9,11.4,0.0,137.1,2346398,foundation_food
"Cherries, Sweet, Dark Red",Fruit,70.5,1.0,16.2,0.2,0.0,13.9,0.0,229.6,2346399,foundation_food
"Potatoes, Russet, Without Skin",Vegetable,83.4,2.3,17.8,0.4,0.0,0.5,2.7,450.1,2346401,foundation_food
"Potatoes, Red, Without Skin",Vegetable,75.6,2.1,16.3,0.2,0.0,0.7,2.9,472.0,2346402,foundation_food
"Potatoes, Gold, Without Skin",Vegetable,73.5,1.8,16.0,0.3,0.0,0.6,2.2,445.8,2346403,foundation_food
"Sweet Potatoes, Orange Flesh, Without Skin",Vegetable,79.0,1.6,17.3,0.4,0.0,6.1,0.0,486.4,2346404,foundation_food
"Cabbage, Green, Raw",Vegetable,31.4,1.0,6.4,0.2,0.0,0.0,16.1,207.1,2346407,foundation_food
"Flour, Amaranth",Grain,384.1,13.2,68.8,6.2,7.2,0.0,0.0,395.8,2512371,foundation_food
"Flour, Quinoa",Grain,385.2,11.9,69.5,6.6,6.3,0.0,6.3,550.9,2512372,foundation_food
"Flour, Sorghum",Grain,374.9,8.3,77.4,3.6,6.0,0.0,0.0,335.1,2512373,foundation_food
"Flour, Buckwheat",Grain,358.0,8.9,75.0,2.5,10.4,0.0,0.0,378.1,2512374,foundation_food
"Flour, Rye",Grain,359.4,8.4,77.2,1.9,13.7,0.0,0.0,434.0,2512375,foundation_food
"Flour, Barley",Grain,366.5,8.7,77.4,2.4,12.8,0.0,20.3,366.6,2512376,foundation_food
"Flour, Cassava",Vegetable,357.4,0.9,87.3,0.5,4.8,0.0,13.1,197.6,2512377,foundation_food
"Buckwheat, Whole Grain",Grain,356.1,11.1,71.1,3.0,4.0,0.0,0.0,414.5,2512378,foundation_food
"Millet, Whole Grain",Grain,375.6,10.0,74.4,4.2,2.6,0.0,0.0,214.1,2512379,foundation_food
"Rice, Brown, Long Grain",Grain,365.5,7.3,76.7,3.3,3.0,0.0,0.0,250.1,2512380,foundation_food
"Rice, White, Long Grain",Grain,358.7,7.0,80.3,1.0,0.1,0.0,0.5,82.3,2512381,foundation_food
"Pork, Ground, Raw",Protein,228.3,17.8,0.0,17.5,0.0,0.0,53.6,317.7,2514745,foundation_food
"Chicken, Ground, With Additives",Protein,133.0,17.9,0.0,7.2,0.0,0.0,63.0,301.7,2514746,foundation_food
"Turkey, Ground, 93% Lean/ 7% Fat",Protein,152.6,17.3,0.0,9.6,0.0,0.0,80.2,246.3,2514747,foundation_food
"Nuts, Brazilnuts, Raw",Nuts,663.6,15.0,21.6,57.4,6.0,0.0,0.0,592.5,2515373,foundation_food
"Nuts, Hazelnuts Or Filberts, Raw",Nuts,641.4,13.5,26.5,53.5,8.4,0.0,0.0,635.9,2515375,foundation_food
"Peanuts, Raw",Legume,588.3,23.2,26.5,43.3,8.0,0.0,1.5,635.6,2515376,foundation_food
"Flour, Chestnut",Nuts,384.7,5.3,80.5,4.6,8.7,0.0,0.0,1032.0,2515377,foundation_food
"Seeds, Pumpkin Seeds (Pepitas), Raw",Nuts,554.6,29.9,18.7,40.0,5.1,0.0,0.0,691.2,2515380,foundation_food
"Seeds, Sunflower Seed, Kernel",Nuts,609.5,18.9,24.5,48.4,7.2,0.0,0.0,656.8,2515381,foundation_food
"Flour, Coconut",Nuts,437.7,16.1,58.9,15.3,34.2,0.0,46.9,2088.0,2515382,foundation_food
"Beans, Cannellini, Dry",Legume,345.2,21.6,59.8,2.2,0.0,0.0,0.0,1424.0,2644281,foundation_food
"Chickpeas, (Garbanzo Beans, Bengal Gram)",Legume,383.0,21.3,60.4,6.3,0.0,0.0,8.8,1074.0,2644282,foundation_food
"Lentils, Dry",Legume,360.3,23.6,62.2,1.9,0.0,0.0,0.0,948.9,2644283,foundation_food
"Blackeye Pea, Dry",Legume,354.0,21.2,61.8,2.4,0.0,0.0,3.5,1243.0,2644284,foundation_food
"Beans, Black, Canned",Legume,118.4,6.9,19.8,1.3,0.0,0.0,217.9,253.1,2644285,foundation_food
"Beans, Navy, Canned",Legume,118.8,6.6,20.0,1.4,0.0,0.0,190.1,183.7,2644286,foundation_food
"Beans, Cannellini, Canned",Legume,115.4,7.4,18.8,1.2,0.0,0.0,164.0,202.6,2644287,foundation_food
"Chickpeas (Garbanzo Beans, Bengal Gram), Canned",Legume,137.2,7.0,20.3,3.1,0.0,0.0,201.7,136.8,2644288,foundation_food
"Beans, Kidney, Dark Red",Legume,126.6,7.8,21.0,1.3,0.0,0.0,172.3,226.9,2644289,foundation_food
"Beans, Kidney, Light Red",Legume,126.7,7.3,21.4,1.3,0.0,0.0,158.5,209.4,2644290,foundation_food
"Peas, Green, Sweet",Vegetable,80.1,4.7,12.7,1.2,0.0,0.0,207.4,109.2,2644291,foundation_food
"Blackeye Pea, Canned, Sodium Added",Legume,116.0,6.9,19.2,1.3,0.0,0.0,226.7,138.1,2644293,foundation_food
"Beans, Great Northern, Canned",Legume,116.8,7.0,19.3,1.3,0.0,0.0,223.1,213.1,2644294,foundation_food
"Pork, Loin, Boneless",Protein,167.8,21.1,0.0,9.5,0.0,0.0,40.2,361.2,2646168,foundation_food
"Pork, Loin, Tenderloin",Protein,119.0,21.6,0.0,3.9,0.0,0.0,41.4,397.4,2646169,foundation_food
"Chicken, Breast, Boneless",Protein,106.0,22.5,0.0,1.9,0.0,0.0,65.8,330.1,2646170,foundation_food
"Chicken, Thigh, Boneless",Protein,144.1,18.6,0.0,7.9,0.0,0.0,62.3,271.8,2646171,foundation_food
"Beef, Ribeye, Steak",Protein,254.1,18.7,0.0,20.0,0.0,0.0,42.5,288.0,2646172,foundation_food
"Beef, Chuck, Roast",Protein,231.7,18.4,0.0,17.8,0.0,0.0,48.4,281.1,2646174,foundation_food
"Yogurt, Plain, Nonfat",Dairy,50.0,4.2,8.1,0.1,0.0,0.0,51.5,210.5,2647437,foundation_food
"Cheese, Monterey Jack, Solid",Dairy,391.7,22.6,1.9,32.6,0.0,0.0,662.2,82.9,2647438,foundation_food
"Cheese, Pasteurized Process Cheese Food Or Product, American",Dairy,309.8,15.6,8.2,23.9,0.0,0.0,1420.0,211.8,2647439,foundation_food
"Cheese, Provolone, Sliced",Dairy,356.8,23.5,2.5,28.1,0.0,0.0,600.9,94.8,2647440,foundation_food
"Cheese, Oaxaca, Solid",Dairy,297.1,22.1,2.4,22.1,0.0,0.0,734.2,80.7,2647441,foundation_food
"Cheese, Queso Fresco, Solid",Dairy,297.6,18.9,3.0,23.4,0.0,0.0,626.5,126.4,2647442,foundation_food
"Cheese, Cotija, Solid",Dairy,351.4,23.8,2.7,27.2,0.0,0.0,1625.0,116.7,2647443,foundation_food
"Fish, Tilapia, Farm Raised",Protein,94.7,19.0,0.0,2.5,0.0,0.0,93.7,342.4,2684442,foundation_food
"Crustaceans, Shrimp, Farm Raised",Protein,71.4,15.6,0.5,0.8,0.0,0.0,474.9,145.9,2684443,foundation_food
"Fish, Catfish, Farm Raised",Protein,129.1,16.5,0.0,7.3,0.0,0.0,60.5,292.3,2684445,foundation_food
"Crustaceans, Crab, Blue Swimming",Protein,81.0,18.6,0.0,0.8,0.0,0.0,331.3,234.8,2684446,foundation_food
"Squash, Summer, Green",Vegetable,19.0,1.0,3.3,0.2,0.8,0.0,0.0,225.8,2685568,foundation_food
"Squash, Summer, Yellow",Vegetable,22.0,0.9,4.4,0.1,1.0,0.0,0.0,220.5,2685569,foundation_food
"Cabbage, Bok Choy, Raw",Vegetable,20.3,1.0,3.5,0.2,1.3,0.0,14.3,227.8,2685572,foundation_food
"Tomatoes, Whole, Canned",Vegetable,22.5,0.9,4.3,0.2,0.9,2.6,111.5,202.9,2685578,foundation_food
"Tomato, Sauce, Canned",Vegetable,34.2,1.4,6.3,0.4,1.6,3.5,416.9,355.5,2685579,foundation_food
"Tomato, Paste, Canned",Vegetable,104.3,4.2,20.2,0.7,4.7,11.7,61.2,971.6,2685580,foundation_food
"Tomato, Puree, Canned",Vegetable,40.8,1.6,8.0,0.3,2.0,4.3,29.4,416.4,2685582,foundation_food
"Milk, Nfs",General,52.0,3.3,4.8,2.1,0.0,0.0,39.0,156.0,2705384,survey_fndds_food
"Milk, Whole",General,61.0,3.3,4.6,3.2,0.0,0.0,38.0,150.0,2705385,survey_fndds_food
"Milk, Reduced Fat (2%)",General,50.0,3.4,4.9,1.9,0.0,0.0,39.0,159.0,2705386,survey_fndds_food
"Milk, Low Fat (1%)",General,43.0,3.4,5.2,1.0,0.0,0.0,39.0,159.0,2705387,survey_fndds_food
"Milk, Fat Free (Skim)",General,34.0,3.4,4.9,0.1,0.0,0.0,41.0,167.0,2705388,survey_fndds_food
"Milk, Lactose Free, Low Fat (1%)",General,43.0,3.4,5.2,1.0,0.0,0.0,39.0,159.0,2705389,survey_fndds_food
"Milk, Lactose Free, Fat Free (Skim)",General,34.0,3.4,4.9,0.1,0.0,0.0,41.0,167.0,2705390,survey_fndds_food
"Milk, Lactose Free, Reduced Fat (2%)",General,50.0,3.4,4.9,1.9,0.0,0.0,39.0,159.0,2705391,survey_fndds_food
"Milk, Lactose Free, Whole",General,61.0,3.3,4.6,3.2,0.0,0.0,38.0,150.0,2705392,survey_fndds_food
Buttermilk,General,43.0,3.5,4.8,1.1,0.0,0.0,92.0,158.0,2705393,survey_fndds_food
Kefir,General,52.0,3.6,7.5,1.0,0.0,0.0,38.0,159.0,2705394,survey_fndds_food
Goat Milk,General,69.0,3.6,4.4,4.1,0.0,0.0,50.0,204.0,2705395,survey_fndds_food
"Milk, Dry, Reconstituted",General,32.0,3.2,4.6,0.1,0.0,0.0,51.0,159.0,2705396,survey_fndds_food
"Milk, Evaporated, Ns As To Fat Content",General,134.0,6.8,10.0,7.6,0.0,0.0,106.0,303.0,2705398,survey_fndds_food
"Milk, Evaporated, Whole",General,134.0,6.8,10.0,7.6,0.0,0.0,106.0,303.0,2705399,survey_fndds_food
"Milk, Evaporated, Reduced Fat (2%)",General,92.0,7.4,11.2,2.0,0.0,0.0,113.0,326.0,2705400,survey_fndds_food
"Milk, Evaporated, Fat Free (Skim)",General,78.0,7.6,11.4,0.2,0.0,0.0,115.0,332.0,2705401,survey_fndds_food
"Milk, Condensed, Sweetened",General,321.0,7.9,54.4,8.7,0.0,0.0,127.0,371.0,2705402,survey_fndds_food
"Non-Dairy Milk, Nfs",General,31.0,1.1,3.0,1.6,0.1,0.0,51.0,52.0,2705403,survey_fndds_food
"Soy Milk, Sweetened",General,53.0,3.4,5.2,2.0,0.0,0.0,33.0,152.0,2705404,survey_fndds_food
"Soy Milk, Unsweetened",General,38.0,3.6,1.3,2.1,0.0,0.0,34.0,158.0,2705405,survey_fndds_food
"Soy Milk, Chocolate",General,64.0,3.4,8.3,2.0,0.1,0.0,32.0,151.0,2705406,survey_fndds_food
"Almond Milk, Sweetened",General,30.0,0.5,4.3,1.2,0.0,0.0,58.0,30.0,2705407,survey_fndds_food
"Almond Milk, Chocolate",General,43.0,0.6,7.4,1.2,0.1,0.0,56.0,33.0,2705408,survey_fndds_food
"Almond Milk, Unsweetened",General,15.0,0.6,0.3,1.2,0.0,0.0,60.0,31.0,2705409,survey_fndds_food
"Almond Milk, Nfs",General,20.0,0.5,1.5,1.2,0.0,0.0,59.0,31.0,2705410,survey_fndds_food
Rice Milk,General,47.0,0.3,9.2,1.0,0.3,0.0,39.0,27.0,2705411,survey_fndds_food
Oat Milk,General,45.0,0.7,5.4,2.3,0.5,0.0,43.0,18.0,2705412,survey_fndds_food
Coconut Milk,General,31.0,0.2,2.9,2.1,0.0,0.0,19.0,19.0,2705413,survey_fndds_food
"Yogurt, Nfs",General,94.0,6.7,10.2,2.9,0.1,0.0,49.0,179.0,2705414,survey_fndds_food
"Yogurt, Greek, Ns As To Type Of Milk Or Flavor",General,91.0,9.1,10.8,1.3,0.1,0.0,35.0,133.0,2705415,survey_fndds_food
"Yogurt, Ns As To Type Of Milk Or Flavor",General,93.0,4.6,15.7,1.3,0.2,0.0,65.0,212.0,2705416,survey_fndds_food
"Yogurt, Ns As To Type Of Milk, Plain",General,63.0,5.2,7.0,1.6,0.0,0.0,70.0,234.0,2705417,survey_fndds_food
"Yogurt, Whole Milk, Plain",General,78.0,3.8,5.6,4.5,0.0,0.0,42.0,164.0,2705418,survey_fndds_food
"Yogurt, Low Fat Milk, Plain",General,63.0,5.2,7.0,1.6,0.0,0.0,70.0,234.0,2705419,survey_fndds_food
"Yogurt, Nonfat Milk, Plain",General,50.0,4.2,8.1,0.1,0.0,0.0,51.0,210.0,2705420,survey_fndds_food
"Yogurt, Greek, Ns As To Type Of Milk",General,67.0,10.2,3.6,1.4,0.0,0.0,36.0,140.0,2705421,survey_fndds_food
"Yogurt, Greek, Whole Milk",General,94.0,8.8,4.8,4.4,0.0,0.0,34.0,147.0,2705422,survey_fndds_food
"Yogurt, Greek, Low Fat Milk",General,67.0,10.2,3.6,1.4,0.0,0.0,36.0,140.0,2705423,survey_fndds_food
"Yogurt, Greek, Nonfat Milk",General,59.0,10.3,3.6,0.4,0.0,0.0,36.0,141.0,2705424,survey_fndds_food
"Yogurt, Ns As To Type Of Milk, Fruit",General,93.0,4.6,15.7,1.3,0.2,0.0,65.0,212.0,2705425,survey_fndds_food
"Yogurt, Whole Milk, Fruit",General,106.0,3.3,14.4,3.9,0.2,0.0,41.0,152.0,2705426,survey_fndds_food
"Yogurt, Low Fat Milk, Fruit",General,93.0,4.6,15.7,1.3,0.2,0.0,65.0,212.0,2705427,survey_fndds_food
"Yogurt, Nonfat Milk, Fruit",General,46.0,3.6,7.6,0.1,0.0,0.0,45.0,181.0,2705428,survey_fndds_food
"Yogurt, Ns As To Type Of Milk, Flavors Other Than Fruit",General,82.0,4.5,13.0,1.4,0.0,0.0,61.0,201.0,2705433,survey_fndds_food
"Yogurt, Whole Milk, Flavors Other Than Fruit",General,95.0,3.3,11.8,3.9,0.0,0.0,36.0,141.0,2705434,survey_fndds_food
"Yogurt, Low Fat Milk, Flavors Other Than Fruit",General,82.0,4.5,13.0,1.4,0.0,0.0,61.0,201.0,2705435,survey_fndds_food
"Yogurt, Nonfat Milk, Flavors Other Than Fruit",General,47.0,3.6,7.9,0.1,0.0,0.0,44.0,181.0,2705436,survey_fndds_food
"Yogurt, Greek, With Oats",General,149.0,9.2,20.0,3.7,1.5,0.0,58.0,161.0,2705441,survey_fndds_food
"Yogurt, Liquid",General,74.0,3.6,12.6,1.1,0.1,0.0,53.0,170.0,2705442,survey_fndds_food
Yogurt Tube,General,81.0,4.3,13.7,1.0,0.1,0.0,60.0,204.0,2705443,survey_fndds_food
"Chipotle Dip, Yogurt Based",General,189.0,7.9,3.3,16.0,0.0,0.0,636.0,119.0,2705444,survey_fndds_food
"Onion Dip, Yogurt Based",General,160.0,6.8,4.1,12.9,0.2,0.0,507.0,126.0,2705445,survey_fndds_food
"Ranch Dip, Yogurt Based",General,195.0,8.5,4.1,16.1,0.3,0.0,646.0,154.0,2705446,survey_fndds_food
"Spinach Dip, Yogurt Based",General,159.0,7.0,3.6,13.0,0.3,0.0,514.0,136.0,2705447,survey_fndds_food
Tzatziki Dip,General,91.0,5.2,4.1,6.0,0.2,0.0,307.0,150.0,2705448,survey_fndds_food
"Vegetable Dip, Yogurt Based",General,191.0,8.2,3.8,16.0,0.3,0.0,641.0,141.0,2705449,survey_fndds_food
"Yogurt Parfait, With Fruit",General,104.0,5.2,16.1,2.2,1.3,0.0,44.0,170.0,2705450,survey_fndds_food
"Frozen Yogurt, Nfs",General,127.0,3.0,21.6,3.6,0.0,0.0,63.0,156.0,2705451,survey_fndds_food
"Frozen Yogurt, Vanilla",General,127.0,3.0,21.6,3.6,0.0,0.0,63.0,156.0,2705452,survey_fndds_food
"Frozen Yogurt, Chocolate",General,131.0,3.0,21.6,3.6,2.3,0.0,63.0,234.0,2705453,survey_fndds_food
"Frozen Yogurt, Soft Serve, Vanilla",General,159.0,4.0,24.2,5.6,0.0,0.0,87.0,211.0,2705454,survey_fndds_food
"Frozen Yogurt, Soft Serve, Chocolate",General,160.0,4.3,24.9,5.8,0.7,0.0,86.0,237.0,2705455,survey_fndds_food
Frozen Yogurt Sandwich,General,204.0,3.9,34.4,6.2,0.8,0.0,192.0,170.0,2705456,survey_fndds_food
"Frozen Yogurt Bar, Vanilla",General,127.0,3.0,21.6,3.6,0.0,0.0,63.0,156.0,2705457,survey_fndds_food
"Frozen Yogurt Bar, Chocolate",General,131.0,3.0,21.6,3.6,2.3,0.0,63.0,234.0,2705458,survey_fndds_food
"Frozen Yogurt Cone, Chocolate",General,142.0,3.2,23.9,3.7,2.3,0.0,71.0,229.0,2705459,survey_fndds_food
"Frozen Yogurt Cone, Vanilla",General,139.0,3.2,23.9,3.7,0.1,0.0,71.0,154.0,2705460,survey_fndds_food
"Frozen Yogurt Cone, Vanilla, Waffle Cone",General,143.0,3.3,25.3,3.6,0.1,0.0,77.0,155.0,2705461,survey_fndds_food
"Frozen Yogurt Cone, Chocolate, Waffle Cone",General,147.0,3.3,25.3,3.6,2.3,0.0,77.0,229.0,2705462,survey_fndds_food
"Baby Toddler Food, Nfs",General,75.0,4.9,9.1,2.2,1.1,0.0,27.0,179.0,2705463,survey_fndds_food
"Baby Toddler Yogurt, Plain",General,78.0,3.8,5.6,4.5,0.0,0.0,42.0,164.0,2705464,survey_fndds_food
"Baby Toddler Yogurt, With Fruit",General,98.0,3.5,11.9,4.0,0.1,0.0,41.0,155.0,2705465,survey_fndds_food
"Chocolate Milk, Nfs",General,65.0,3.4,11.0,0.8,0.1,0.0,68.0,174.0,2705466,survey_fndds_food
"Chocolate Milk, Whole",General,83.0,3.2,10.3,3.4,0.8,0.0,60.0,167.0,2705467,survey_fndds_food
"Chocolate Milk, Reduced Fat (2%)",General,76.0,3.0,12.1,1.9,0.7,0.0,66.0,169.0,2705468,survey_fndds_food
"Chocolate Milk, Fat Free (Skim)",General,67.0,3.4,13.5,0.0,0.0,0.0,79.0,182.0,2705469,survey_fndds_food
"Chocolate Milk, Low Fat (1%)",General,64.0,3.5,10.2,1.1,0.1,0.0,65.0,172.0,2705470,survey_fndds_food
"Chocolate Milk, Reduced Sugar, Nfs",General,65.0,3.1,8.6,2.0,0.0,0.0,46.0,160.0,2705471,survey_fndds_food
"Hot Chocolate / Cocoa, Nfs",General,72.0,1.8,13.9,1.0,0.2,0.0,66.0,124.0,2705472,survey_fndds_food
"Hot Chocolate / Cocoa, Made With Whole Or Reduced Fat (2%) Milk",General,91.0,2.7,16.5,1.5,0.0,0.0,60.0,152.0,2705473,survey_fndds_food
"Hot Chocolate / Cocoa, Made With Lowfat (1%) Or Fat Free (Skim) Milk",General,78.0,2.8,16.6,0.1,0.0,0.0,61.0,159.0,2705474,survey_fndds_food
"Hot Chocolate / Cocoa, Made With Non-Dairy Milk",General,76.0,0.9,15.0,1.3,0.1,0.0,69.0,65.0,2705475,survey_fndds_food
"Hot Chocolate / Cocoa, With Whipped Cream",General,101.0,2.7,16.2,2.8,0.0,0.0,58.0,150.0,2705476,survey_fndds_food
"Chocolate Milk, Nesquik, Ns As To Type Of Milk",General,74.0,3.4,10.1,2.2,0.3,0.0,45.0,164.0,2705477,survey_fndds_food
"Chocolate Milk, Nesquik, Made With Non-Dairy Milk",General,54.0,1.4,8.4,1.6,0.4,0.0,56.0,66.0,2705478,survey_fndds_food
"Chocolate Milk, Reduced Sugar, Whole",General,73.0,3.0,8.4,2.9,0.0,0.0,46.0,155.0,2705479,survey_fndds_food
"Chocolate Milk, Reduced Sugar, Reduced Fat (2%)",General,63.0,3.1,8.6,1.8,0.0,0.0,47.0,163.0,2705480,survey_fndds_food
"Chocolate Milk, Reduced Sugar, Low Fat (1%)",General,57.0,3.1,8.9,1.0,0.0,0.0,47.0,163.0,2705481,survey_fndds_food
"Chocolate Milk, Reduced Sugar, Fat Free (Skim)",General,49.0,3.2,8.6,0.2,0.0,0.0,48.0,170.0,2705482,survey_fndds_food
"Hot Chocolate / Cocoa, Dry Mix, Made With Water",General,54.0,0.9,11.3,0.5,0.5,0.0,71.0,96.0,2705483,survey_fndds_food
"Hot Chocolate / Cocoa, Dry Mix, Made With Whole Or Reduced Fat (2%) Milk",General,97.0,3.8,15.5,2.2,0.5,0.0,102.0,233.0,2705484,survey_fndds_food
"Hot Chocolate / Cocoa, Dry Mix, Made With Lowfat (1%) Or Fat Free (Skim) Milk",General,83.0,3.9,15.5,0.6,0.5,0.0,103.0,240.0,2705485,survey_fndds_food
"Hot Chocolate / Cocoa, Dry Mix, Made With Non-Dairy Milk",General,81.0,1.9,13.9,1.9,0.6,0.0,112.0,141.0,2705486,survey_fndds_food
"Hot Chocolate / Cocoa, Dry Mix, Reduced Sugar",General,31.0,1.3,5.9,0.2,0.6,0.0,75.0,221.0,2705488,survey_fndds_food
"Hot Chocolate / Cocoa, Reduced Sugar, Made With Non-Dairy Milk",General,54.0,1.2,8.9,1.5,0.1,0.0,60.0,77.0,2705490,survey_fndds_food
"Hot Chocolate / Cocoa, Reduced Sugar, Made With Whole Or Reduced Fat (2%) Milk",General,69.0,3.0,10.4,1.7,0.0,0.0,50.0,164.0,2705491,survey_fndds_food
"Hot Chocolate / Cocoa, Reduced Sugar, Made With Lowfat (1%) Or Fat Free (Skim) Milk",General,56.0,3.0,10.4,0.2,0.0,0.0,52.0,171.0,2705493,survey_fndds_food
"Strawberry Milk, Nfs",General,65.0,3.2,8.5,2.1,0.0,0.0,39.0,150.0,2705495,survey_fndds_food
"Strawberry Milk, Whole",General,86.0,3.0,11.8,3.0,0.0,0.0,38.0,139.0,2705496,survey_fndds_food
"Strawberry Milk, Reduced Fat (2%)",General,71.0,3.2,10.7,1.8,0.0,0.0,39.0,150.0,2705497,survey_fndds_food
"Strawberry Milk, Low Fat (1%)",General,69.0,3.1,12.3,0.9,0.0,0.0,39.0,147.0,2705498,survey_fndds_food
"Strawberry Milk, Fat Free  (Skim)",General,61.0,3.2,12.1,0.1,0.0,0.0,41.0,155.0,2705499,survey_fndds_food
"Strawberry Milk, Reduced Sugar",General,59.0,3.3,6.7,2.1,0.0,0.0,39.0,153.0,2705500,survey_fndds_food
"Milk, Malted",General,66.0,3.2,8.6,2.0,0.0,0.0,60.0,149.0,2705501,survey_fndds_food
Eggnog,General,88.0,4.6,8.0,4.2,0.0,0.0,54.0,165.0,2705502,survey_fndds_food
"Milk Shake, Home Recipe, Chocolate",General,120.0,3.5,13.5,6.1,0.5,0.0,52.0,187.0,2705503,survey_fndds_food
"Milk Shake, Home Recipe, Flavors Other Than Chocolate",General,113.0,3.4,11.4,6.0,0.2,0.0,53.0,167.0,2705504,survey_fndds_food
Milk Shake With Malt,General,125.0,3.8,13.6,6.1,0.2,0.0,66.0,190.0,2705507,survey_fndds_food
"Milk Shake, Fast Food, Chocolate",General,150.0,3.7,20.4,6.7,1.6,0.0,80.0,193.0,2705508,survey_fndds_food
"Milk Shake, Fast Food, Flavors Other Than Chocolate",General,148.0,3.4,19.6,6.5,0.9,0.0,81.0,166.0,2705509,survey_fndds_food
"Milk Shake, Bottled, Chocolate",General,150.0,3.7,20.4,6.7,1.6,0.0,80.0,193.0,2705510,survey_fndds_food
"Milk Shake, Bottled, Flavors Other Than Chocolate",General,148.0,3.4,19.6,6.5,0.9,0.0,81.0,166.0,2705511,survey_fndds_food
Licuado Or Batido,General,75.0,2.3,13.2,1.4,0.6,0.0,25.0,179.0,2705512,survey_fndds_food
"Fruit Smoothie, Nfs",General,66.0,2.3,12.0,1.1,1.1,0.0,28.0,174.0,2705513,survey_fndds_food
"Fruit Smoothie, With Whole Fruit And Dairy",General,66.0,2.3,12.0,1.1,1.1,0.0,28.0,174.0,2705514,survey_fndds_food
"Fruit Smoothie, With Whole Fruit And Dairy, Added Protein",General,79.0,7.4,10.0,1.2,1.1,0.0,40.0,173.0,2705515,survey_fndds_food
"Fruit Smoothie Juice Drink, With Dairy",General,65.0,0.9,15.0,0.1,0.9,0.0,14.0,131.0,2705516,survey_fndds_food
Chocolate Milk Drink,General,49.0,0.6,10.7,0.4,0.6,0.0,91.0,79.0,2705517,survey_fndds_food
"Infant Formula, Nfs",General,66.0,1.4,7.1,3.6,0.0,0.0,17.0,70.0,2705518,survey_fndds_food
"Infant Formula, Similac, Nfs",General,65.0,1.4,6.9,3.6,0.0,0.0,17.0,69.0,2705519,survey_fndds_food
"Infant Formula, Similac Alimentum, Ready-To-Feed",General,67.0,1.8,6.8,3.6,0.0,0.0,29.0,77.0,2705520,survey_fndds_food
"Infant Formula, Similac Alimentum, Powder",General,67.0,1.8,6.8,3.6,0.0,0.0,29.0,77.0,2705521,survey_fndds_food
"Infant Formula, Similac Advance, Ready-To-Feed",General,66.0,1.4,6.9,3.6,0.0,0.0,16.0,69.0,2705522,survey_fndds_food
"Infant Formula, Similac Advance, Powder",General,66.0,1.4,6.9,3.6,0.0,0.0,19.0,69.0,2705523,survey_fndds_food
"Infant Formula, Similac Sensitive, Ready-To-Feed",General,65.0,1.4,7.0,3.5,0.0,0.0,20.0,70.0,2705526,survey_fndds_food
"Infant Formula, Similac Sensitive, Powder",General,65.0,1.4,7.0,3.5,0.0,0.0,23.0,70.0,2705527,survey_fndds_food
"Infant Formula, Similac For Spit-Up, Ready-To-Feed",General,65.0,1.4,6.9,3.5,0.0,0.0,19.0,69.0,2705530,survey_fndds_food
"Infant Formula, Similac For Spit-Up, Powder",General,65.0,1.4,6.9,3.5,0.0,0.0,19.0,69.0,2705531,survey_fndds_food
"Toddler Formula, Similac Go And Grow",General,58.0,1.7,5.9,3.1,0.0,0.0,17.0,86.0,2705532,survey_fndds_food
"Infant Formula, Enfamil, Nfs",General,66.0,1.4,7.4,3.5,0.0,0.0,19.0,71.0,2705533,survey_fndds_food
"Infant Formula, Enfamil Infant, Ready-To-Feed",General,66.0,1.4,7.4,3.5,0.0,0.0,18.0,71.0,2705534,survey_fndds_food
"Infant Formula, Enfamil Infant, Powder",General,66.0,1.4,7.4,3.5,0.0,0.0,21.0,71.0,2705535,survey_fndds_food
"Infant Formula, Enfamil Ar, Ready-To-Feed",General,65.0,1.6,7.4,3.2,0.0,0.0,26.0,70.0,2705538,survey_fndds_food
"Infant Formula, Enfamil Ar, Powder",General,65.0,1.6,7.4,3.2,0.0,0.0,26.0,70.0,2705539,survey_fndds_food
"Infant Formula, Enfamil Gentlease, Ready-To-Feed",General,67.0,1.5,7.3,3.5,0.0,0.0,24.0,71.0,2705540,survey_fndds_food
"Infant Formula, Enfamil Gentlease, Powder",General,67.0,1.5,7.3,3.5,0.0,0.0,27.0,71.0,2705541,survey_fndds_food
"Toddler Formula, Enfamil Enfagrow",General,67.0,1.7,7.0,3.5,0.0,0.0,24.0,86.0,2705544,survey_fndds_food
"Toddler Formula, Pediasure",General,99.0,2.9,11.2,4.8,0.0,0.0,36.0,125.0,2705545,survey_fndds_food
"Toddler Formula, Nido Kinder",General,62.0,1.7,6.4,3.3,0.0,0.0,21.0,86.0,2705546,survey_fndds_food
"Toddler Formula, Store Brand, Beginning Or Next Stage",General,62.0,1.7,6.4,3.3,0.0,0.0,21.0,86.0,2705547,survey_fndds_food
"Toddler Formula, Store Brand, Pediatric Shake",General,99.0,2.9,11.2,4.8,0.0,0.0,36.0,125.0,2705548,survey_fndds_food
"Infant Formula, Gerber, Nfs",General,65.0,1.5,7.3,3.3,0.0,0.0,20.0,72.0,2705549,survey_fndds_food
"Infant Formula, Gerber Good Start Gentle, Stage 1",General,66.0,1.4,7.3,3.3,0.0,0.0,18.0,71.0,2705550,survey_fndds_food
"Infant Formula, Gerber Good Start Gentle, Stage 2",General,66.0,1.4,7.3,3.3,0.0,0.0,18.0,71.0,2705554,survey_fndds_food
"Toddler Formula, Gerber Good Start, Stage 3",General,62.0,1.7,6.4,3.3,0.0,0.0,21.0,86.0,2705555,survey_fndds_food
"Infant Formula, Premature, Powder",General,71.0,2.0,7.3,3.8,0.0,0.0,25.0,86.0,2705556,survey_fndds_food
"Infant Formula, Premature, Ready-To-Feed",General,71.0,2.0,7.3,3.8,0.0,0.0,25.0,86.0,2705557,survey_fndds_food
"Infant Formula, Organic, Powder",General,66.0,1.4,7.1,3.6,0.0,0.0,17.0,70.0,2705558,survey_fndds_food
"Infant Formula, Organic, Ready-To-Feed",General,66.0,1.4,7.1,3.6,0.0,0.0,17.0,70.0,2705559,survey_fndds_food
"Infant Formula, Store Brand, Advantage Or Tender",General,66.0,1.4,7.1,3.6,0.0,0.0,20.0,70.0,2705560,survey_fndds_food
"Infant Formula, Store Brand, Gentle Or Sensitivity",General,66.0,1.5,7.2,3.5,0.0,0.0,22.0,71.0,2705563,survey_fndds_food
"Infant Formula, Store Brand, Added Rice",General,65.0,1.5,7.2,3.4,0.0,0.0,23.0,69.0,2705564,survey_fndds_food
"Infant Formula, Enfamil Prosobee, Ready-To-Feed",General,66.0,1.6,7.1,3.5,0.0,0.0,24.0,79.0,2705565,survey_fndds_food
"Infant Formula, Enfamil Prosobee, Powder",General,66.0,1.6,7.1,3.5,0.0,0.0,27.0,79.0,2705566,survey_fndds_food
"Infant Formula, Similac Isomil Soy, Ready-To-Feed",General,65.0,1.6,6.7,3.5,0.0,0.0,28.0,70.0,2705569,survey_fndds_food
"Infant Formula, Similac Isomil Soy, Powder",General,65.0,1.6,6.7,3.5,0.0,0.0,32.0,70.0,2705570,survey_fndds_food
"Infant Formula, Similac For Diarrhea",General,66.0,1.8,6.7,3.6,0.7,0.0,29.0,71.0,2705573,survey_fndds_food
"Infant Formula, Gerber Good Start Soy, Stage 1",General,64.0,1.6,7.1,3.3,0.0,0.0,26.0,74.0,2705574,survey_fndds_food
"Infant Formula, Store Brand, Soy",General,66.0,1.6,6.9,3.5,0.0,0.0,26.0,74.0,2705578,survey_fndds_food
"Infant Formula, Enfamil Nutramigen, Ready-To-Feed",General,67.0,1.8,6.9,3.5,0.0,0.0,31.0,72.0,2705579,survey_fndds_food
"Infant Formula, Enfamil Nutramigen, Powder",General,67.0,1.8,6.9,3.5,0.0,0.0,31.0,72.0,2705580,survey_fndds_food
"Infant Formula, Enfamil Pregestimil, Ready-To-Feed",General,67.0,1.8,6.8,3.6,0.0,0.0,31.0,71.0,2705581,survey_fndds_food
"Infant Formula, Enfamil Pregestimil, Powder",General,67.0,1.8,6.8,3.6,0.0,0.0,31.0,71.0,2705582,survey_fndds_food
"Infant Formula, Amino Acids",General,66.0,1.8,7.2,3.4,0.0,0.0,30.0,71.0,2705583,survey_fndds_food
"Infant Formula, Low Iron",General,66.0,1.4,6.9,3.6,0.0,0.0,15.0,52.0,2705584,survey_fndds_food
"Milk, Dry, Not Reconstituted",General,362.0,36.2,52.0,0.8,0.0,0.0,535.0,1794.0,2705585,survey_fndds_food
"Whey, Sweet, Dry",General,353.0,12.9,74.5,1.1,0.0,0.0,1079.0,2080.0,2705586,survey_fndds_food
"Cocoa Powder, Not Reconstituted",General,228.0,19.6,57.9,13.7,37.0,0.0,21.0,1524.0,2705587,survey_fndds_food
"Chocolate Beverage Powder, Dry Mix, Not Reconstituted",General,400.0,4.6,90.3,2.3,4.5,0.0,136.0,280.0,2705588,survey_fndds_food
"Chocolate Beverage Powder, Light, Dry Mix",General,350.0,9.1,68.3,4.5,9.1,0.0,500.0,1705.0,2705589,survey_fndds_food
"Milk, Malted, Dry Mix",General,372.0,0.0,93.0,0.0,0.0,0.0,530.0,0.0,2705590,survey_fndds_food
"Strawberry Beverage Powder, Dry Mix, Not Reconstituted",General,389.0,0.1,99.1,0.2,0.0,0.0,38.0,6.0,2705591,survey_fndds_food
"Cream, Ns As To Light, Heavy",General,131.0,3.1,4.3,11.5,0.0,0.0,61.0,132.0,2705592,survey_fndds_food
"Cream, Light",General,195.0,3.0,3.7,19.1,0.0,0.0,72.0,136.0,2705593,survey_fndds_food
"Cream, Half And Half",General,131.0,3.1,4.3,11.5,0.0,0.0,61.0,132.0,2705594,survey_fndds_food
"Cream, Half And Half, Flavored",General,130.0,3.1,4.5,11.3,0.0,0.0,60.0,129.0,2705595,survey_fndds_food
"Cream, Half And Half, Fat Free",General,59.0,2.6,9.0,1.4,0.0,0.0,100.0,206.0,2705596,survey_fndds_food
"Cream, Heavy",General,343.0,2.0,3.8,35.6,0.0,0.0,21.0,97.0,2705597,survey_fndds_food
"Cream, Whipped",General,346.0,1.9,9.5,33.4,0.0,0.0,20.0,91.0,2705598,survey_fndds_food
"Coffee Creamer, Nfs",General,136.0,1.0,11.4,10.0,0.0,0.0,67.0,191.0,2705599,survey_fndds_food
"Coffee Creamer, Liquid",General,136.0,1.0,11.4,10.0,0.0,0.0,67.0,191.0,2705600,survey_fndds_food
"Coffee Creamer, Liquid, Flavored",General,251.0,0.7,35.1,13.5,1.1,0.0,67.0,96.0,2705601,survey_fndds_food
"Coffee Creamer, Liquid, Fat Free",General,71.0,0.8,9.1,3.5,0.0,0.0,60.0,177.0,2705602,survey_fndds_food
"Coffee Creamer, Liquid, Sugar Free",General,71.0,0.8,9.1,3.5,0.0,0.0,60.0,177.0,2705605,survey_fndds_food
"Coffee Creamer, Powder",General,529.0,2.5,59.3,32.9,0.0,0.0,124.0,669.0,2705606,survey_fndds_food
"Coffee Creamer, Powder, Flavored",General,482.0,0.7,75.4,21.5,1.2,0.0,123.0,90.0,2705607,survey_fndds_food
"Coffee Creamer, Powder, Fat Free",General,431.0,1.9,73.4,15.7,0.0,0.0,229.0,902.0,2705608,survey_fndds_food
"Coffee Creamer, Powder, Sugar Free",General,529.0,2.5,59.3,32.9,0.0,0.0,124.0,669.0,2705609,survey_fndds_food
"Coffee Creamer, Soy, Liquid",General,136.0,1.0,11.4,10.0,0.0,0.0,67.0,191.0,2705610,survey_fndds_food
Whipped Topping,General,318.0,1.2,23.0,25.3,0.0,0.0,25.0,18.0,2705611,survey_fndds_food
"Whipped Topping, Fat Free",General,224.0,3.0,23.6,13.1,0.0,0.0,72.0,101.0,2705612,survey_fndds_food
"Whipped Topping, Sugar Free",General,224.0,3.0,23.6,13.1,0.0,0.0,72.0,101.0,2705613,survey_fndds_food
"Sour Cream, Regular",General,196.0,3.1,5.6,18.0,0.0,0.0,50.0,154.0,2705614,survey_fndds_food
"Sour Cream, Light",General,136.0,3.5,7.1,10.6,0.0,0.0,83.0,212.0,2705615,survey_fndds_food
"Sour Cream, Fat Free",General,74.0,3.1,15.6,0.0,0.0,0.0,141.0,129.0,2705616,survey_fndds_food
"Sour Cream, Imitation",General,208.0,2.4,6.6,19.5,0.0,0.0,102.0,161.0,2705617,survey_fndds_food
"Dip, Nfs",General,432.0,2.6,3.9,45.2,0.3,0.0,718.0,126.0,2705618,survey_fndds_food
"Chipotle Dip, Regular",General,426.0,2.0,3.2,45.1,0.0,0.0,708.0,91.0,2705619,survey_fndds_food
"Chipotle Dip, Light",General,195.0,1.8,13.2,15.2,0.0,0.0,598.0,118.0,2705620,survey_fndds_food
"Onion Dip, Regular",General,346.0,2.2,3.9,35.8,0.2,0.0,563.0,103.0,2705621,survey_fndds_food
"Onion Dip, Light",General,166.0,2.0,11.9,12.4,0.1,0.0,481.0,125.0,2705622,survey_fndds_food
"Ranch Dip, Regular",General,432.0,2.6,3.9,45.2,0.3,0.0,718.0,126.0,2705623,survey_fndds_food
"Ranch Dip, Light",General,201.0,2.4,14.0,15.2,0.2,0.0,607.0,152.0,2705624,survey_fndds_food
"Spinach Dip, Regular",General,345.0,2.4,3.4,35.8,0.3,0.0,570.0,113.0,2705625,survey_fndds_food
"Spinach Dip, Light",General,165.0,2.2,11.4,12.4,0.3,0.0,488.0,134.0,2705626,survey_fndds_food
"Vegetable Dip, Regular",General,429.0,2.2,3.6,45.1,0.3,0.0,713.0,112.0,2705627,survey_fndds_food
"Vegetable Dip, Light",General,198.0,2.0,13.6,15.2,0.3,0.0,602.0,138.0,2705628,survey_fndds_food
"Ice Cream, Nfs",General,221.0,3.6,26.4,11.3,0.8,0.0,90.0,203.0,2705629,survey_fndds_food
"Ice Cream, Vanilla",General,207.0,3.5,23.6,11.0,0.7,0.0,80.0,199.0,2705630,survey_fndds_food
"Ice Cream, Vanilla, With Additional Ingredients",General,242.0,3.7,30.5,11.8,1.0,0.0,105.0,209.0,2705631,survey_fndds_food
"Ice Cream, Chocolate",General,216.0,3.8,28.2,11.0,1.2,0.0,76.0,249.0,2705632,survey_fndds_food
"Ice Cream, Chocolate, With Additional Ingredients",General,249.0,3.9,34.4,11.8,1.5,0.0,102.0,251.0,2705633,survey_fndds_food
"Ice Cream, Soft Serve, Vanilla",General,180.0,4.8,29.5,4.8,0.3,0.0,74.0,208.0,2705634,survey_fndds_food
"Ice Cream, Soft Serve, Chocolate",General,187.0,5.0,25.7,7.2,0.8,0.0,71.0,170.0,2705635,survey_fndds_food
"Gelato, Vanilla",General,249.0,3.5,22.3,16.2,0.0,0.0,61.0,157.0,2705636,survey_fndds_food
"Gelato, Chocolate",General,251.0,4.7,19.8,17.0,0.9,0.0,57.0,238.0,2705637,survey_fndds_food
"Ice Cream Bar, Vanilla",General,358.0,2.1,37.1,25.3,1.1,0.0,84.0,71.0,2705638,survey_fndds_food
"Ice Cream Bar, Vanilla, Chocolate Coated",General,331.0,4.1,24.5,24.1,0.8,0.0,68.0,305.0,2705639,survey_fndds_food
Ice Cream Candy Bar,General,323.0,4.4,30.9,20.2,0.6,0.0,92.0,238.0,2705640,survey_fndds_food
"Ice Cream Bar, Chocolate",General,329.0,4.4,25.2,23.9,1.5,0.0,67.0,329.0,2705641,survey_fndds_food
"Ice Cream Sandwich, Vanilla",General,264.0,4.3,35.9,11.8,1.4,0.0,205.0,202.0,2705642,survey_fndds_food
"Ice Cream Sandwich, Chocolate",General,270.0,4.5,39.3,11.8,1.8,0.0,202.0,239.0,2705643,survey_fndds_food
Ice Cream Cookie Sandwich,General,317.0,4.6,43.4,14.1,1.7,0.0,232.0,170.0,2705644,survey_fndds_food
"Ice Cream Cone, Scooped, Vanilla",General,215.0,3.7,25.8,10.8,0.8,0.0,87.0,196.0,2705645,survey_fndds_food
"Ice Cream Cone, Nfs",General,229.0,3.8,28.5,11.1,0.9,0.0,97.0,199.0,2705647,survey_fndds_food
"Ice Cream Cone, Scooped, Chocolate",General,224.0,4.0,30.2,10.8,1.3,0.0,83.0,244.0,2705648,survey_fndds_food
"Ice Cream Cone, Soft Serve, Vanilla",General,189.0,4.9,31.4,4.9,0.4,0.0,81.0,204.0,2705650,survey_fndds_food
"Ice Cream Cone, Soft Serve, Chocolate",General,196.0,5.1,27.8,7.2,0.9,0.0,78.0,168.0,2705651,survey_fndds_food
"Ice Cream Cone, Vanilla, Prepackaged",General,354.0,5.2,34.4,21.9,1.0,0.0,94.0,222.0,2705654,survey_fndds_food
"Ice Cream Cone, Chocolate, Prepackaged",General,353.0,5.4,34.6,21.8,1.4,0.0,93.0,235.0,2705655,survey_fndds_food
"Ice Cream Soda, Flavors Other Than Chocolate",General,85.0,0.9,14.0,2.9,0.2,0.0,31.0,53.0,2705656,survey_fndds_food
"Ice Cream Soda, Chocolate",General,87.0,1.0,15.2,2.9,0.3,0.0,30.0,66.0,2705657,survey_fndds_food
"Ice Cream Sundae, Nfs",General,243.0,3.7,31.9,11.2,1.1,0.0,137.0,215.0,2705658,survey_fndds_food
"Ice Cream Sundae, Fruit Topping",General,221.0,2.7,32.7,9.2,0.7,0.0,65.0,163.0,2705659,survey_fndds_food
Banana Split,General,199.0,2.4,32.6,6.9,1.0,0.0,97.0,212.0,2705660,survey_fndds_food
"Ice Cream Sundae, Hot Fudge Topping",General,243.0,3.7,31.9,11.2,1.1,0.0,137.0,215.0,2705661,survey_fndds_food
"Ice Cream Sundae, Caramel Topping",General,213.0,3.0,30.6,9.2,0.5,0.0,136.0,166.0,2705662,survey_fndds_food
"Ice Cream, Fried",General,282.0,3.9,32.8,15.2,1.2,0.0,159.0,184.0,2705663,survey_fndds_food
"Light Ice Cream, Nfs",General,174.0,4.4,25.4,6.1,0.2,0.0,85.0,202.0,2705664,survey_fndds_food
"Light Ice Cream, Vanilla",General,174.0,4.4,25.4,6.1,0.2,0.0,85.0,202.0,2705665,survey_fndds_food
"Light Ice Cream, Chocolate",General,180.0,4.3,26.2,6.5,0.8,0.0,73.0,183.0,2705666,survey_fndds_food
"Soft Serve, Blended With Candy Or Cookies, From Fast Food",General,176.0,4.0,26.2,6.1,0.2,0.0,64.0,203.0,2705667,survey_fndds_food
"Light Ice Cream Sandwich, Vanilla",General,239.0,4.9,37.3,8.2,1.0,0.0,209.0,204.0,2705668,survey_fndds_food
"Light Ice Cream Sandwich, Chocolate",General,243.0,4.8,37.9,8.4,1.5,0.0,200.0,190.0,2705669,survey_fndds_food
"Light Ice Cream Bar, Vanilla",General,236.0,3.2,18.8,16.6,0.1,0.0,64.0,149.0,2705670,survey_fndds_food
"Light Ice Cream Bar, Vanilla, Chocolate Coated",General,236.0,3.4,19.2,16.6,0.5,0.0,63.0,163.0,2705671,survey_fndds_food
"Light Ice Cream Bar, Chocolate",General,240.0,3.3,19.7,16.9,1.0,0.0,55.0,149.0,2705672,survey_fndds_food
Creamsicle,General,165.0,1.5,32.8,3.1,0.0,0.0,46.0,174.0,2705673,survey_fndds_food
Fudgesicle,General,163.0,2.6,30.0,3.7,1.0,0.0,104.0,177.0,2705674,survey_fndds_food
"Light Ice Cream Cone, Vanilla, Prepackaged",General,223.0,5.4,34.2,7.3,0.7,0.0,133.0,212.0,2705675,survey_fndds_food
"Light Ice Cream Cone, Chocolate, Prepackaged",General,227.0,5.3,34.9,7.6,1.3,0.0,124.0,197.0,2705676,survey_fndds_food
"Sherbet, All Flavors",General,144.0,1.1,30.4,2.0,1.3,0.0,46.0,96.0,2705677,survey_fndds_food
"Fudgesicle, Light",General,124.0,3.7,23.1,1.9,1.5,0.0,96.0,253.0,2705678,survey_fndds_food
"Pudding, Chocolate, Nfs",General,142.0,2.1,23.0,4.6,0.0,0.0,152.0,184.0,2705679,survey_fndds_food
"Pudding, Bread",General,156.0,5.6,23.5,4.9,1.0,0.0,206.0,211.0,2705680,survey_fndds_food
"Pudding, Flavors Other Than Chocolate, Nfs",General,130.0,1.4,22.6,3.8,0.0,0.0,172.0,65.0,2705681,survey_fndds_food
Custard,General,97.0,5.1,11.0,3.6,0.0,0.0,84.0,158.0,2705682,survey_fndds_food
Flan,General,178.0,5.2,28.2,4.9,0.0,0.0,163.0,129.0,2705683,survey_fndds_food
Creme Brulee,General,113.0,4.1,17.8,2.8,0.0,0.0,74.0,150.0,2705684,survey_fndds_food
"Pudding, Rice",General,108.0,3.2,18.4,2.2,0.3,0.0,97.0,125.0,2705685,survey_fndds_food
"Firni, Indian Pudding",General,144.0,3.6,25.1,3.1,0.3,0.0,30.0,136.0,2705686,survey_fndds_food
"Pudding, Tapioca, Made From Dry Mix",General,130.0,2.0,21.7,3.9,0.0,0.0,145.0,92.0,2705687,survey_fndds_food
"Pudding, Flavors Other Than Chocolate, Made From Dry Mix",General,106.0,2.8,19.4,1.9,0.0,0.0,264.0,132.0,2705688,survey_fndds_food
"Pudding, Chocolate, Made From Dry Mix",General,113.0,3.1,20.3,2.1,0.7,0.0,362.0,171.0,2705689,survey_fndds_food
"Pudding, Flavors Other Than Chocolate, Ready-To-Eat",General,130.0,1.4,22.6,3.8,0.0,0.0,172.0,65.0,2705692,survey_fndds_food
"Pudding, Chocolate, Ready-To-Eat",General,142.0,2.1,23.0,4.6,0.0,0.0,152.0,184.0,2705694,survey_fndds_food
"Pudding, Tapioca, Ready-To-Eat",General,130.0,2.0,21.7,3.9,0.0,0.0,145.0,92.0,2705696,survey_fndds_food
Banana Pudding,General,160.0,2.6,28.0,4.3,0.7,0.0,128.0,149.0,2705697,survey_fndds_food
Mousse,General,212.0,4.2,16.2,15.1,0.6,0.0,34.0,154.0,2705698,survey_fndds_food
Dulce De Leche,General,315.0,6.8,55.4,7.4,0.0,0.0,129.0,350.0,2705699,survey_fndds_food
"Barfi Or Burfi, Indian Dessert",General,284.0,5.4,40.4,11.4,0.4,0.0,71.0,185.0,2705700,survey_fndds_food
Trifle,General,169.0,3.5,23.2,7.2,0.4,0.0,180.0,125.0,2705701,survey_fndds_food
Tiramisu,General,353.0,5.6,29.4,23.9,0.6,0.0,173.0,150.0,2705702,survey_fndds_food
White Sauce Or Gravy,General,144.0,3.8,9.2,10.2,0.2,0.0,323.0,157.0,2705703,survey_fndds_food
"Cheese, Nfs",General,381.0,20.7,4.3,31.3,0.0,0.0,964.0,129.0,2705704,survey_fndds_food
"Cheese, Blue Or Roquefort",General,353.0,21.4,2.3,28.7,0.0,0.0,1146.0,256.0,2705705,survey_fndds_food
"Cheese, Brick",General,371.0,23.2,2.8,29.7,0.0,0.0,560.0,136.0,2705706,survey_fndds_food
"Cheese, Camembert",General,300.0,19.8,0.5,24.3,0.0,0.0,842.0,187.0,2705707,survey_fndds_food
"Cheese, Brie",General,334.0,20.8,0.4,27.7,0.0,0.0,629.0,152.0,2705708,survey_fndds_food
"Cheese, Cheddar",General,409.0,23.3,2.4,34.0,0.0,0.0,654.0,77.0,2705709,survey_fndds_food
"Cheese, Cheddar, Reduced Fat",General,316.0,27.4,2.7,20.4,0.0,0.0,628.0,63.0,2705710,survey_fndds_food
"Cheese, Cheddar, Nonfat Or Fat Free",General,157.0,32.1,7.1,0.0,0.0,0.0,1000.0,66.0,2705711,survey_fndds_food
"Cheese, Colby",General,394.0,23.8,2.6,32.1,0.0,0.0,604.0,127.0,2705712,survey_fndds_food
"Cheese, Colby Jack",General,393.0,23.2,2.2,32.4,0.0,0.0,633.0,105.0,2705713,survey_fndds_food
"Cheese, Feta",General,273.0,19.7,5.6,19.1,0.0,0.0,1034.0,105.0,2705714,survey_fndds_food
"Cheese, Fontina",General,389.0,25.6,1.6,31.1,0.0,0.0,800.0,64.0,2705715,survey_fndds_food
"Cheese, Goat",General,364.0,21.6,0.1,29.8,0.0,0.0,415.0,158.0,2705716,survey_fndds_food
"Cheese, Gouda Or Edam",General,356.0,24.9,2.2,27.4,0.0,0.0,819.0,121.0,2705717,survey_fndds_food
"Cheese, Gruyere",General,413.0,29.8,0.4,32.3,0.0,0.0,714.0,81.0,2705718,survey_fndds_food
"Cheese, Limburger",General,327.0,20.0,0.5,27.2,0.0,0.0,800.0,128.0,2705719,survey_fndds_food
"Cheese, Monterey",General,392.0,22.6,1.9,32.6,0.0,0.0,662.0,83.0,2705720,survey_fndds_food
"Cheese, Monterey, Reduced Fat",General,313.0,28.2,0.7,21.6,0.0,0.0,781.0,81.0,2705721,survey_fndds_food
"Cheese, Mozzarella, Nfs",General,296.0,23.7,4.4,20.4,0.0,0.0,699.0,116.0,2705722,survey_fndds_food
"Cheese, Mozzarella, Part Skim",General,296.0,23.7,4.4,20.4,0.0,0.0,699.0,116.0,2705723,survey_fndds_food
"Cheese, Mozzarella, Reduced Sodium",General,280.0,27.5,3.1,17.1,0.0,0.0,16.0,95.0,2705724,survey_fndds_food
"Cheese, Mozzarella, Nonfat Or Fat Free",General,141.0,31.7,3.5,0.0,1.8,0.0,743.0,106.0,2705725,survey_fndds_food
"Cheese, Muenster",General,368.0,23.4,1.1,30.0,0.0,0.0,628.0,134.0,2705726,survey_fndds_food
"Cheese, Muenster, Reduced Fat",General,271.0,24.7,3.5,17.6,0.0,0.0,600.0,134.0,2705727,survey_fndds_food
"Cheese, Parmesan, Dry Grated",General,412.0,29.9,8.4,28.8,0.0,0.0,1398.0,129.0,2705728,survey_fndds_food
"Cheese, Parmesan, Hard",General,412.0,29.9,8.4,28.8,0.0,0.0,1398.0,129.0,2705730,survey_fndds_food
"Cheese, Port Du Salut",General,356.0,24.9,2.2,27.4,0.0,0.0,819.0,121.0,2705732,survey_fndds_food
"Cheese, Provolone",General,357.0,23.4,2.4,28.1,0.0,0.0,601.0,95.0,2705733,survey_fndds_food
"Cheese, Provolone, Reduced Fat",General,274.0,24.7,3.5,17.6,0.0,0.0,615.0,138.0,2705734,survey_fndds_food
"Cheese, Swiss",General,393.0,27.0,1.4,31.0,0.0,0.0,185.0,71.0,2705735,survey_fndds_food
"Cheese, Swiss, Reduced Sodium",General,374.0,28.4,3.4,27.4,0.0,0.0,14.0,111.0,2705736,survey_fndds_food
"Cheese, Swiss, Reduced Fat",General,179.0,28.4,3.4,5.1,0.0,0.0,199.0,111.0,2705737,survey_fndds_food
"Cheese, Swiss, Nonfat Or Fat Free",General,127.0,28.4,3.4,0.0,0.0,0.0,1000.0,111.0,2705738,survey_fndds_food
"Cheese, Cheddar, Reduced Sodium",General,398.0,24.4,1.9,32.6,0.0,0.0,21.0,112.0,2705739,survey_fndds_food
"Cheese, Paneer",General,299.0,15.9,22.5,15.5,0.0,0.0,185.0,728.0,2705740,survey_fndds_food
"Cheese, Mexican Blend",General,362.0,21.9,2.4,29.3,0.0,0.0,710.0,93.0,2705741,survey_fndds_food
"Cheese, Mexican Blend, Reduced Fat",General,282.0,24.7,3.4,19.4,0.0,0.0,776.0,93.0,2705742,survey_fndds_food
"Queso Anejo, Aged Mexican Cheese",General,373.0,21.4,4.6,30.0,0.0,0.0,1131.0,87.0,2705743,survey_fndds_food
Queso Asadero,General,297.0,22.1,2.4,22.1,0.0,0.0,734.0,81.0,2705744,survey_fndds_food
Queso Fresco,General,298.0,18.9,3.0,23.4,0.0,0.0,626.0,126.0,2705745,survey_fndds_food
Queso Cotija,General,351.0,23.8,2.7,27.2,0.0,0.0,1625.0,117.0,2705746,survey_fndds_food
"Cheese, Cottage, Nfs",General,82.0,11.0,4.3,2.3,0.0,0.0,321.0,120.0,2705747,survey_fndds_food
"Cheese, Cottage, Creamed",General,103.0,11.6,4.6,4.2,0.0,0.0,350.0,124.0,2705748,survey_fndds_food
"Cottage Cheese, Farmer'S",General,148.0,11.0,4.3,9.7,0.0,0.0,330.0,117.0,2705749,survey_fndds_food
"Cheese, Ricotta",General,148.0,9.6,6.0,9.5,0.0,0.0,102.0,178.0,2705750,survey_fndds_food
"Cheese, Cottage, With Fruit",General,74.0,9.4,4.9,2.0,0.2,0.0,273.0,116.0,2705751,survey_fndds_food
"Cheese, Cottage, With Vegetables",General,79.0,9.8,5.6,2.0,0.7,0.0,278.0,127.0,2705752,survey_fndds_food
"Cheese, Cottage, Dry Curd",General,72.0,10.3,6.7,0.3,0.0,0.0,372.0,137.0,2705753,survey_fndds_food
"Cheese, Cottage, Salted",General,71.0,10.2,6.6,0.3,0.0,0.0,755.0,136.0,2705754,survey_fndds_food
Puerto Rican White Cheese,General,298.0,18.9,3.0,23.4,0.0,0.0,626.0,126.0,2705755,survey_fndds_food
"Cheese, Cottage, Low Fat",General,82.0,11.0,4.3,2.3,0.0,0.0,321.0,120.0,2705756,survey_fndds_food
"Cheese, Cottage, Lowfat",General,85.0,7.3,10.3,1.6,0.3,0.0,209.0,122.0,2705757,survey_fndds_food
"Cream Cheese, Regular, Plain",General,343.0,5.8,4.6,33.5,0.0,0.0,368.0,125.0,2705760,survey_fndds_food
"Cream Cheese, Regular, Flavored",General,275.0,8.2,14.1,20.6,0.0,0.0,574.0,160.0,2705761,survey_fndds_food
"Cream Cheese, Light",General,264.0,9.1,5.6,22.7,0.0,0.0,479.0,176.0,2705762,survey_fndds_food
"Cheese, American And Swiss Blends",General,340.0,16.8,7.2,27.2,0.0,0.0,1430.0,207.0,2705763,survey_fndds_food
"Cheese, American",General,340.0,16.8,7.2,27.2,0.0,0.0,1430.0,207.0,2705764,survey_fndds_food
"Cheese, American, Reduced Fat",General,240.0,17.6,10.6,14.1,0.0,0.0,1201.0,330.0,2705765,survey_fndds_food
"Cheese, American, Nonfat Or Fat Free",General,126.0,21.0,10.5,0.0,0.0,0.0,1316.0,393.0,2705766,survey_fndds_food
"Cheese, American, Reduced Sodium",General,376.0,22.2,1.6,31.2,0.0,0.0,7.0,162.0,2705767,survey_fndds_food
"Cheese Spread, American Or Cheddar Cheese Base, Reduced Fat",General,176.0,13.4,10.7,8.9,0.0,0.0,1102.0,250.0,2705768,survey_fndds_food
"Cream Cheese, Fat Free",General,105.0,15.7,7.7,1.0,0.0,0.0,702.0,278.0,2705769,survey_fndds_food
"Cheese, Processed Cheese Food",General,307.0,16.1,8.8,23.1,0.0,0.0,1279.0,295.0,2705770,survey_fndds_food
"Cheese, Processed, With Vegetables",General,356.0,14.1,3.5,31.7,0.1,0.0,946.0,101.0,2705771,survey_fndds_food
"Cheese, With Wine",General,307.0,16.1,8.8,23.1,0.0,0.0,1279.0,295.0,2705772,survey_fndds_food
"Cheese Spread, American Or Cheddar Cheese Base",General,290.0,16.4,8.7,21.2,0.0,0.0,1625.0,242.0,2705773,survey_fndds_food
"Cheese Spread, Swiss Cheese Base",General,290.0,16.4,8.7,21.2,0.0,0.0,1625.0,242.0,2705774,survey_fndds_food
"Cheese Spread, Cream Cheese",General,295.0,7.1,3.5,28.6,0.0,0.0,436.0,112.0,2705775,survey_fndds_food
"Cheese Spread, Pressurized Can",General,290.0,16.4,8.7,21.2,0.0,0.0,1625.0,242.0,2705776,survey_fndds_food
Imitation Cheese,General,390.0,25.0,1.0,32.0,0.0,0.0,670.0,55.0,2705777,survey_fndds_food
"Cheese, Cottage Cheese, With Gelatin Dessert",General,83.0,6.8,9.0,2.3,0.0,0.0,223.0,67.0,2705778,survey_fndds_food
"Cheese, Cottage Cheese, With Gelatin Dessert And Fruit",General,75.0,5.3,9.9,1.7,0.4,0.0,170.0,85.0,2705779,survey_fndds_food
"Cheese, Cottage Cheese, With Gelatin Dessert And Vegetables",General,85.0,8.0,7.1,2.8,0.2,0.0,254.0,103.0,2705780,survey_fndds_food
Cheese Ball,General,441.0,17.9,4.8,38.9,1.2,0.0,554.0,194.0,2705781,survey_fndds_food
Artichoke Dip,General,331.0,3.9,5.8,32.7,0.9,0.0,607.0,130.0,2705782,survey_fndds_food
Spinach And Artichoke Dip,General,329.0,4.2,5.1,32.8,1.2,0.0,620.0,148.0,2705783,survey_fndds_food
Seafood Dip,General,337.0,6.2,4.2,32.8,0.2,0.0,715.0,102.0,2705784,survey_fndds_food
Cheese Dip With Chili Pepper,General,143.0,3.1,11.1,9.5,0.7,0.0,796.0,105.0,2705785,survey_fndds_food
Cheese Dip,General,163.0,3.1,7.9,13.3,0.3,0.0,656.0,27.0,2705786,survey_fndds_food
Topping From Cheese Pizza,General,230.0,16.9,7.6,14.7,1.0,0.0,713.0,261.0,2705787,survey_fndds_food
Topping From Vegetable Pizza,General,247.0,15.6,12.2,15.6,1.9,0.0,805.0,311.0,2705788,survey_fndds_food
Topping From Meat Pizza,General,321.0,19.2,5.6,24.5,0.7,0.0,934.0,302.0,2705789,survey_fndds_food
Topping From Meat And Vegetable Pizza,General,299.0,17.6,7.7,22.0,1.0,0.0,837.0,322.0,2705790,survey_fndds_food
Cheese Fondue,General,276.0,19.3,2.0,21.2,0.0,0.0,303.0,85.0,2705791,survey_fndds_food
Cheese Souffle,General,207.0,9.4,6.4,16.0,0.1,0.0,314.0,131.0,2705792,survey_fndds_food
Welsh Rarebit,General,165.0,7.5,6.3,12.3,0.1,0.0,280.0,151.0,2705793,survey_fndds_food
"Cheese Sandwich, Nfs",General,297.0,12.5,31.9,13.3,1.4,0.0,853.0,154.0,2705794,survey_fndds_food
"Cheese Sandwich, American Cheese, On White Bread",General,297.0,12.5,31.9,13.3,1.4,0.0,853.0,154.0,2705795,survey_fndds_food
"Cheese Sandwich, American Cheese, On Wheat Bread",General,295.0,13.6,29.7,13.5,3.2,0.0,848.0,196.0,2705796,survey_fndds_food
"Cheese Sandwich, Cheddar Cheese, On White Bread",General,325.0,15.1,30.0,16.1,1.4,0.0,534.0,101.0,2705797,survey_fndds_food
"Cheese Sandwich, Cheddar Cheese, On Wheat Bread",General,323.0,16.3,27.7,16.3,3.2,0.0,528.0,143.0,2705798,survey_fndds_food
"Cheese Sandwich, Reduced Fat Cheese, On White Bread",General,256.0,12.8,33.3,7.9,1.4,0.0,759.0,205.0,2705799,survey_fndds_food
"Cheese Sandwich, Reduced Fat Cheese, On Wheat Bread",General,254.0,14.0,31.1,8.1,3.2,0.0,753.0,247.0,2705800,survey_fndds_food
"Grilled Cheese Sandwich, Nfs",General,343.0,11.0,28.1,20.8,1.2,0.0,822.0,139.0,2705801,survey_fndds_food
"Grilled Cheese Sandwich, American Cheese, On White Bread",General,343.0,11.0,28.1,20.8,1.2,0.0,822.0,139.0,2705802,survey_fndds_food
"Grilled Cheese Sandwich, American Cheese, On Wheat Bread",General,341.0,12.0,26.1,21.0,2.8,0.0,817.0,176.0,2705803,survey_fndds_food
"Grilled Cheese Sandwich, Cheddar Cheese, On White Bread",General,368.0,13.4,26.4,23.3,1.2,0.0,541.0,91.0,2705804,survey_fndds_food
"Grilled Cheese Sandwich, Cheddar Cheese, On Wheat Bread",General,366.0,14.4,24.4,23.5,2.8,0.0,536.0,128.0,2705805,survey_fndds_food
"Grilled Cheese Sandwich, Reduced Fat Cheese, On White Bread",General,307.0,11.3,29.3,16.0,1.2,0.0,739.0,183.0,2705806,survey_fndds_food
"Grilled Cheese Sandwich, Reduced Fat Cheese, On Wheat Bread",General,305.0,12.3,27.4,16.2,2.8,0.0,734.0,220.0,2705807,survey_fndds_food
Cheese Sauce,General,163.0,3.1,7.9,13.3,0.3,0.0,656.0,27.0,2705808,survey_fndds_food
Alfredo Sauce,General,150.0,2.1,1.8,15.0,0.0,0.0,552.0,39.0,2705809,survey_fndds_food
Alfredo Sauce With Added Vegetables,General,122.0,2.1,2.6,11.5,0.4,0.0,423.0,102.0,2705810,survey_fndds_food
Alfredo Sauce With Meat,General,171.0,6.5,1.4,15.3,0.0,0.0,520.0,89.0,2705811,survey_fndds_food
Alfredo Sauce With Meat And Added Vegetables,General,148.0,6.5,2.2,12.5,0.3,0.0,415.0,140.0,2705812,survey_fndds_food
Alfredo Sauce With Poultry,General,156.0,6.9,1.4,13.6,0.0,0.0,518.0,87.0,2705813,survey_fndds_food
Alfredo Sauce With Poultry And Added Vegetables,General,133.0,6.8,2.2,10.8,0.3,0.0,413.0,138.0,2705814,survey_fndds_food
Alfredo Sauce With Seafood,General,145.0,5.9,2.0,12.5,0.0,0.0,541.0,98.0,2705815,survey_fndds_food
Alfredo Sauce With Seafood And Added Vegetables,General,122.0,5.9,2.7,9.7,0.3,0.0,436.0,150.0,2705816,survey_fndds_food
"Mozzarella Sticks, Breaded, Baked",General,325.0,14.8,25.1,18.3,2.0,0.0,861.0,108.0,2705817,survey_fndds_food
"Mozzarella Cheese, Tomato, And Basil",General,139.0,7.2,3.9,10.9,0.8,0.0,209.0,182.0,2705818,survey_fndds_food
"Meat, Nfs",General,215.0,27.1,0.0,11.3,0.0,0.0,363.0,352.0,2705819,survey_fndds_food
"Meat, Ground, Nfs",General,262.0,25.6,0.0,17.0,0.0,0.0,382.0,304.0,2705820,survey_fndds_food
"Baby Toddler Meat, Nfs",General,112.0,12.6,1.2,6.0,0.0,0.0,47.0,155.0,2705821,survey_fndds_food
"Beef, Nfs",General,231.0,27.1,0.0,13.0,0.0,0.0,372.0,319.0,2705822,survey_fndds_food
"Steak, Ns As To Type Of Meat, Ns As To Fat Eaten",General,230.0,27.0,0.0,13.0,0.0,0.0,367.0,321.0,2705823,survey_fndds_food
"Beef, Steak, Nfs",General,229.0,27.0,0.0,12.9,0.0,0.0,369.0,321.0,2705824,survey_fndds_food
"Beef, Steak, Chuck",General,225.0,26.0,0.2,13.4,0.0,0.0,380.0,308.0,2705825,survey_fndds_food
"Beef, Steak, Cube",General,187.0,28.8,0.0,7.1,0.0,0.0,379.0,417.0,2705826,survey_fndds_food
"Beef, Steak, Flank",General,243.0,29.1,0.0,14.1,0.0,0.0,370.0,296.0,2705827,survey_fndds_food
"Beef, Steak, Ribeye",General,260.0,25.0,0.0,17.7,0.0,0.0,362.0,270.0,2705828,survey_fndds_food
"Beef, Steak, Round",General,166.0,29.7,0.0,4.2,0.0,0.0,382.0,430.0,2705831,survey_fndds_food
"Beef, Steak, Sirloin",General,239.0,27.1,0.0,14.0,0.0,0.0,361.0,315.0,2705832,survey_fndds_food
"Beef, Steak, Strip",General,239.0,27.1,0.0,14.0,0.0,0.0,361.0,315.0,2705835,survey_fndds_food
"Beef, Steak, T-Bone",General,252.0,26.2,0.0,15.6,0.0,0.0,372.0,267.0,2705838,survey_fndds_food
"Beef, Steak, Tenderloin",General,196.0,30.5,0.0,8.2,0.0,0.0,366.0,387.0,2705841,survey_fndds_food
"Beef, Steak, Country Fried",General,306.0,19.9,7.9,21.0,0.3,0.0,432.0,247.0,2705842,survey_fndds_food
"Beef, Oxtails",General,257.0,25.9,0.0,16.5,0.0,0.0,357.0,269.0,2705843,survey_fndds_food
"Beef, Neck Bones",General,257.0,25.9,0.0,16.5,0.0,0.0,357.0,269.0,2705844,survey_fndds_food
"Beef, Shortribs",General,253.0,18.2,12.1,14.1,0.3,0.0,650.0,293.0,2705845,survey_fndds_food
"Beef, Cow Head",General,257.0,25.9,0.0,16.5,0.0,0.0,357.0,269.0,2705846,survey_fndds_food
"Beef, Roast",General,206.0,29.1,0.0,9.7,0.0,0.0,372.0,332.0,2705847,survey_fndds_food
"Beef, Pot Roast",General,251.0,28.4,0.0,15.4,0.0,0.0,370.0,282.0,2705848,survey_fndds_food
"Beef, Stew Meat",General,251.0,28.4,0.0,15.4,0.0,0.0,370.0,282.0,2705849,survey_fndds_food
"Beef, Corned",General,251.0,18.2,0.5,19.0,0.0,0.0,973.0,145.0,2705850,survey_fndds_food
"Beef, Brisket",General,231.0,29.4,0.0,12.0,0.0,0.0,377.0,285.0,2705851,survey_fndds_food
"Beef, Sandwich Steak",General,326.0,18.3,0.0,27.6,0.0,0.0,359.0,233.0,2705852,survey_fndds_food
"Beef, Ground, Raw",General,213.0,18.4,0.0,14.9,0.0,0.0,373.0,293.0,2705853,survey_fndds_food
"Beef, Ground",General,261.0,25.6,0.0,16.8,0.0,0.0,381.0,302.0,2705854,survey_fndds_food
"Beef, Ground, Patty",General,272.0,25.4,0.0,18.2,0.0,0.0,383.0,294.0,2705855,survey_fndds_food
"Beef, Bacon, Cooked",General,449.0,31.3,1.4,34.4,0.0,0.0,1500.0,412.0,2705856,survey_fndds_food
"Beef, Bacon, Reduced Sodium",General,541.0,37.0,1.4,41.8,0.0,0.0,1030.0,565.0,2705857,survey_fndds_food
"Beef, Dried, Chipped",General,153.0,31.1,2.8,1.9,0.0,0.0,2790.0,235.0,2705858,survey_fndds_food
Beef Jerky,General,410.0,33.2,11.0,25.6,1.8,0.0,1785.0,597.0,2705860,survey_fndds_food
Baby Toddler Beef,General,81.0,12.0,2.4,2.5,0.0,0.0,41.0,187.0,2705861,survey_fndds_food
"Pork, Nfs",General,192.0,27.1,0.0,8.7,0.0,0.0,348.0,402.0,2705862,survey_fndds_food
"Pork, Ground",General,299.0,26.9,0.0,21.2,0.0,0.0,395.0,342.0,2705863,survey_fndds_food
"Pork, Carnitas",General,271.0,24.6,0.0,18.3,0.0,0.0,440.0,299.0,2705864,survey_fndds_food
Pork Jerky,General,412.0,35.0,9.7,24.7,0.0,0.0,1810.0,426.0,2705865,survey_fndds_food
"Pork, Chop, Ns As To Fat Eaten",General,183.0,27.5,0.0,7.6,0.0,0.0,354.0,429.0,2705866,survey_fndds_food
"Pork, Chop, Lean And Fat Eaten",General,195.0,27.0,0.0,9.2,0.0,0.0,351.0,422.0,2705867,survey_fndds_food
"Pork, Chop, Lean Only Eaten",General,171.0,28.0,0.0,5.9,0.0,0.0,356.0,437.0,2705868,survey_fndds_food
"Pork, Chop, Coated",General,219.0,25.5,7.2,9.2,0.4,0.0,385.0,397.0,2705869,survey_fndds_food
"Pork, Chop, Stuffed",General,190.0,18.4,7.8,9.0,1.0,0.0,414.0,293.0,2705872,survey_fndds_food
"Pork, Steak, Ns As To Fat Eaten",General,247.0,25.9,0.0,15.1,0.0,0.0,317.0,330.0,2705873,survey_fndds_food
"Pork, Steak, Lean And Fat Eaten",General,264.0,25.2,0.0,17.4,0.0,0.0,316.0,323.0,2705874,survey_fndds_food
"Pork, Steak, Lean Only Eaten",General,230.0,26.7,0.0,12.8,0.0,0.0,318.0,337.0,2705875,survey_fndds_food
"Pork, Steak, Coated",General,275.0,24.2,7.2,15.8,0.4,0.0,352.0,310.0,2705876,survey_fndds_food
"Pork, Tenderloin",General,134.0,24.6,0.1,3.4,0.0,0.0,339.0,462.0,2705877,survey_fndds_food
Ham,General,117.0,19.0,1.6,3.9,0.0,0.0,1149.0,371.0,2705878,survey_fndds_food
"Ham, Prosciutto",General,195.0,27.8,0.3,8.3,0.0,0.0,2695.0,510.0,2705879,survey_fndds_food
"Ham, Canned",General,167.0,20.9,0.5,8.4,0.0,0.0,1068.0,351.0,2705880,survey_fndds_food
"Ham, Ground",General,167.0,20.9,0.5,8.4,0.0,0.0,1068.0,351.0,2705881,survey_fndds_food
"Pork, Roast",General,181.0,26.6,0.0,7.5,0.0,0.0,353.0,350.0,2705882,survey_fndds_food
"Pork, Roll",General,329.0,13.1,4.5,28.4,0.0,0.0,1377.0,399.0,2705883,survey_fndds_food
"Canadian Bacon, Cooked",General,146.0,28.3,1.8,2.8,0.0,0.0,993.0,999.0,2705884,survey_fndds_food
"Bacon, Ns As To Type Of Meat, Cooked",General,484.0,37.4,1.9,35.8,0.0,0.0,1757.0,528.0,2705885,survey_fndds_food
"Bacon, Ns As To Type Of Meat, Reduced Sodium",General,253.0,13.3,4.8,20.0,0.0,0.0,900.0,156.0,2705886,survey_fndds_food
"Pork Bacon, Ns As To Fresh, Smoked Or Cured",General,484.0,37.4,1.9,35.8,0.0,0.0,1757.0,528.0,2705887,survey_fndds_food
"Pork Bacon, Smoked Or Cured, Cooked",General,468.0,33.9,1.7,35.1,0.0,0.0,1684.0,499.0,2705889,survey_fndds_food
"Bacon Or Side Pork, Fresh, Cooked",General,468.0,33.9,1.7,35.1,0.0,0.0,1684.0,499.0,2705890,survey_fndds_food
"Pork Bacon, Smoked Or Cured, Reduced Sodium",General,541.0,37.0,1.4,41.8,0.0,0.0,1030.0,565.0,2705891,survey_fndds_food
"Fat Back, Cooked",General,750.0,2.7,0.0,81.9,0.0,0.0,2039.0,47.0,2705892,survey_fndds_food
"Ribs, Nfs",General,254.0,16.5,12.1,15.0,0.3,0.0,674.0,244.0,2705893,survey_fndds_food
"Pork, Ribs",General,254.0,16.2,12.1,15.1,0.3,0.0,678.0,236.0,2705894,survey_fndds_food
"Pork, Cracklings",General,569.0,45.0,0.0,41.7,0.0,0.0,1289.0,126.0,2705895,survey_fndds_food
"Pork, Ears",General,236.0,26.2,0.0,13.8,0.0,0.0,364.0,338.0,2705896,survey_fndds_food
"Pork, Bones",General,236.0,26.2,0.0,13.8,0.0,0.0,364.0,338.0,2705897,survey_fndds_food
"Pork, Pig'S Feet",General,236.0,21.8,0.0,15.9,0.0,0.0,380.0,33.0,2705898,survey_fndds_food
"Pork, Pig'S Feet, Pickled",General,140.0,11.6,0.0,10.0,0.0,0.0,946.0,13.0,2705899,survey_fndds_food
"Pork, Ham Hocks",General,268.0,14.6,1.1,22.8,0.0,0.0,1040.0,257.0,2705900,survey_fndds_food
"Pork, Belly",General,404.0,26.6,0.0,32.2,0.0,0.0,448.0,284.0,2705901,survey_fndds_food
Pork Skin Rinds,General,544.0,61.3,0.0,31.3,0.0,0.0,1818.0,127.0,2705902,survey_fndds_food
Baby Toddler Ham,General,97.0,11.3,3.7,3.8,0.0,0.0,44.0,204.0,2705903,survey_fndds_food
Baby Toddler Meat Stick,General,188.0,13.7,1.4,14.2,0.2,0.0,295.0,120.0,2705904,survey_fndds_food
"Lamb, Ns As To Cut",General,292.0,24.3,0.0,20.8,0.0,0.0,379.0,308.0,2705905,survey_fndds_food
"Lamb, Chop",General,264.0,27.4,0.0,16.3,0.0,0.0,387.0,349.0,2705906,survey_fndds_food
"Lamb, Ground",General,281.0,24.6,0.0,19.5,0.0,0.0,388.0,336.0,2705907,survey_fndds_food
Goat,General,142.0,26.9,0.0,3.0,0.0,0.0,392.0,402.0,2705908,survey_fndds_food
"Veal, Chop",General,158.0,29.5,0.1,4.4,0.0,0.0,391.0,237.0,2705909,survey_fndds_food
"Veal, Ground",General,213.0,25.6,1.5,11.7,0.0,0.0,452.0,243.0,2705910,survey_fndds_food
Mock Chicken Legs,General,242.0,21.5,8.0,13.6,0.3,0.0,313.0,254.0,2705911,survey_fndds_food
Rabbit,General,204.0,30.1,0.0,8.3,0.0,0.0,344.0,298.0,2705912,survey_fndds_food
"Venison, Nfs",General,167.0,28.1,0.0,5.3,0.0,0.0,374.0,378.0,2705913,survey_fndds_food
"Venison, Steak",General,149.0,30.0,0.0,2.4,0.0,0.0,364.0,395.0,2705914,survey_fndds_food
Venison/Deer Jerky,General,398.0,32.2,14.7,22.4,0.0,0.0,2955.0,391.0,2705915,survey_fndds_food
Venison Sausage,General,312.0,20.2,0.0,25.1,0.0,0.0,829.0,287.0,2705916,survey_fndds_food
Moose,General,133.0,29.0,0.0,1.0,0.0,0.0,376.0,331.0,2705917,survey_fndds_food
Bear,General,257.0,32.2,0.0,13.3,0.0,0.0,378.0,261.0,2705918,survey_fndds_food
Caribou,General,166.0,29.5,0.0,4.4,0.0,0.0,367.0,308.0,2705919,survey_fndds_food
Bison,General,178.0,25.2,0.0,8.6,0.0,0.0,383.0,350.0,2705920,survey_fndds_food
Groundhog,General,159.0,28.1,0.0,4.3,0.0,0.0,367.0,393.0,2705921,survey_fndds_food
Opossum,General,219.0,30.0,0.0,10.1,0.0,0.0,365.0,435.0,2705922,survey_fndds_food
Squirrel,General,172.0,30.5,0.0,4.6,0.0,0.0,425.0,349.0,2705923,survey_fndds_food
Beaver,General,210.0,34.6,0.0,6.9,0.0,0.0,366.0,400.0,2705924,survey_fndds_food
Raccoon,General,253.0,29.0,0.0,14.4,0.0,0.0,386.0,395.0,2705925,survey_fndds_food
Armadillo,General,159.0,28.1,0.0,4.3,0.0,0.0,367.0,393.0,2705926,survey_fndds_food
Wild Pig,General,159.0,28.1,0.0,4.3,0.0,0.0,367.0,393.0,2705927,survey_fndds_food
Ostrich,General,174.0,25.9,0.0,7.0,0.0,0.0,402.0,320.0,2705928,survey_fndds_food
"Chicken, Ns As To Part And Cooking Method, Ns As To Skin Eaten",General,164.0,26.8,0.0,6.4,0.0,0.0,345.0,279.0,2705929,survey_fndds_food
"Chicken, Ns As To Part And Cooking Method, Skin Eaten",General,196.0,25.1,0.1,10.6,0.0,0.0,343.0,270.0,2705930,survey_fndds_food
"Chicken, Ns As To Part And Cooking Method, Skin Not Eaten",General,164.0,26.8,0.0,6.4,0.0,0.0,345.0,279.0,2705931,survey_fndds_food
"Chicken, Ns As To Part, Baked",General,165.0,27.3,0.0,5.3,0.0,0.0,353.0,311.0,2705932,survey_fndds_food
"Chicken, Ns As To Part, Rotisserie",General,164.0,26.8,0.0,6.4,0.0,0.0,345.0,279.0,2705935,survey_fndds_food
"Chicken, Ns As To Part, Stewed",General,156.0,26.0,0.0,5.4,0.0,0.0,366.0,293.0,2705938,survey_fndds_food
"Chicken, Ns As To Part, Grilled Without Sauce",General,179.0,26.7,0.0,7.2,0.0,0.0,386.0,304.0,2705941,survey_fndds_food
"Chicken, Ns As To Part, Grilled With Sauce",General,180.0,22.0,7.3,6.4,0.2,0.0,527.0,290.0,2705944,survey_fndds_food
"Chicken, Ns As To Part, Sauteed",General,217.0,24.2,0.0,12.6,0.0,0.0,372.0,268.0,2705947,survey_fndds_food
"Chicken, Ns As To Part, Fried",General,251.0,21.8,7.1,15.0,0.2,0.0,671.0,264.0,2705949,survey_fndds_food
"Chicken Breast, Ns As To Cooking Method, Skin Eaten",General,175.0,26.4,0.1,7.7,0.0,0.0,329.0,276.0,2705953,survey_fndds_food
"Chicken Breast, Ns As To Cooking Method, Skin Not Eaten",General,144.0,28.0,0.0,3.6,0.0,0.0,328.0,284.0,2705954,survey_fndds_food
"Chicken Breast, Baked, Broiled",General,192.0,26.2,0.0,8.8,0.0,0.0,336.0,298.0,2705955,survey_fndds_food
"Chicken Breast, Baked Or Broiled, Skin Eaten",General,175.0,26.4,0.1,7.7,0.0,0.0,329.0,276.0,2705957,survey_fndds_food
"Chicken Breast, Baked Or Broiled, Skin Not Eaten",General,144.0,28.0,0.0,3.6,0.0,0.0,328.0,284.0,2705958,survey_fndds_food
"Chicken Breast, Rotisserie, Skin Eaten",General,175.0,26.4,0.1,7.7,0.0,0.0,329.0,276.0,2705963,survey_fndds_food
"Chicken Breast, Rotisserie, Skin Not Eaten",General,144.0,28.0,0.0,3.6,0.0,0.0,328.0,284.0,2705964,survey_fndds_food
"Chicken Breast, Stewed, Skin Eaten",General,181.0,24.7,0.0,8.3,0.0,0.0,316.0,280.0,2705965,survey_fndds_food
"Chicken Breast, Stewed, Skin Not Eaten",General,149.0,28.0,0.0,3.3,0.0,0.0,333.0,332.0,2705966,survey_fndds_food
"Chicken Breast, Grilled Without Sauce, Skin Eaten",General,206.0,25.7,0.0,10.6,0.0,0.0,329.0,292.0,2705967,survey_fndds_food
"Chicken Breast, Grilled Without Sauce, Skin Not Eaten",General,176.0,29.6,0.0,5.4,0.0,0.0,353.0,352.0,2705968,survey_fndds_food
"Chicken Breast, Grilled With Sauce, Skin Eaten",General,202.0,21.2,7.3,9.2,0.2,0.0,454.0,280.0,2705969,survey_fndds_food
"Chicken Breast, Grilled With Sauce, Skin Not Eaten",General,178.0,24.3,7.3,4.9,0.2,0.0,473.0,329.0,2705970,survey_fndds_food
"Chicken Breast, Sauteed, Skin Eaten",General,206.0,25.7,0.0,10.6,0.0,0.0,329.0,292.0,2705971,survey_fndds_food
"Chicken Breast, Sauteed, Skin Not Eaten",General,176.0,29.6,0.0,5.4,0.0,0.0,353.0,352.0,2705972,survey_fndds_food
"Chicken Breast, Fried, Coated",General,243.0,21.5,6.0,14.1,0.2,0.0,299.0,245.0,2705973,survey_fndds_food
"Chicken Breast, Baked, Coated",General,207.0,23.8,4.0,9.9,0.2,0.0,320.0,270.0,2705980,survey_fndds_food
"Chicken Leg, Drumstick And Thigh, Ns As To Cooking Method",General,218.0,23.8,0.1,13.6,0.0,0.0,358.0,265.0,2705982,survey_fndds_food
"Chicken Leg, Drumstick And Thigh, Baked Or Broiled",General,214.0,23.2,0.0,12.8,0.0,0.0,341.0,249.0,2705984,survey_fndds_food
"Chicken Leg, Drumstick And Thigh, Rotisserie",General,218.0,23.8,0.1,13.6,0.0,0.0,358.0,265.0,2705986,survey_fndds_food
"Chicken Leg, Drumstick And Thigh, Stewed",General,211.0,22.4,0.0,13.4,0.0,0.0,396.0,237.0,2705988,survey_fndds_food
"Chicken Leg, Drumstick And Thigh, Grilled Without Sauce",General,228.0,22.6,0.0,14.5,0.0,0.0,414.0,244.0,2705990,survey_fndds_food
"Chicken Leg, Drumstick And Thigh, Grilled With Sauce",General,220.0,18.6,7.3,12.3,0.2,0.0,578.0,240.0,2705992,survey_fndds_food
"Chicken Leg, Drumstick And Thigh, Sauteed",General,228.0,22.6,0.0,14.5,0.0,0.0,414.0,244.0,2705994,survey_fndds_food
"Chicken Leg, Drumstick And Thigh, Fried",General,260.0,19.0,6.0,17.2,0.2,0.0,353.0,207.0,2705996,survey_fndds_food
"Chicken Leg, Drumstick And Thigh, Baked",General,226.0,21.0,4.0,13.4,0.2,0.0,428.0,227.0,2705998,survey_fndds_food
"Chicken Drumstick, Ns As To Cooking Method, Skin Eaten",General,206.0,25.6,0.1,11.5,0.0,0.0,392.0,279.0,2706000,survey_fndds_food
"Chicken Drumstick, Ns As To Cooking Method, Skin Not Eaten",General,172.0,27.7,0.0,6.8,0.0,0.0,403.0,291.0,2706001,survey_fndds_food
"Chicken Drumstick, Baked, Broiled",General,190.0,23.2,0.0,10.1,0.0,0.0,353.0,246.0,2706002,survey_fndds_food
"Chicken Drumstick, Baked Or Broiled, Skin Eaten",General,206.0,25.6,0.1,11.5,0.0,0.0,392.0,279.0,2706004,survey_fndds_food
"Chicken Drumstick, Baked Or Broiled, Skin Not Eaten",General,172.0,27.7,0.0,6.8,0.0,0.0,403.0,291.0,2706005,survey_fndds_food
"Chicken Drumstick, Rotisserie, Skin Eaten",General,206.0,25.6,0.1,11.5,0.0,0.0,392.0,279.0,2706008,survey_fndds_food
"Chicken Drumstick, Rotisserie, Skin Not Eaten",General,172.0,27.7,0.0,6.8,0.0,0.0,403.0,291.0,2706009,survey_fndds_food
"Chicken Drumstick, Grilled Without Sauce, Skin Eaten",General,204.0,22.7,0.0,11.8,0.0,0.0,427.0,240.0,2706010,survey_fndds_food
"Chicken Drumstick, Grilled Without Sauce, Skin Not Eaten",General,169.0,23.6,0.0,7.5,0.0,0.0,432.0,249.0,2706011,survey_fndds_food
"Chicken Drumstick, Grilled With Sauce, Skin Eaten",General,200.0,18.7,7.3,10.2,0.2,0.0,588.0,237.0,2706012,survey_fndds_food
"Chicken Drumstick, Grilled With Sauce, Skin Not Eaten",General,172.0,19.4,7.3,6.6,0.2,0.0,592.0,245.0,2706013,survey_fndds_food
"Chicken Drumstick, Stewed, Skin Eaten",General,186.0,22.5,0.0,10.6,0.0,0.0,417.0,227.0,2706014,survey_fndds_food
"Chicken Drumstick, Stewed, Skin Not Eaten",General,148.0,23.7,0.0,5.9,0.0,0.0,423.0,237.0,2706015,survey_fndds_food
"Chicken Drumstick, Sauteed, Skin Eaten",General,204.0,22.7,0.0,11.8,0.0,0.0,427.0,240.0,2706016,survey_fndds_food
"Chicken Drumstick, Sauteed, Skin Not Eaten",General,169.0,23.6,0.0,7.5,0.0,0.0,432.0,249.0,2706017,survey_fndds_food
"Chicken Drumstick, Fried, Coated",General,241.0,19.1,6.0,15.1,0.2,0.0,363.0,204.0,2706018,survey_fndds_food
"Chicken Drumstick, Baked, Coated",General,205.0,21.0,4.0,11.0,0.2,0.0,439.0,224.0,2706025,survey_fndds_food
"Chicken Thigh, Ns As To Cooking Method, Skin Eaten",General,226.0,22.5,0.1,15.1,0.0,0.0,335.0,255.0,2706027,survey_fndds_food
"Chicken Thigh, Ns As To Cooking Method, Skin Not Eaten",General,193.0,24.1,0.0,10.7,0.0,0.0,335.0,262.0,2706028,survey_fndds_food
"Chicken Thigh, Baked, Broiled",General,231.0,23.1,0.0,14.6,0.0,0.0,332.0,252.0,2706029,survey_fndds_food
"Chicken Thigh, Baked Or Broiled, Skin Eaten",General,226.0,22.5,0.1,15.1,0.0,0.0,335.0,255.0,2706031,survey_fndds_food
"Chicken Thigh, Baked Or Broiled, Skin Not Eaten",General,193.0,24.1,0.0,10.7,0.0,0.0,335.0,262.0,2706032,survey_fndds_food
"Chicken Thigh, Rotisserie, Skin Eaten",General,226.0,22.5,0.1,15.1,0.0,0.0,335.0,255.0,2706035,survey_fndds_food
"Chicken Thigh, Rotisserie, Skin Not Eaten",General,193.0,24.1,0.0,10.7,0.0,0.0,335.0,262.0,2706036,survey_fndds_food
"Chicken Thigh, Stewed, Skin Eaten",General,227.0,22.4,0.0,15.3,0.0,0.0,383.0,243.0,2706037,survey_fndds_food
"Chicken Thigh, Stewed, Skin Not Eaten",General,175.0,24.4,0.0,8.6,0.0,0.0,384.0,264.0,2706038,survey_fndds_food
"Chicken Thigh, Grilled Without Sauce, Skin Eaten",General,243.0,22.6,0.0,16.3,0.0,0.0,406.0,246.0,2706039,survey_fndds_food
"Chicken Thigh, Grilled Without Sauce, Skin Not Eaten",General,192.0,24.1,0.0,9.9,0.0,0.0,410.0,262.0,2706040,survey_fndds_food
"Chicken Thigh, Grilled With Sauce, Skin Eaten",General,233.0,18.6,7.3,13.8,0.2,0.0,571.0,242.0,2706041,survey_fndds_food
"Chicken Thigh, Grilled With Sauce, Skin Not Eaten",General,191.0,19.8,7.3,8.6,0.2,0.0,575.0,255.0,2706042,survey_fndds_food
"Chicken Thigh, Sauteed, Skin Eaten",General,243.0,22.6,0.0,16.3,0.0,0.0,406.0,246.0,2706043,survey_fndds_food
"Chicken Thigh, Sauteed, Skin Not Eaten",General,192.0,24.1,0.0,9.9,0.0,0.0,410.0,262.0,2706044,survey_fndds_food
"Chicken Thigh, Fried, Coated",General,273.0,19.0,6.0,18.6,0.2,0.0,346.0,209.0,2706045,survey_fndds_food
"Chicken Thigh, Baked, Coated",General,240.0,21.0,4.0,15.0,0.2,0.0,420.0,229.0,2706054,survey_fndds_food
"Chicken Wing, Ns As To Cooking Method",General,257.0,23.4,0.6,18.0,0.0,0.0,579.0,285.0,2706056,survey_fndds_food
"Chicken Wing, Baked, Broiled",General,252.0,23.6,0.0,16.7,0.0,0.0,404.0,210.0,2706057,survey_fndds_food
"Chicken Wing, Baked Or Broiled, From Pre-Cooked",General,257.0,23.4,0.6,18.0,0.0,0.0,579.0,285.0,2706058,survey_fndds_food
"Chicken Wing, Baked Or Broiled, From Fast Food / Restaurant",General,264.0,23.1,0.0,18.4,0.0,0.0,478.0,206.0,2706059,survey_fndds_food
"Chicken Wing, Rotisserie",General,257.0,23.4,0.6,18.0,0.0,0.0,579.0,285.0,2706060,survey_fndds_food
"Chicken Wing, Stewed",General,247.0,22.6,0.0,16.7,0.0,0.0,374.0,138.0,2706061,survey_fndds_food
"Chicken Wing, Grilled Without Sauce",General,265.0,23.1,0.0,18.4,0.0,0.0,402.0,206.0,2706062,survey_fndds_food
"Chicken Wing, Grilled With Sauce",General,250.0,19.0,7.3,15.5,0.2,0.0,568.0,210.0,2706063,survey_fndds_food
"Chicken Wing, Sauteed",General,265.0,23.1,0.0,18.4,0.0,0.0,402.0,206.0,2706064,survey_fndds_food
"Chicken Wing, Fried, Coated",General,289.0,19.4,6.0,20.2,0.2,0.0,419.0,176.0,2706065,survey_fndds_food
"Chicken Wing, Baked, Coated",General,260.0,21.4,4.0,16.9,0.2,0.0,417.0,193.0,2706069,survey_fndds_food
"Chicken ""Wings"" With Hot Sauce, From Fast Food / Restaurant",General,272.0,16.8,6.2,20.2,0.1,0.0,842.0,213.0,2706070,survey_fndds_food
"Chicken ""Wings"" With Other Sauces Or Seasoning, From Fast Food / Restaurant",General,276.0,17.0,13.1,17.4,0.2,0.0,761.0,257.0,2706071,survey_fndds_food
"Chicken ""Wings"", Plain, From Fast Food / Restaurant",General,323.0,17.8,15.0,21.3,0.3,0.0,843.0,221.0,2706072,survey_fndds_food
"Chicken ""Wings"" With Hot Sauce, From Precooked",General,254.0,17.6,2.5,19.5,0.0,0.0,741.0,221.0,2706073,survey_fndds_food
"Chicken ""Wings"" With Other Sauces Or Seasoning, From Precooked",General,258.0,17.7,9.4,16.7,0.2,0.0,660.0,265.0,2706074,survey_fndds_food
"Chicken ""Wings"", Plain, From Precooked",General,294.0,18.6,7.2,20.6,0.3,0.0,461.0,170.0,2706075,survey_fndds_food
"Chicken ""Wings"" With Hot Sauce, From Other Sources",General,267.0,17.0,5.1,20.0,0.1,0.0,812.0,215.0,2706076,survey_fndds_food
"Chicken ""Wings"" With Other Sauces Or Seasoning, From Other Sources",General,271.0,17.2,12.0,17.2,0.2,0.0,731.0,259.0,2706077,survey_fndds_food
"Chicken ""Wings"", Plain, From Other Sources",General,314.0,18.0,12.6,21.1,0.3,0.0,729.0,206.0,2706078,survey_fndds_food
"Chicken ""Wings"", Boneless, With Hot Sauce",General,282.0,12.4,20.0,16.9,0.9,0.0,877.0,232.0,2706079,survey_fndds_food
"Chicken, Back",General,298.0,25.7,0.0,20.8,0.0,0.0,409.0,208.0,2706081,survey_fndds_food
"Chicken, Neck Or Ribs",General,245.0,19.4,0.0,18.0,0.0,0.0,374.0,107.0,2706082,survey_fndds_food
"Chicken, Tail",General,454.0,20.4,0.0,40.7,0.0,0.0,65.0,136.0,2706083,survey_fndds_food
Chicken Skin,General,450.0,20.2,0.0,40.3,0.0,0.0,387.0,135.0,2706084,survey_fndds_food
Chicken Feet,General,215.0,19.4,0.2,14.6,0.0,0.0,67.0,31.0,2706085,survey_fndds_food
"Chicken, Canned, Meat Only",General,185.0,25.3,0.9,8.1,0.0,0.0,482.0,153.0,2706086,survey_fndds_food
"Chicken, Chicken Roll, Roasted",General,164.0,26.7,0.0,6.3,0.0,0.0,499.0,278.0,2706087,survey_fndds_food
"Chicken Patty, Breaded",General,287.0,14.8,12.8,19.6,0.3,0.0,532.0,261.0,2706088,survey_fndds_food
"Chicken Fillet, Breaded",General,240.0,14.6,14.9,13.6,1.7,0.0,527.0,281.0,2706089,survey_fndds_food
"Chicken Fillet, Grilled",General,151.0,22.3,2.4,5.8,0.0,0.0,450.0,226.0,2706090,survey_fndds_food
"Chicken, Ground",General,201.0,27.1,0.0,10.3,0.0,0.0,400.0,292.0,2706091,survey_fndds_food
"Chicken Nuggets, Nfs",General,307.0,15.9,14.9,20.4,0.9,0.0,594.0,251.0,2706092,survey_fndds_food
"Chicken Nuggets, From Fast Food",General,307.0,15.9,14.9,20.4,0.9,0.0,594.0,251.0,2706093,survey_fndds_food
"Chicken Nuggets, From Restaurant",General,307.0,15.9,14.9,20.4,0.9,0.0,594.0,251.0,2706094,survey_fndds_food
"Chicken Nuggets, From School Lunch",General,270.0,15.7,22.9,12.9,2.2,0.0,511.0,231.0,2706095,survey_fndds_food
"Chicken Nuggets, From Frozen",General,298.0,13.4,17.9,19.2,1.8,0.0,600.0,229.0,2706096,survey_fndds_food
"Chicken Nuggets, From Other Sources",General,304.0,15.2,15.8,20.0,1.2,0.0,596.0,244.0,2706097,survey_fndds_food
"Chicken Tenders Or Strips, Nfs",General,271.0,19.2,17.2,14.0,1.2,0.0,769.0,373.0,2706098,survey_fndds_food
"Chicken Tenders Or Strips, Breaded, From Fast Food",General,271.0,19.2,17.2,14.0,1.2,0.0,769.0,373.0,2706099,survey_fndds_food
"Chicken Tenders Or Strips, Breaded, From Restaurant",General,283.0,18.8,16.9,15.6,1.2,0.0,791.0,365.0,2706100,survey_fndds_food
"Chicken Tenders Or Strips, Breaded, From School Lunch",General,270.0,15.7,22.9,12.9,2.2,0.0,511.0,231.0,2706101,survey_fndds_food
"Chicken Tenders Or Strips, Breaded, From Frozen",General,240.0,14.6,14.9,13.6,1.7,0.0,527.0,281.0,2706102,survey_fndds_food
"Chicken Tenders Or Strips, Breaded, From Other Sources",General,262.0,17.8,16.5,13.8,1.4,0.0,696.0,345.0,2706103,survey_fndds_food
"Turkey, Nfs",General,139.0,28.8,0.0,2.1,0.0,0.0,467.0,247.0,2706104,survey_fndds_food
"Turkey, Light Meat, Skin Not Eaten",General,139.0,28.8,0.0,2.1,0.0,0.0,467.0,247.0,2706105,survey_fndds_food
"Turkey, Light Meat, Skin Eaten",General,169.0,28.3,0.0,5.6,0.0,0.0,468.0,247.0,2706106,survey_fndds_food
"Turkey, Light Meat, Breaded",General,173.0,27.3,6.5,3.7,0.4,0.0,197.0,241.0,2706107,survey_fndds_food
"Turkey, Light Meat, Roasted",General,139.0,28.8,0.0,2.1,0.0,0.0,467.0,247.0,2706109,survey_fndds_food
"Turkey, Dark Meat, Roasted",General,167.0,26.9,0.0,6.0,0.0,0.0,458.0,225.0,2706111,survey_fndds_food
"Turkey, Light And Dark Meat, Roasted",General,151.0,28.0,0.0,3.8,0.0,0.0,464.0,237.0,2706113,survey_fndds_food
"Turkey, Light Or Dark Meat, Fried",General,165.0,27.2,1.4,5.1,0.0,0.0,274.0,235.0,2706115,survey_fndds_food
"Turkey, Light Or Dark Meat, Stewed",General,158.0,31.2,0.2,2.7,0.0,0.0,610.0,324.0,2706117,survey_fndds_food
"Turkey Light Or Dark Meat, Stewed, Skin Eaten",General,204.0,30.2,0.1,8.5,0.0,0.0,576.0,174.0,2706118,survey_fndds_food
"Turkey, Light Or Dark Meat, Smoked",General,208.0,28.1,0.0,9.7,0.0,0.0,996.0,280.0,2706119,survey_fndds_food
"Turkey, Drumstick, Cooked",General,144.0,28.5,0.0,3.4,0.0,0.0,455.0,240.0,2706121,survey_fndds_food
"Turkey, Drumstick, Roasted",General,144.0,28.5,0.0,3.4,0.0,0.0,455.0,240.0,2706123,survey_fndds_food
"Turkey, Thigh, Cooked",General,182.0,24.4,0.3,9.3,0.0,0.0,457.0,256.0,2706125,survey_fndds_food
"Turkey, Neck",General,161.0,22.3,0.0,7.3,0.0,0.0,566.0,113.0,2706127,survey_fndds_food
"Turkey, Wing, Cooked",General,139.0,28.8,0.0,2.1,0.0,0.0,467.0,247.0,2706128,survey_fndds_food
"Turkey, Tail",General,294.0,22.2,0.0,22.8,0.0,0.0,485.0,217.0,2706130,survey_fndds_food
"Turkey, Back",General,203.0,25.6,0.0,11.3,0.0,0.0,557.0,250.0,2706131,survey_fndds_food
"Turkey, Canned",General,185.0,25.3,0.9,8.1,0.0,0.0,482.0,153.0,2706132,survey_fndds_food
"Turkey, Ground",General,211.0,26.9,0.0,11.5,0.0,0.0,412.0,301.0,2706133,survey_fndds_food
"Turkey, Nuggets",General,236.0,22.2,17.1,8.7,1.1,0.0,334.0,217.0,2706134,survey_fndds_food
"Turkey Bacon, Cooked",General,368.0,29.5,4.2,25.9,0.0,0.0,2021.0,666.0,2706135,survey_fndds_food
"Turkey Bacon, Reduced Sodium, Cooked",General,253.0,13.3,4.8,20.0,0.0,0.0,900.0,156.0,2706136,survey_fndds_food
"Duck, Cooked, Skin Eaten",General,336.0,18.9,0.0,28.2,0.0,0.0,221.0,203.0,2706137,survey_fndds_food
"Duck, Cooked, Skin Not Eaten",General,200.0,23.4,0.0,11.2,0.0,0.0,227.0,251.0,2706138,survey_fndds_food
"Duck, Roasted, Skin Eaten",General,336.0,18.9,0.0,28.2,0.0,0.0,221.0,203.0,2706139,survey_fndds_food
"Duck, Roasted, Skin Not Eaten",General,200.0,23.4,0.0,11.2,0.0,0.0,227.0,251.0,2706140,survey_fndds_food
"Duck, Peking",General,154.0,5.3,6.5,11.8,0.3,0.0,287.0,107.0,2706141,survey_fndds_food
"Goose, Wild, Roasted",General,304.0,25.1,0.0,21.8,0.0,0.0,232.0,328.0,2706142,survey_fndds_food
"Cornish Game Hen, Cooked, Skin Eaten",General,257.0,22.1,0.0,18.1,0.0,0.0,386.0,243.0,2706143,survey_fndds_food
"Cornish Game Hen, Cooked, Skin Not Eaten",General,133.0,23.1,0.0,3.8,0.0,0.0,385.0,248.0,2706144,survey_fndds_food
"Cornish Game Hen, Roasted, Skin Eaten",General,257.0,22.1,0.0,18.1,0.0,0.0,386.0,243.0,2706145,survey_fndds_food
"Cornish Game Hen, Roasted, Skin Not Eaten",General,133.0,23.1,0.0,3.8,0.0,0.0,385.0,248.0,2706146,survey_fndds_food
"Dove, Cooked, Ns As To Cooking Method",General,212.0,23.8,0.0,13.0,0.0,0.0,219.0,255.0,2706147,survey_fndds_food
"Dove, Fried",General,223.0,23.1,1.5,13.8,0.0,0.0,197.0,250.0,2706148,survey_fndds_food
"Quail, Cooked",General,226.0,25.0,0.0,14.0,0.0,0.0,214.0,215.0,2706149,survey_fndds_food
"Pheasant, Cooked",General,238.0,32.3,0.0,12.0,0.0,0.0,205.0,270.0,2706150,survey_fndds_food
Baby Toddler Chicken,General,130.0,13.7,0.1,7.9,0.0,0.0,49.0,141.0,2706151,survey_fndds_food
Baby Toddler Turkey,General,111.0,11.5,1.4,6.2,0.0,0.0,49.0,135.0,2706152,survey_fndds_food
"Liver, Beef",General,174.0,26.3,5.1,4.6,0.0,0.0,384.0,348.0,2706153,survey_fndds_food
"Liver, Chicken",General,189.0,20.0,6.5,8.7,0.2,0.0,453.0,232.0,2706154,survey_fndds_food
"Liver, Paste Or Pate",General,201.0,13.4,6.6,13.1,0.0,0.0,386.0,95.0,2706155,survey_fndds_food
Heart,General,164.0,28.2,0.2,4.7,0.0,0.0,366.0,217.0,2706156,survey_fndds_food
Kidney,General,157.0,27.0,0.0,4.6,0.0,0.0,400.0,134.0,2706157,survey_fndds_food
Sweetbreads,General,124.0,22.5,0.0,3.1,0.0,0.0,366.0,432.0,2706158,survey_fndds_food
Brains,General,150.0,11.6,1.5,10.4,0.0,0.0,414.0,242.0,2706159,survey_fndds_food
Tongue,General,282.0,19.1,0.0,22.1,0.0,0.0,372.0,183.0,2706160,survey_fndds_food
"Tongue Pot Roast, Puerto Rican Style",General,317.0,21.0,0.3,25.0,0.1,0.0,1245.0,206.0,2706161,survey_fndds_food
Tripe,General,89.0,12.6,0.0,3.8,0.0,0.0,425.0,70.0,2706162,survey_fndds_food
Chitterlings,General,231.0,12.4,0.0,20.2,0.0,0.0,325.0,14.0,2706163,survey_fndds_food
Hog Maws,General,250.0,26.5,0.0,16.0,0.0,0.0,541.0,99.0,2706164,survey_fndds_food
Gizzard,General,153.0,30.2,0.0,2.7,0.0,0.0,363.0,178.0,2706165,survey_fndds_food
"Hot Dog, Nfs",General,310.0,11.7,2.9,28.0,0.0,0.0,828.0,326.0,2706166,survey_fndds_food
"Hot Dog, Beef",General,310.0,11.7,2.9,28.0,0.0,0.0,828.0,326.0,2706167,survey_fndds_food
"Hot Dog, Meat And Poultry",General,277.0,9.7,5.0,24.2,0.0,0.0,828.0,341.0,2706168,survey_fndds_food
"Hot Dog, Reduced Fat",General,216.0,13.8,5.1,15.7,0.0,0.0,615.0,203.0,2706169,survey_fndds_food
"Hot Dog, Turkey",General,223.0,12.2,3.8,17.3,0.0,0.0,865.0,372.0,2706170,survey_fndds_food
Beef Sausage,General,341.0,13.3,3.4,28.7,0.0,0.0,866.0,263.0,2706171,survey_fndds_food
Beef Sausage With Cheese,General,341.0,13.6,3.8,28.5,0.0,0.0,922.0,257.0,2706172,survey_fndds_food
Blood Sausage,General,379.0,14.6,1.3,34.5,0.0,0.0,680.0,38.0,2706173,survey_fndds_food
Bratwurst,General,333.0,13.7,2.8,29.2,0.0,0.0,846.0,348.0,2706174,survey_fndds_food
"Bratwurst, With Cheese",General,334.0,14.0,3.3,29.0,0.0,0.0,904.0,334.0,2706175,survey_fndds_food
Bologna,General,281.0,10.3,6.3,23.8,0.0,0.0,1100.0,320.0,2706176,survey_fndds_food
"Bologna, Reduced Fat",General,204.0,11.8,5.2,14.8,0.0,0.0,821.0,147.0,2706177,survey_fndds_food
"Bologna, Reduced Sodium",General,281.0,10.3,6.3,23.8,0.0,0.0,830.0,320.0,2706178,survey_fndds_food
Chorizo,General,341.0,19.3,2.6,28.1,0.0,0.0,983.0,435.0,2706179,survey_fndds_food
Head Cheese,General,157.0,13.8,0.0,10.9,0.0,0.0,941.0,31.0,2706180,survey_fndds_food
Knockwurst,General,307.0,11.1,3.2,27.7,0.0,0.0,930.0,199.0,2706181,survey_fndds_food
Mortadella,General,311.0,16.4,3.0,25.4,0.0,0.0,1246.0,163.0,2706182,survey_fndds_food
"Pastrami, Nfs",General,147.0,21.8,0.4,5.8,0.0,0.0,1078.0,210.0,2706183,survey_fndds_food
"Pastrami, Made From Any Kind Of Meat, Reduced Fat",General,115.0,18.6,0.6,3.7,0.0,0.0,853.0,647.0,2706184,survey_fndds_food
"Pepperoni, Nfs",General,504.0,19.2,1.2,46.3,0.0,0.0,1582.0,274.0,2706185,survey_fndds_food
"Pepperoni, Reduced Fat",General,378.0,21.1,0.7,31.6,0.0,0.0,1756.0,363.0,2706186,survey_fndds_food
"Pepperoni, Reduced Sodium",General,504.0,19.2,1.2,46.3,0.0,0.0,1187.0,274.0,2706187,survey_fndds_food
Polish Sausage,General,337.0,12.4,5.0,29.7,0.0,0.0,1062.0,306.0,2706188,survey_fndds_food
Italian Sausage,General,317.0,18.2,2.2,26.2,0.0,0.0,766.0,310.0,2706189,survey_fndds_food
"Sausage, Nfs",General,325.0,18.5,1.4,27.2,0.0,0.0,814.0,342.0,2706190,survey_fndds_food
Pork Sausage,General,325.0,18.5,1.4,27.2,0.0,0.0,814.0,342.0,2706191,survey_fndds_food
"Pork Sausage, Reduced Fat",General,267.0,20.9,0.2,20.3,0.0,0.0,698.0,328.0,2706192,survey_fndds_food
"Pork Sausage, Reduced Sodium",General,233.0,19.9,13.2,11.1,0.0,0.0,415.0,988.0,2706193,survey_fndds_food
Pork And Beef Sausage,General,333.0,15.9,2.4,28.0,0.0,0.0,840.0,302.0,2706194,survey_fndds_food
"Salami, Nfs",General,378.0,21.1,0.7,31.6,0.0,0.0,1756.0,363.0,2706195,survey_fndds_food
"Salami, Made From Any Type Of Meat, Reduced Fat",General,172.0,19.2,1.6,9.2,0.1,0.0,1107.0,216.0,2706196,survey_fndds_food
"Salami, Made From Any Type Of Meat, Reduced Sodium",General,378.0,21.1,0.7,31.6,0.0,0.0,1317.0,363.0,2706197,survey_fndds_food
"Scrapple, Cooked",General,227.0,8.6,15.0,14.8,0.3,0.0,385.0,143.0,2706198,survey_fndds_food
Thuringer,General,362.0,17.4,3.3,30.4,0.0,0.0,1300.0,260.0,2706199,survey_fndds_food
Turkey Or Chicken Sausage,General,193.0,19.6,1.1,12.2,0.0,0.0,705.0,365.0,2706200,survey_fndds_food
"Turkey Or Chicken Sausage, Reduced Sodium",General,230.0,20.0,13.3,10.7,0.0,0.0,417.0,993.0,2706201,survey_fndds_food
Turkey Or Chicken And Pork Sausage,General,307.0,22.7,0.7,23.0,0.0,0.0,878.0,337.0,2706202,survey_fndds_food
"Vienna Sausage, Canned",General,230.0,10.5,2.6,19.4,0.0,0.0,879.0,101.0,2706203,survey_fndds_food
Pickled Sausage,General,314.0,18.1,2.1,26.0,0.0,0.0,1067.0,308.0,2706204,survey_fndds_food
"Luncheon Meat, Nfs",General,101.0,16.7,0.3,3.7,0.0,0.0,890.0,425.0,2706205,survey_fndds_food
"Ham, Prepackaged Or Deli, Luncheon Meat",General,101.0,16.7,0.3,3.7,0.0,0.0,890.0,425.0,2706206,survey_fndds_food
"Chicken, Prepackaged Or Deli, Luncheon Meat",General,98.0,17.4,2.9,1.9,0.0,0.0,1032.0,360.0,2706208,survey_fndds_food
"Ham Luncheon Meat, Loaf Type",General,117.0,18.0,1.6,4.4,0.0,0.0,1193.0,316.0,2706210,survey_fndds_food
Spam,General,315.0,13.4,4.6,26.6,0.0,0.0,1411.0,409.0,2706211,survey_fndds_food
"Spam, Reduced Sodium",General,293.0,12.5,3.4,25.1,0.0,0.0,1036.0,564.0,2706212,survey_fndds_food
Liverwurst,General,327.0,14.5,3.1,28.5,0.0,0.0,977.0,199.0,2706213,survey_fndds_food
"Luncheon Meat, Loaf Type",General,225.0,11.2,8.5,16.0,1.5,0.0,1040.0,371.0,2706214,survey_fndds_food
"Turkey, Prepackaged Or Deli, Luncheon Meat",General,106.0,14.8,2.2,3.8,0.0,0.0,810.0,371.0,2706215,survey_fndds_food
"Turkey Ham, Prepackaged Or Deli, Luncheon Meat",General,106.0,14.8,2.2,3.8,0.0,0.0,810.0,371.0,2706217,survey_fndds_food
"Beef, Prepackaged Or Deli, Luncheon Meat",General,115.0,18.6,0.6,3.7,0.0,0.0,853.0,647.0,2706218,survey_fndds_food
"Meat Spread Or Potted Meat, Nfs",General,235.0,7.7,11.9,17.3,0.2,0.0,1013.0,110.0,2706220,survey_fndds_food
Chicken Salad Spread,General,200.0,11.6,7.4,13.5,0.0,0.0,653.0,183.0,2706221,survey_fndds_food
Ham Salad Spread,General,216.0,8.7,10.6,15.5,0.0,0.0,1075.0,150.0,2706222,survey_fndds_food
"Fish, Raw",General,94.0,17.2,0.0,2.3,0.0,0.0,83.0,272.0,2706223,survey_fndds_food
"Fish, Nfs",General,238.0,19.3,6.6,14.5,0.3,0.0,350.0,329.0,2706224,survey_fndds_food
"Fish, Ns As To Type, Baked Or Broiled",General,208.0,23.0,0.0,12.4,0.0,0.0,307.0,397.0,2706225,survey_fndds_food
"Fish, Ns As To Type, Fried",General,269.0,16.0,11.7,17.2,0.5,0.0,399.0,269.0,2706227,survey_fndds_food
"Fish, Ns As To Type, Steamed",General,171.0,23.4,0.0,8.1,0.0,0.0,191.0,404.0,2706228,survey_fndds_food
"Fish, Canned",General,156.0,23.2,0.0,6.3,0.0,0.0,379.0,194.0,2706229,survey_fndds_food
"Fish, Smoked",General,116.0,25.2,0.0,1.0,0.0,0.0,763.0,415.0,2706230,survey_fndds_food
"Fish, Stick",General,277.0,11.0,21.7,16.2,1.5,0.0,402.0,185.0,2706231,survey_fndds_food
"Fish, Anchovy",General,210.0,28.9,0.0,9.7,0.0,0.0,3668.0,544.0,2706232,survey_fndds_food
"Fish, Carp",General,213.0,20.0,7.8,10.7,0.3,0.0,314.0,366.0,2706233,survey_fndds_food
"Fish, Catfish, Nfs",General,255.0,13.5,11.7,16.7,0.5,0.0,418.0,254.0,2706234,survey_fndds_food
"Fish, Catfish, Baked Or Broiled",General,189.0,18.9,0.0,11.9,0.0,0.0,337.0,376.0,2706235,survey_fndds_food
"Fish, Catfish, Grilled",General,171.0,19.3,0.0,9.8,0.0,0.0,332.0,383.0,2706236,survey_fndds_food
"Fish, Catfish, Fried",General,255.0,13.5,11.7,16.7,0.5,0.0,418.0,254.0,2706238,survey_fndds_food
"Fish, Catfish, Steamed",General,150.0,19.2,0.0,7.5,0.0,0.0,222.0,382.0,2706239,survey_fndds_food
"Fish, Cod, Nfs",General,217.0,13.5,11.7,12.5,0.5,0.0,426.0,203.0,2706240,survey_fndds_food
"Fish, Cod, Baked Or Broiled",General,126.0,19.0,0.0,5.0,0.0,0.0,351.0,292.0,2706241,survey_fndds_food
"Fish, Cod, Grilled",General,108.0,19.4,0.0,2.8,0.0,0.0,346.0,298.0,2706242,survey_fndds_food
"Fish, Cod, Fried",General,217.0,13.5,11.7,12.5,0.5,0.0,426.0,203.0,2706244,survey_fndds_food
"Fish, Cod, Steamed",General,87.0,19.3,0.0,0.5,0.0,0.0,235.0,297.0,2706245,survey_fndds_food
"Fish, Croaker",General,189.0,19.9,7.8,8.2,0.3,0.0,322.0,378.0,2706246,survey_fndds_food
"Fish, Eel",General,273.0,20.6,7.8,17.1,0.3,0.0,317.0,302.0,2706247,survey_fndds_food
"Fish, Flounder, Nfs",General,128.0,15.4,0.0,6.9,0.0,0.0,316.0,199.0,2706248,survey_fndds_food
"Fish, Flounder, Baked Or Broiled",General,128.0,15.4,0.0,6.9,0.0,0.0,316.0,199.0,2706249,survey_fndds_food
"Fish, Flounder, Grilled",General,109.0,15.7,0.0,4.7,0.0,0.0,311.0,203.0,2706250,survey_fndds_food
"Fish, Flounder, Fried",General,217.0,11.4,11.7,13.6,0.5,0.0,405.0,146.0,2706252,survey_fndds_food
"Fish, Flounder, Steamed",General,88.0,15.7,0.0,2.4,0.0,0.0,200.0,202.0,2706253,survey_fndds_food
"Fish, Haddock, Nfs",General,217.0,14.3,11.7,12.5,0.5,0.0,395.0,242.0,2706254,survey_fndds_food
"Fish, Haddock, Baked Or Broiled",General,126.0,20.3,0.0,5.1,0.0,0.0,300.0,356.0,2706255,survey_fndds_food
"Fish, Haddock, Grilled",General,108.0,20.7,0.0,2.8,0.0,0.0,294.0,363.0,2706256,survey_fndds_food
"Fish, Haddock, Fried",General,217.0,14.3,11.7,12.5,0.5,0.0,395.0,242.0,2706258,survey_fndds_food
"Fish, Haddock, Steamed",General,87.0,20.6,0.0,0.6,0.0,0.0,184.0,361.0,2706259,survey_fndds_food
"Fish, Halibut",General,175.0,20.7,7.8,6.2,0.3,0.0,334.0,473.0,2706260,survey_fndds_food
"Fish, Herring",General,245.0,20.1,7.8,14.3,0.3,0.0,357.0,359.0,2706261,survey_fndds_food
"Fish, Pickled",General,262.0,14.2,9.6,18.0,0.0,0.0,870.0,69.0,2706262,survey_fndds_food
"Fish, Mackerel, Nfs",General,237.0,24.9,0.0,14.3,0.0,0.0,322.0,505.0,2706263,survey_fndds_food
"Fish, Mackerel, Baked Or Broiled",General,237.0,24.9,0.0,14.3,0.0,0.0,322.0,505.0,2706264,survey_fndds_food
"Fish, Mackerel, Grilled",General,221.0,25.4,0.0,12.3,0.0,0.0,317.0,515.0,2706265,survey_fndds_food
"Fish, Mackerel, Fried",General,284.0,17.2,11.7,18.2,0.5,0.0,409.0,333.0,2706267,survey_fndds_food
"Fish, Mackerel, Canned",General,156.0,23.2,0.0,6.3,0.0,0.0,379.0,194.0,2706268,survey_fndds_food
"Fish, Mullet",General,202.0,21.6,7.8,8.8,0.3,0.0,331.0,391.0,2706269,survey_fndds_food
"Fish, Perch, Nfs",General,224.0,13.6,11.7,13.3,0.5,0.0,400.0,167.0,2706270,survey_fndds_food
"Fish, Perch, Baked Or Broiled",General,139.0,19.0,0.0,6.4,0.0,0.0,309.0,233.0,2706271,survey_fndds_food
"Fish, Perch, Grilled",General,121.0,19.4,0.0,4.2,0.0,0.0,303.0,237.0,2706272,survey_fndds_food
"Fish, Perch, Fried",General,224.0,13.6,11.7,13.3,0.5,0.0,400.0,167.0,2706274,survey_fndds_food
"Fish, Perch, Steamed",General,115.0,24.5,0.0,1.2,0.0,0.0,176.0,340.0,2706275,survey_fndds_food
"Fish, Pike",General,172.0,21.5,7.8,5.6,0.3,0.0,304.0,288.0,2706276,survey_fndds_food
"Fish, Pompano, Nfs",General,244.0,23.0,0.0,16.3,0.0,0.0,296.0,474.0,2706277,survey_fndds_food
"Fish, Pompano, Baked Or Broiled",General,244.0,23.0,0.0,16.3,0.0,0.0,296.0,474.0,2706278,survey_fndds_food
"Fish, Pompano, Grilled",General,228.0,23.4,0.0,14.3,0.0,0.0,290.0,483.0,2706279,survey_fndds_food
"Fish, Pompano, Fried",General,289.0,16.0,11.7,19.4,0.5,0.0,393.0,314.0,2706281,survey_fndds_food
"Fish, Pompano, Steamed",General,207.0,23.4,0.0,12.0,0.0,0.0,180.0,481.0,2706282,survey_fndds_food
"Fish, Snapper",General,185.0,22.8,7.8,6.3,0.3,0.0,330.0,454.0,2706283,survey_fndds_food
"Fish, Salmon, Raw",General,188.0,20.4,0.0,11.2,0.0,0.0,63.0,364.0,2706284,survey_fndds_food
"Fish, Salmon, Nfs",General,274.0,25.4,0.0,18.4,0.0,0.0,294.0,452.0,2706285,survey_fndds_food
"Fish, Salmon, Baked Or Broiled",General,274.0,25.4,0.0,18.4,0.0,0.0,294.0,452.0,2706286,survey_fndds_food
"Fish, Salmon, Grilled",General,259.0,25.9,0.0,16.5,0.0,0.0,288.0,461.0,2706287,survey_fndds_food
"Fish, Salmon, Fried",General,307.0,17.4,11.7,20.7,0.5,0.0,391.0,301.0,2706289,survey_fndds_food
"Fish, Salmon, Steamed",General,237.0,25.8,0.0,14.1,0.0,0.0,177.0,460.0,2706290,survey_fndds_food
"Fish, Salmon, Canned",General,136.0,24.6,0.0,4.2,0.0,0.0,378.0,326.0,2706291,survey_fndds_food
"Fish, Salmon, Smoked",General,117.0,18.3,0.0,4.3,0.0,0.0,672.0,175.0,2706292,survey_fndds_food
"Fish, Sardines, Canned",General,208.0,24.6,0.0,11.4,0.0,0.0,307.0,397.0,2706293,survey_fndds_food
"Fish, Bass, Nfs",General,161.0,22.9,0.0,7.0,0.0,0.0,300.0,319.0,2706294,survey_fndds_food
"Fish, Bass, Baked Or Broiled",General,161.0,22.9,0.0,7.0,0.0,0.0,300.0,319.0,2706295,survey_fndds_food
"Fish, Bass, Grilled",General,143.0,23.4,0.0,4.8,0.0,0.0,294.0,325.0,2706296,survey_fndds_food
"Fish, Bass, Fried",General,238.0,15.9,11.7,13.7,0.5,0.0,395.0,219.0,2706298,survey_fndds_food
"Fish, Bass, Steamed",General,123.0,23.3,0.0,2.5,0.0,0.0,184.0,323.0,2706299,survey_fndds_food
"Fish, Shark",General,216.0,23.3,7.8,9.6,0.3,0.0,346.0,184.0,2706300,survey_fndds_food
"Fish, Swordfish",General,231.0,21.9,7.8,11.8,0.3,0.0,348.0,455.0,2706301,survey_fndds_food
"Fish, Trout, Nfs",General,271.0,17.1,11.7,16.9,0.5,0.0,382.0,311.0,2706302,survey_fndds_food
"Fish, Trout, Baked Or Broiled",General,216.0,24.8,0.0,12.2,0.0,0.0,279.0,469.0,2706303,survey_fndds_food
"Fish, Trout, Grilled",General,199.0,25.3,0.0,10.1,0.0,0.0,273.0,478.0,2706304,survey_fndds_food
"Fish, Trout, Fried",General,271.0,17.1,11.7,16.9,0.5,0.0,382.0,311.0,2706306,survey_fndds_food
"Fish, Trout, Steamed",General,178.0,25.2,0.0,7.8,0.0,0.0,162.0,476.0,2706307,survey_fndds_food
"Fish, Tuna, Raw",General,109.0,24.4,0.0,0.5,0.0,0.0,45.0,441.0,2706308,survey_fndds_food
"Fish, Tuna, Nfs",General,85.0,19.0,0.1,0.9,0.0,0.0,219.0,176.0,2706309,survey_fndds_food
"Fish, Tuna, Cooked",General,176.0,30.3,0.0,5.1,0.0,0.0,271.0,548.0,2706310,survey_fndds_food
"Fish, Tuna, Canned",General,85.0,19.0,0.1,0.9,0.0,0.0,219.0,176.0,2706311,survey_fndds_food
"Fish, Whiting, Nfs",General,233.0,15.8,11.7,13.2,0.5,0.0,398.0,214.0,2706312,survey_fndds_food
"Fish, Whiting, Baked Or Broiled",General,153.0,22.8,0.0,6.2,0.0,0.0,305.0,310.0,2706313,survey_fndds_food
"Fish, Whiting, Grilled",General,134.0,23.2,0.0,3.9,0.0,0.0,299.0,316.0,2706314,survey_fndds_food
"Fish, Whiting, Fried",General,233.0,15.8,11.7,13.2,0.5,0.0,398.0,214.0,2706316,survey_fndds_food
"Fish, Whiting, Steamed",General,114.0,23.1,0.0,1.7,0.0,0.0,189.0,315.0,2706317,survey_fndds_food
"Fish, Tilapia, Nfs",General,160.0,25.0,0.0,6.6,0.0,0.0,280.0,376.0,2706318,survey_fndds_food
"Fish, Tilapia, Baked Or Broiled",General,160.0,25.0,0.0,6.6,0.0,0.0,280.0,376.0,2706319,survey_fndds_food
"Fish, Tilapia, Grilled",General,142.0,25.5,0.0,4.4,0.0,0.0,274.0,383.0,2706320,survey_fndds_food
"Fish, Tilapia, Fried",General,237.0,17.2,11.7,13.5,0.5,0.0,383.0,254.0,2706322,survey_fndds_food
"Fish, Tilapia, Steamed",General,121.0,25.4,0.0,2.2,0.0,0.0,163.0,382.0,2706323,survey_fndds_food
"Fish, White, Mixed Species",General,143.0,22.0,0.0,5.8,0.0,0.0,316.0,334.0,2706324,survey_fndds_food
Frog Legs,General,220.0,14.4,11.7,12.4,0.5,0.0,387.0,241.0,2706330,survey_fndds_food
Octopus,General,226.0,13.2,13.4,13.0,0.5,0.0,518.0,290.0,2706331,survey_fndds_food
Caviar,General,264.0,24.6,4.0,17.9,0.0,0.0,1500.0,181.0,2706332,survey_fndds_food
"Calamari, Cooked",General,155.0,19.4,3.8,6.2,0.0,0.0,270.0,306.0,2706333,survey_fndds_food
"Calamari, Fried",General,234.0,13.8,14.1,13.2,0.5,0.0,377.0,211.0,2706334,survey_fndds_food
Turtle,General,157.0,24.6,0.0,5.8,0.0,0.0,285.0,286.0,2706335,survey_fndds_food
"Shellfish, Nfs",General,146.0,15.5,4.9,6.7,0.2,0.0,348.0,131.0,2706336,survey_fndds_food
Abalone,General,177.0,21.2,7.5,6.1,0.0,0.0,574.0,310.0,2706337,survey_fndds_food
"Clams, Raw",General,86.0,14.7,3.6,1.0,0.0,0.0,56.0,46.0,2706338,survey_fndds_food
"Clams, Nfs",General,143.0,16.1,6.7,5.2,0.1,0.0,199.0,55.0,2706339,survey_fndds_food
"Clams, Baked Or Broiled",General,148.0,18.2,4.4,5.7,0.0,0.0,285.0,58.0,2706340,survey_fndds_food
"Clams, Fried",General,230.0,13.1,14.4,12.9,0.5,0.0,386.0,59.0,2706341,survey_fndds_food
"Clams, Steamed Or Boiled",General,109.0,18.6,4.5,1.2,0.0,0.0,71.0,58.0,2706342,survey_fndds_food
"Clams, Canned",General,108.0,18.3,4.5,1.2,0.0,0.0,70.0,52.0,2706343,survey_fndds_food
Crab,General,83.0,17.9,0.0,0.7,0.0,0.0,395.0,259.0,2706344,survey_fndds_food
"Crab, Canned",General,83.0,17.9,0.0,0.7,0.0,0.0,563.0,259.0,2706345,survey_fndds_food
"Crab, Soft Shell",General,227.0,15.5,11.7,12.7,0.5,0.0,643.0,221.0,2706346,survey_fndds_food
"Crayfish, Fried",General,223.0,14.1,11.7,12.9,0.5,0.0,387.0,254.0,2706347,survey_fndds_food
"Crayfish, Cooked",General,97.0,20.2,0.0,1.2,0.0,0.0,73.0,382.0,2706348,survey_fndds_food
Lobster,General,97.0,20.9,0.0,1.0,0.0,0.0,535.0,253.0,2706349,survey_fndds_food
Mussels,General,109.0,15.1,4.7,2.8,0.0,0.0,362.0,405.0,2706350,survey_fndds_food
"Oysters, Raw",General,51.0,5.7,2.7,1.7,0.0,0.0,85.0,156.0,2706351,survey_fndds_food
"Oysters, Baked Or Broiled",General,104.0,7.1,3.4,6.7,0.0,0.0,321.0,194.0,2706352,survey_fndds_food
"Oysters, Steamed",General,65.0,7.2,3.4,2.2,0.0,0.0,108.0,197.0,2706353,survey_fndds_food
"Oysters, Fried",General,203.0,6.3,13.8,13.5,0.5,0.0,408.0,143.0,2706354,survey_fndds_food
"Oysters, Canned",General,74.0,7.7,4.2,2.7,0.0,0.0,122.0,249.0,2706355,survey_fndds_food
"Scallops, Baked Or Broiled",General,126.0,15.0,4.0,5.1,0.0,0.0,415.0,255.0,2706356,survey_fndds_food
"Scallops, Grilled",General,108.0,15.3,4.0,2.9,0.0,0.0,412.0,260.0,2706357,survey_fndds_food
"Scallops, Steamed Or Boiled",General,87.0,15.2,4.0,0.6,0.0,0.0,301.0,259.0,2706358,survey_fndds_food
"Scallops, Fried",General,217.0,11.1,14.1,12.5,0.5,0.0,466.0,180.0,2706359,survey_fndds_food
"Shrimp, Nfs",General,146.0,15.5,4.9,6.7,0.2,0.0,348.0,131.0,2706360,survey_fndds_food
"Shrimp, Baked Or Broiled",General,129.0,16.9,1.1,5.8,0.0,0.0,363.0,141.0,2706361,survey_fndds_food
"Shrimp, Grilled",General,110.0,17.3,1.2,3.6,0.0,0.0,359.0,144.0,2706362,survey_fndds_food
"Shrimp, Steamed Or Boiled",General,90.0,17.2,1.2,1.3,0.0,0.0,248.0,143.0,2706363,survey_fndds_food
"Shrimp, Fried",General,218.0,12.3,12.4,12.9,0.5,0.0,434.0,110.0,2706364,survey_fndds_food
"Shrimp, Baked Or Broiled, Coated",General,154.0,15.6,8.7,5.9,0.3,0.0,388.0,135.0,2706365,survey_fndds_food
"Shrimp, Dried",General,250.0,51.0,0.0,3.4,0.0,0.0,2175.0,200.0,2706366,survey_fndds_food
"Shrimp, Canned",General,100.0,20.4,0.0,1.4,0.0,0.0,870.0,80.0,2706367,survey_fndds_food
Escargot,General,158.0,20.0,2.5,6.9,0.0,0.0,287.0,474.0,2706368,survey_fndds_food
"Barbecue Meat, Nfs",General,226.0,18.1,12.2,11.2,0.3,0.0,601.0,289.0,2706369,survey_fndds_food
Beef With Tomato-Based Sauce,General,149.0,21.7,1.6,6.4,0.4,0.0,363.0,264.0,2706370,survey_fndds_food
Beef Burgundy,General,148.0,18.5,4.2,6.0,0.8,0.0,369.0,368.0,2706371,survey_fndds_food
"Guisada, Beef",General,115.0,10.8,2.5,6.6,0.5,0.0,305.0,188.0,2706372,survey_fndds_food
"Chili, Nfs",General,118.0,9.8,10.2,4.3,3.0,0.0,340.0,285.0,2706373,survey_fndds_food
"Chili With Meat, From Restaurant",General,160.0,12.0,6.7,9.4,1.9,0.0,413.0,263.0,2706374,survey_fndds_food
Chili With Meat And Beans,General,118.0,9.8,10.2,4.3,3.0,0.0,340.0,285.0,2706375,survey_fndds_food
"Chili With Meat, Canned",General,106.0,8.5,10.8,3.4,3.2,0.0,357.0,275.0,2706376,survey_fndds_food
Chili With Meat,General,139.0,13.3,2.4,8.2,0.5,0.0,357.0,222.0,2706377,survey_fndds_food
"Sloppy Joe, No Bun",General,140.0,12.1,5.5,7.6,0.7,0.0,296.0,284.0,2706378,survey_fndds_food
Beef With Gravy,General,156.0,21.6,1.6,7.0,0.0,0.0,360.0,188.0,2706379,survey_fndds_food
Salisbury Steak With Gravy,General,149.0,7.0,6.8,10.5,1.0,0.0,509.0,144.0,2706380,survey_fndds_food
Beef With Cream Or White Sauce,General,185.0,22.5,2.8,9.3,0.0,0.0,340.0,222.0,2706381,survey_fndds_food
Beef Stroganoff,General,150.0,10.1,6.2,9.3,0.7,0.0,458.0,210.0,2706382,survey_fndds_food
Creamed Chipped Or Dried Beef,General,133.0,7.6,7.6,8.0,0.1,0.0,478.0,174.0,2706383,survey_fndds_food
Swedish Meatballs With Cream Or White Sauce,General,170.0,12.5,6.3,10.3,0.2,0.0,537.0,204.0,2706384,survey_fndds_food
Beef With Mushroom Sauce,General,163.0,22.0,1.8,7.5,0.1,0.0,355.0,204.0,2706385,survey_fndds_food
Beef With Soy-Based Sauce,General,187.0,15.9,3.4,12.4,0.5,0.0,333.0,211.0,2706386,survey_fndds_food
Steak Teriyaki,General,198.0,28.9,1.9,8.2,0.0,0.0,517.0,259.0,2706387,survey_fndds_food
Beef Curry,General,113.0,7.6,6.5,6.6,1.4,0.0,359.0,288.0,2706388,survey_fndds_food
Beef Curry With Rice,General,119.0,5.6,15.1,4.0,1.0,0.0,314.0,187.0,2706389,survey_fndds_food
"Barbecue Beef, With Sauce",General,228.0,19.8,12.2,10.8,0.3,0.0,596.0,259.0,2706390,survey_fndds_food
"Barbecue Beef, No Sauce",General,252.0,28.0,0.0,15.2,0.0,0.0,411.0,271.0,2706391,survey_fndds_food
Beef With Sweet And Sour Sauce,General,211.0,9.3,14.2,12.8,0.6,0.0,346.0,197.0,2706392,survey_fndds_food
"Stewed Seasoned Ground Beef, Mexican Style",General,169.0,14.3,1.3,11.4,0.2,0.0,464.0,255.0,2706393,survey_fndds_food
Steak Tartare,General,216.0,17.4,0.3,15.6,0.2,0.0,370.0,262.0,2706394,survey_fndds_food
"Meatballs, Puerto Rican Style",General,225.0,14.3,6.9,15.3,0.8,0.0,922.0,324.0,2706395,survey_fndds_food
"Stewed Seasoned Ground Beef, Puerto Rican Style",General,278.0,13.8,3.8,22.8,0.9,0.0,868.0,337.0,2706396,survey_fndds_food
"Stewed Dried Beef, Puerto Rican Style",General,258.0,17.7,3.9,19.1,0.8,0.0,1770.0,218.0,2706397,survey_fndds_food
Ham Or Pork With Gravy,General,160.0,20.2,1.6,7.5,0.0,0.0,349.0,309.0,2706398,survey_fndds_food
"Barbecue Pork, With Sauce",General,226.0,17.6,12.2,11.3,0.3,0.0,603.0,299.0,2706399,survey_fndds_food
"Barbecue Pork, No Sauce",General,249.0,24.8,0.0,15.9,0.0,0.0,422.0,328.0,2706400,survey_fndds_food
Sweet And Sour Pork,General,260.0,8.9,25.5,13.6,1.0,0.0,304.0,152.0,2706401,survey_fndds_food
Ham Stroganoff,General,131.0,7.6,5.2,8.8,0.7,0.0,703.0,175.0,2706402,survey_fndds_food
Ham Or Pork With Mushroom Sauce,General,167.0,20.6,1.8,8.0,0.1,0.0,351.0,324.0,2706403,survey_fndds_food
Ham Or Pork With Tomato-Based Sauce,General,153.0,20.3,1.6,6.8,0.4,0.0,352.0,385.0,2706404,survey_fndds_food
Sausage With Tomato-Based Sauce,General,234.0,13.3,2.6,19.1,0.4,0.0,863.0,327.0,2706405,survey_fndds_food
Sausage Gravy,General,180.0,6.8,7.6,13.6,0.1,0.0,421.0,194.0,2706406,survey_fndds_food
"Guisada, Pork",General,118.0,10.3,2.5,7.1,0.5,0.0,300.0,186.0,2706407,survey_fndds_food
Pork Or Ham With Soy-Based Sauce,General,190.0,14.9,3.4,12.7,0.5,0.0,341.0,295.0,2706408,survey_fndds_food
"Chili Hot Dog, No Bun",General,202.0,10.0,7.1,15.0,1.7,0.0,579.0,299.0,2706409,survey_fndds_food
Frankfurters Or Hot Dogs With Tomato-Based Sauce,General,223.0,8.5,3.6,19.6,0.4,0.0,873.0,316.0,2706410,survey_fndds_food
Pork With Chili And Tomatoes,General,95.0,11.6,2.7,4.0,0.9,0.0,118.0,323.0,2706411,survey_fndds_food
"Stewed Pork, Puerto Rican Style",General,200.0,17.9,2.8,12.7,0.6,0.0,579.0,401.0,2706412,survey_fndds_food
Lamb Or Mutton With Gravy,General,219.0,17.3,1.6,15.4,0.0,0.0,359.0,228.0,2706413,survey_fndds_food
"Stewed Goat, Puerto Rican Style",General,265.0,22.3,2.0,18.1,0.5,0.0,752.0,385.0,2706414,survey_fndds_food
Veal Scallopini,General,241.0,18.7,1.5,17.5,0.4,0.0,372.0,281.0,2706415,survey_fndds_food
Veal Marsala,General,175.0,17.8,6.7,8.5,0.5,0.0,147.0,211.0,2706416,survey_fndds_food
Veal Parmigiana,General,204.0,15.3,8.3,11.9,0.8,0.0,436.0,248.0,2706417,survey_fndds_food
Veal Cordon Bleu,General,219.0,23.7,9.3,9.7,0.6,0.0,443.0,228.0,2706418,survey_fndds_food
Venison Or Deer With Tomato-Based Sauce,General,140.0,25.6,1.6,2.8,0.4,0.0,347.0,307.0,2706419,survey_fndds_food
Venison Or Deer With Gravy,General,147.0,25.5,1.6,3.5,0.0,0.0,345.0,231.0,2706420,survey_fndds_food
Chicken Or Turkey Cacciatore,General,174.0,13.2,6.9,10.6,1.1,0.0,664.0,290.0,2706421,survey_fndds_food
Spaghetti Sauce With Poultry,General,75.0,6.3,6.5,2.6,1.5,0.0,410.0,314.0,2706422,survey_fndds_food
Spaghetti Sauce With Poultry And Added Vegetables,General,71.0,6.4,6.0,2.4,1.4,0.0,331.0,312.0,2706423,survey_fndds_food
"Stewed Chicken With Tomato-Based Sauce, Mexican Style",General,120.0,12.0,2.5,7.1,0.4,0.0,397.0,189.0,2706424,survey_fndds_food
Chili With Chicken And Beans,General,99.0,10.2,10.2,2.1,3.0,0.0,341.0,282.0,2706425,survey_fndds_food
Chili With Chicken,General,100.0,14.1,2.4,3.7,0.5,0.0,359.0,218.0,2706426,survey_fndds_food
"Chili, White",General,95.0,9.9,9.7,1.9,2.4,0.0,324.0,280.0,2706427,survey_fndds_food
Chicken With Gravy,General,129.0,18.9,1.6,5.2,0.0,0.0,526.0,207.0,2706428,survey_fndds_food
Chicken Or Turkey Fricassee,General,121.0,10.7,3.5,7.2,0.1,0.0,418.0,119.0,2706429,survey_fndds_food
Turkey With Gravy,General,125.0,20.5,1.6,3.5,0.0,0.0,356.0,179.0,2706430,survey_fndds_food
Chicken Or Turkey With Cream Sauce,General,157.0,19.8,2.8,7.5,0.0,0.0,510.0,241.0,2706431,survey_fndds_food
Chicken Or Turkey With Mushroom Sauce,General,136.0,19.3,1.8,5.7,0.1,0.0,521.0,223.0,2706432,survey_fndds_food
Chicken Or Turkey With Teriyaki,General,163.0,25.7,1.6,6.0,0.0,0.0,723.0,285.0,2706433,survey_fndds_food
Barbecue Chicken,General,167.0,19.0,12.2,4.6,0.3,0.0,550.0,265.0,2706434,survey_fndds_food
Sweet And Sour Chicken Or Turkey,General,250.0,10.1,23.9,12.6,1.0,0.0,246.0,158.0,2706435,survey_fndds_food
"Sweet And Sour Chicken Or Turkey, Without Vegetables",General,250.0,10.1,23.9,12.6,1.0,0.0,246.0,158.0,2706436,survey_fndds_food
Chicken Curry,General,107.0,6.5,6.5,6.5,1.4,0.0,376.0,280.0,2706437,survey_fndds_food
Chicken Curry With Rice,General,116.0,5.0,15.1,4.0,1.0,0.0,324.0,182.0,2706438,survey_fndds_food
Chicken With Mole Sauce,General,137.0,19.0,3.2,5.6,0.3,0.0,542.0,232.0,2706439,survey_fndds_food
Chicken Or Turkey With Cheese Sauce,General,173.0,21.8,1.6,8.9,0.0,0.0,527.0,237.0,2706440,survey_fndds_food
Chicken Or Turkey Cordon Bleu,General,210.0,22.6,9.3,9.2,0.6,0.0,589.0,255.0,2706441,survey_fndds_food
Chicken Or Turkey Parmigiana,General,174.0,16.2,8.3,8.3,0.8,0.0,414.0,228.0,2706442,survey_fndds_food
Orange Chicken,General,262.0,14.5,22.5,12.7,0.8,0.0,553.0,209.0,2706443,survey_fndds_food
Sesame Chicken,General,293.0,14.3,26.9,14.2,0.7,0.0,482.0,204.0,2706444,survey_fndds_food
Chicken Kiev,General,280.0,21.3,5.4,19.2,0.1,0.0,644.0,257.0,2706445,survey_fndds_food
"Stuffed Chicken, Drumstick Or Breast, Puerto Rican Style",General,236.0,28.4,6.5,10.5,0.3,0.0,901.0,301.0,2706446,survey_fndds_food
"Fish With Cream Or White Sauce, Not Tuna Or Lobster",General,116.0,17.0,2.8,3.6,0.0,0.0,343.0,217.0,2706447,survey_fndds_food
Fish Timbale Or Mousse,General,149.0,10.1,2.0,11.0,0.0,0.0,247.0,147.0,2706448,survey_fndds_food
Shrimp Cocktail,General,99.0,13.2,7.9,1.2,0.4,0.0,502.0,184.0,2706449,survey_fndds_food
Tuna With Cream Or White Sauce,General,102.0,14.4,2.8,3.7,0.0,0.0,327.0,170.0,2706450,survey_fndds_food
Seafood Thermidor,General,251.0,10.6,4.7,21.2,0.1,0.0,388.0,191.0,2706451,survey_fndds_food
Seafood Sauce,General,203.0,8.5,2.5,17.4,0.1,0.0,463.0,274.0,2706452,survey_fndds_food
Spaghetti Sauce With Seafood,General,64.0,5.3,7.1,1.5,1.5,0.0,432.0,326.0,2706453,survey_fndds_food
Spaghetti Sauce With Seafood And Added Vegetables,General,60.0,5.4,6.6,1.2,1.4,0.0,353.0,323.0,2706454,survey_fndds_food
Shrimp With Lobster Sauce,General,151.0,16.8,2.2,7.8,0.0,0.0,1031.0,114.0,2706455,survey_fndds_food
Sweet And Sour Shrimp,General,172.0,5.9,16.2,9.2,0.6,0.0,347.0,136.0,2706456,survey_fndds_food
Fish Sauce,General,35.0,5.1,3.6,0.0,0.0,0.0,7851.0,288.0,2706457,survey_fndds_food
Shrimp Scampi,General,192.0,15.4,2.3,13.0,0.2,0.0,168.0,156.0,2706458,survey_fndds_food
Fish With Tomato-Based Sauce,General,80.0,16.3,1.6,0.7,0.4,0.0,350.0,259.0,2706459,survey_fndds_food
Fish Curry,General,93.0,4.9,6.6,5.4,1.4,0.0,351.0,275.0,2706460,survey_fndds_food
Fish Curry With Rice,General,107.0,4.0,15.2,3.4,1.0,0.0,309.0,179.0,2706461,survey_fndds_food
Shrimp Teriyaki,General,120.0,21.6,3.3,1.6,0.0,0.0,581.0,184.0,2706462,survey_fndds_food
Ceviche,General,63.0,10.5,3.6,0.8,0.5,0.0,149.0,282.0,2706463,survey_fndds_food
"Crabs In Tomato-Based Sauce, Puerto Rican Style",General,144.0,12.5,2.9,8.9,0.6,0.0,617.0,262.0,2706464,survey_fndds_food
"Shrimp In Garlic Sauce, Puerto Rican Style",General,281.0,11.6,2.4,25.0,0.2,0.0,476.0,133.0,2706465,survey_fndds_food
"Stew, Fish",General,46.0,7.6,2.8,0.4,0.5,0.0,273.0,157.0,2706466,survey_fndds_food
"Meatballs, Ns As To Type Of Meat, With Sauce",General,186.0,18.0,0.2,12.0,0.0,0.0,801.0,212.0,2706467,survey_fndds_food
"Meat Loaf, Puerto Rican Style",General,325.0,19.8,10.7,22.0,0.6,0.0,629.0,229.0,2706468,survey_fndds_food
Meat With Tomato-Based Sauce,General,149.0,21.7,1.6,6.4,0.4,0.0,355.0,264.0,2706469,survey_fndds_food
Spaghetti Sauce With Meat,General,90.0,5.9,6.5,4.4,1.5,0.0,412.0,316.0,2706470,survey_fndds_food
Spaghetti Sauce With Meat And Added Vegetables,General,86.0,6.0,6.0,4.1,1.4,0.0,333.0,314.0,2706471,survey_fndds_food
"Stewed, Seasoned, Ground Beef And Pork",General,139.0,16.7,1.4,7.0,0.2,0.0,338.0,279.0,2706472,survey_fndds_food
"Meat With Gravy, Ns As To Type Of Meat",General,156.0,21.6,1.6,7.0,0.0,0.0,360.0,188.0,2706473,survey_fndds_food
"Beef And Potatoes, No Sauce",General,133.0,7.9,14.5,4.9,1.3,0.0,305.0,293.0,2706474,survey_fndds_food
"Beef And Potatoes With Cream Sauce, White Sauce Or Mushroom Sauce",General,100.0,8.0,8.7,3.8,0.7,0.0,337.0,217.0,2706475,survey_fndds_food
"Beef, Roast, Hash",General,140.0,13.2,10.7,5.1,1.0,0.0,486.0,335.0,2706476,survey_fndds_food
Corned Beef Hash,General,164.0,8.7,9.3,10.2,1.1,0.0,412.0,172.0,2706477,survey_fndds_food
Beef And Potatoes With Cheese Sauce,General,126.0,8.2,11.1,5.6,0.9,0.0,316.0,233.0,2706478,survey_fndds_food
"Stewed, Seasoned, Ground Beef With Potatoes",General,137.0,10.4,5.6,7.9,0.8,0.0,333.0,298.0,2706479,survey_fndds_food
"Beef And Noodles, No Sauce",General,189.0,11.4,16.2,8.4,0.8,0.0,377.0,125.0,2706480,survey_fndds_food
Beef And Macaroni With Cheese Sauce,General,137.0,9.1,12.3,5.4,0.5,0.0,394.0,141.0,2706481,survey_fndds_food
Beef And Noodles With Tomato-Based Sauce,General,115.0,8.7,10.7,3.9,0.4,0.0,274.0,114.0,2706482,survey_fndds_food
Chili With Macaroni,General,126.0,9.0,14.4,3.6,2.8,0.0,311.0,236.0,2706483,survey_fndds_food
Beef And Noodles With Gravy,General,139.0,7.7,15.4,5.1,0.7,0.0,304.0,75.0,2706484,survey_fndds_food
Beef And Noodles With Cream Or White Sauce,General,140.0,7.9,15.0,5.3,0.6,0.0,293.0,102.0,2706485,survey_fndds_food
Beef Stroganoff With Noodles,General,129.0,7.8,9.0,6.8,0.7,0.0,316.0,151.0,2706486,survey_fndds_food
Beef And Noodles With Mushroom Sauce,General,136.0,7.5,15.0,5.1,0.8,0.0,310.0,91.0,2706487,survey_fndds_food
Beef And Noodles With Soy-Based Sauce,General,173.0,13.2,7.5,10.0,0.6,0.0,273.0,172.0,2706488,survey_fndds_food
"Beef And Rice, No Sauce",General,146.0,7.3,17.2,5.0,0.2,0.0,312.0,68.0,2706489,survey_fndds_food
Biryani With Meat,General,145.0,8.5,12.2,6.8,1.0,0.0,98.0,229.0,2706490,survey_fndds_food
Beef And Rice With Tomato-Based Sauce,General,136.0,6.4,15.9,5.2,0.7,0.0,308.0,146.0,2706491,survey_fndds_food
Porcupine Balls With Tomato-Based Sauce,General,153.0,10.4,13.4,6.2,0.6,0.0,501.0,310.0,2706492,survey_fndds_food
Beef And Rice With Gravy,General,137.0,6.3,16.0,5.1,0.2,0.0,315.0,69.0,2706493,survey_fndds_food
Beef And Rice With Cream Sauce,General,139.0,6.7,15.9,5.2,0.2,0.0,303.0,97.0,2706494,survey_fndds_food
Beef And Rice With Mushroom Sauce,General,135.0,6.2,15.5,5.2,0.4,0.0,313.0,84.0,2706495,survey_fndds_food
Porcupine Balls With Mushroom Sauce,General,157.0,10.3,10.7,7.8,0.5,0.0,601.0,151.0,2706496,survey_fndds_food
Beef And Rice With Soy-Based Sauce,General,178.0,13.6,8.0,10.3,0.5,0.0,275.0,181.0,2706497,survey_fndds_food
Beef And Rice With Cheese Sauce,General,142.0,8.1,14.7,5.4,0.4,0.0,298.0,106.0,2706498,survey_fndds_food
Meat Loaf Made With Beef,General,199.0,17.5,7.2,10.7,0.4,0.0,416.0,273.0,2706499,survey_fndds_food
"Meat Loaf Made With Beef, With Tomato-Based Sauce",General,159.0,13.8,6.8,8.4,0.7,0.0,429.0,279.0,2706500,survey_fndds_food
Beef Wellington,General,368.0,19.2,10.2,27.4,0.4,0.0,182.0,274.0,2706501,survey_fndds_food
Corned Beef Patty,General,164.0,8.7,9.3,10.2,1.1,0.0,412.0,172.0,2706502,survey_fndds_food
"Beef Stew With Potatoes, Puerto Rican Style",General,220.0,14.6,6.5,14.8,1.0,0.0,572.0,403.0,2706503,survey_fndds_food
Meat Loaf Made With Ham,General,179.0,20.6,6.2,7.5,0.3,0.0,879.0,322.0,2706504,survey_fndds_food
Ham And Noodles With Cream Or White Sauce,General,139.0,6.8,15.3,5.4,0.6,0.0,479.0,127.0,2706505,survey_fndds_food
Ham And Rice With Mushroom Sauce,General,136.0,5.4,16.3,5.2,0.4,0.0,580.0,111.0,2706506,survey_fndds_food
Ham Or Pork With Stuffing,General,143.0,6.3,10.4,8.3,0.4,0.0,319.0,108.0,2706507,survey_fndds_food
Ham Croquette,General,273.0,18.0,2.6,20.7,0.2,0.0,1176.0,322.0,2706508,survey_fndds_food
Pork And Rice With Tomato-Based Sauce,General,140.0,6.4,16.8,5.0,0.7,0.0,311.0,182.0,2706509,survey_fndds_food
Sausage And Rice With Tomato-Based Sauce,General,134.0,4.6,16.4,5.5,0.7,0.0,673.0,163.0,2706510,survey_fndds_food
Sausage And Rice With Mushroom Sauce,General,142.0,4.9,16.8,6.0,0.4,0.0,488.0,103.0,2706511,survey_fndds_food
Sausage And Rice With Cheese Sauce,General,151.0,6.3,13.9,7.6,0.2,0.0,373.0,97.0,2706512,survey_fndds_food
Sausage And Noodles With Cream Or White Sauce,General,153.0,5.9,14.8,7.8,0.6,0.0,359.0,112.0,2706513,survey_fndds_food
"Ham And Noodles, No Sauce",General,144.0,7.2,15.9,5.5,0.8,0.0,483.0,101.0,2706514,survey_fndds_food
"Ham Or Pork And Rice, No Sauce",General,143.0,6.7,16.8,5.0,0.2,0.0,307.0,97.0,2706515,survey_fndds_food
Ham Or Pork And Potatoes With Gravy,General,126.0,5.4,11.7,6.3,0.9,0.0,301.0,242.0,2706516,survey_fndds_food
Ham Or Pork And Potatoes With Cheese Sauce,General,127.0,7.9,11.1,5.7,0.9,0.0,300.0,258.0,2706517,survey_fndds_food
"Stewed Pig'S Feet, Puerto Rican Style",General,136.0,10.0,4.1,8.7,0.5,0.0,483.0,180.0,2706518,survey_fndds_food
"Stew, Pork",General,109.0,8.4,6.3,5.4,1.3,0.0,304.0,252.0,2706519,survey_fndds_food
"Stew, Pork, With Pasta",General,133.0,9.4,10.8,5.6,1.1,0.0,296.0,183.0,2706520,survey_fndds_food
Lamb Or Mutton Loaf,General,192.0,14.0,7.4,11.6,0.3,0.0,467.0,210.0,2706521,survey_fndds_food
Lamb Or Mutton And Potatoes With Gravy,General,129.0,5.1,12.5,6.5,1.0,0.0,308.0,241.0,2706522,survey_fndds_food
Lamb Or Mutton And Potatoes With Tomato-Based Sauce,General,126.0,5.3,12.5,6.2,1.5,0.0,301.0,322.0,2706523,survey_fndds_food
Lamb Or Mutton And Noodles With Gravy,General,141.0,6.8,15.6,5.5,0.7,0.0,314.0,86.0,2706524,survey_fndds_food
Meat Loaf Made With Venison/Deer,General,166.0,19.0,6.3,6.7,0.4,0.0,378.0,310.0,2706525,survey_fndds_food
Venison Or Deer And Noodles With Cream Or White Sauce,General,141.0,8.4,14.5,5.4,0.6,0.0,292.0,107.0,2706526,survey_fndds_food
Chicken Or Turkey Hash,General,110.0,9.6,8.3,4.1,1.3,0.0,259.0,334.0,2706527,survey_fndds_food
Chicken Or Turkey And Potatoes With Gravy,General,122.0,7.5,9.0,6.4,0.9,0.0,428.0,239.0,2706528,survey_fndds_food
"Chicken Or Turkey And Noodles, No Sauce",General,148.0,7.7,15.5,6.1,0.7,0.0,353.0,75.0,2706529,survey_fndds_food
Chicken Or Turkey And Noodles With Gravy,General,140.0,7.0,15.2,5.7,0.7,0.0,350.0,79.0,2706530,survey_fndds_food
Chicken Or Turkey And Noodles With Mushroom Sauce,General,136.0,6.9,14.9,5.5,0.8,0.0,337.0,94.0,2706531,survey_fndds_food
Chicken Or Turkey And Noodles With Cream Or White Sauce,General,140.0,7.4,15.2,5.5,0.6,0.0,343.0,107.0,2706532,survey_fndds_food
Chicken Or Turkey And Noodles With Cheese Sauce,General,146.0,9.0,13.6,6.2,0.6,0.0,341.0,99.0,2706533,survey_fndds_food
Chicken Or Turkey Tetrazzini,General,119.0,12.0,7.0,4.8,0.5,0.0,386.0,129.0,2706534,survey_fndds_food
Chicken Or Turkey And Noodles With Tomato-Based Sauce,General,137.0,7.1,15.2,5.4,1.1,0.0,343.0,161.0,2706535,survey_fndds_food
Chicken Or Turkey And Noodles With Soy-Based Sauce,General,157.0,11.6,7.6,9.0,0.6,0.0,391.0,177.0,2706536,survey_fndds_food
"Chicken Or Turkey And Rice, No Sauce",General,149.0,6.5,17.0,5.8,0.2,0.0,353.0,71.0,2706537,survey_fndds_food
Biryani With Chicken,General,104.0,7.2,13.6,2.4,1.1,0.0,161.0,256.0,2706538,survey_fndds_food
Chicken Or Turkey And Rice With Cream Sauce,General,136.0,8.1,12.8,5.9,0.5,0.0,380.0,147.0,2706539,survey_fndds_food
Chicken Or Turkey And Rice With Mushroom Sauce,General,135.0,5.7,15.4,5.5,0.4,0.0,346.0,87.0,2706540,survey_fndds_food
Chicken Or Turkey And Rice With Tomato-Based Sauce,General,142.0,5.7,15.7,6.2,0.6,0.0,349.0,148.0,2706541,survey_fndds_food
Chicken Or Turkey And Rice With Soy-Based Sauce,General,162.0,12.0,8.0,9.2,0.5,0.0,395.0,186.0,2706542,survey_fndds_food
Chicken Or Turkey With Dumplings,General,144.0,15.7,8.0,5.6,0.3,0.0,488.0,176.0,2706543,survey_fndds_food
Chicken Or Turkey With Stuffing,General,172.0,20.0,11.7,4.9,0.5,0.0,454.0,229.0,2706544,survey_fndds_food
"Chicken Or Turkey Cake, Patty, Or Croquette",General,262.0,20.8,2.6,18.8,0.2,0.0,575.0,228.0,2706545,survey_fndds_food
Chicken Or Turkey Souffle,General,171.0,11.7,5.6,11.3,0.1,0.0,380.0,177.0,2706546,survey_fndds_food
Meat Loaf Made With Chicken Or Turkey,General,172.0,18.8,8.1,7.3,0.6,0.0,446.0,246.0,2706547,survey_fndds_food
"Meat Loaf Made With Chicken Or Turkey, With Tomato-Based Sauce",General,145.0,15.5,7.3,6.2,0.8,0.0,449.0,267.0,2706548,survey_fndds_food
"Crab, Cake",General,214.0,14.4,4.5,15.0,0.3,0.0,430.0,212.0,2706549,survey_fndds_food
"Fish, Cake Or Patty",General,212.0,13.6,10.4,12.6,1.2,0.0,429.0,430.0,2706550,survey_fndds_food
Gefilte Fish,General,82.0,10.4,8.7,0.4,0.4,0.0,453.0,171.0,2706551,survey_fndds_food
"Fish, Salmon Cake Or Patty",General,285.0,16.1,4.5,22.1,0.3,0.0,404.0,282.0,2706552,survey_fndds_food
"Shrimp And Noodles, No Sauce",General,146.0,7.3,16.4,5.5,0.8,0.0,144.0,57.0,2706553,survey_fndds_food
Shrimp And Noodles With Gravy,General,131.0,6.0,14.7,5.2,0.6,0.0,178.0,58.0,2706554,survey_fndds_food
Shrimp And Noodles With Mushroom Sauce,General,133.0,6.3,15.0,5.2,0.8,0.0,226.0,78.0,2706555,survey_fndds_food
Shrimp And Noodles With Cream Or White Sauce,General,143.0,7.1,16.2,5.3,0.7,0.0,162.0,96.0,2706556,survey_fndds_food
Shrimp And Noodles With Soy-Based Sauce,General,141.0,10.2,8.2,7.2,0.6,0.0,276.0,144.0,2706557,survey_fndds_food
Shrimp And Noodles With Cheese Sauce,General,136.0,8.2,13.4,5.4,0.6,0.0,192.0,81.0,2706558,survey_fndds_food
Shrimp And Noodles With Tomato Sauce,General,134.0,6.5,15.4,5.2,1.1,0.0,172.0,143.0,2706559,survey_fndds_food
Tuna Cake Or Patty,General,206.0,15.3,2.6,14.9,0.2,0.0,372.0,155.0,2706560,survey_fndds_food
Clam Cake Or Patty,General,246.0,19.0,6.8,15.4,0.2,0.0,408.0,476.0,2706561,survey_fndds_food
Flounder With Crab Stuffing,General,136.0,15.1,5.7,5.5,0.3,0.0,427.0,210.0,2706562,survey_fndds_food
"Lobster With Bread Stuffing, Baked",General,177.0,15.0,9.8,8.3,0.5,0.0,641.0,187.0,2706563,survey_fndds_food
Clams Casino,General,162.0,11.8,10.3,7.9,1.0,0.0,454.0,185.0,2706564,survey_fndds_food
"Shrimp, Cake Or Patty",General,218.0,13.9,5.3,15.3,0.3,0.0,329.0,133.0,2706565,survey_fndds_food
Shrimp With Crab Stuffing,General,174.0,16.4,6.2,9.0,0.3,0.0,537.0,199.0,2706566,survey_fndds_food
Shrimp Toast,General,222.0,8.5,12.0,15.4,0.8,0.0,558.0,132.0,2706567,survey_fndds_food
Imitation Crab Meat,General,95.0,7.6,15.0,0.5,0.5,0.0,529.0,90.0,2706568,survey_fndds_food
Seafood Souffle,General,153.0,9.9,5.6,10.0,0.1,0.0,425.0,149.0,2706569,survey_fndds_food
Tuna Noodle Casserole With Cream Or White Sauce,General,168.0,10.1,15.4,7.3,0.7,0.0,249.0,141.0,2706570,survey_fndds_food
Tuna Noodle Casserole With Mushroom Sauce,General,139.0,9.0,13.9,5.2,0.8,0.0,328.0,116.0,2706571,survey_fndds_food
Tuna And Rice With Mushroom Sauce,General,128.0,4.6,15.4,5.2,0.4,0.0,298.0,73.0,2706572,survey_fndds_food
Fish And Rice With Tomato-Based Sauce,General,135.0,5.4,16.5,5.1,0.7,0.0,310.0,151.0,2706573,survey_fndds_food
Fish And Rice With Cream Sauce,General,133.0,5.5,15.8,5.0,0.2,0.0,305.0,95.0,2706574,survey_fndds_food
Fish And Rice With Mushroom Sauce,General,135.0,5.3,16.1,5.2,0.4,0.0,307.0,86.0,2706575,survey_fndds_food
Fish And Noodles With Mushroom Sauce,General,131.0,6.3,14.8,5.1,0.8,0.0,312.0,89.0,2706576,survey_fndds_food
Shellfish And Noodles With Tomato-Based Sauce,General,135.0,6.6,15.7,5.0,1.1,0.0,239.0,179.0,2706577,survey_fndds_food
"Stewed Salmon, Puerto Rican Style",General,146.0,12.0,8.5,7.0,1.3,0.0,448.0,401.0,2706578,survey_fndds_food
"Meat Loaf, Ns As To Type Of Meat",General,202.0,17.5,7.2,11.0,0.4,0.0,416.0,273.0,2706579,survey_fndds_food
"Meatballs, With Breading, Ns As To Type Of Meat",General,143.0,12.2,6.3,7.5,0.4,0.0,499.0,199.0,2706580,survey_fndds_food
Meat Loaf Made With Beef And Pork,General,196.0,17.3,7.2,10.5,0.4,0.0,412.0,269.0,2706581,survey_fndds_food
"Meat Loaf Made With Beef, Veal And Pork",General,196.0,17.3,7.2,10.5,0.4,0.0,412.0,269.0,2706582,survey_fndds_food
"Meat Loaf Made With Beef And Pork, With Tomato-Based Sauce",General,157.0,13.6,6.8,8.2,0.7,0.0,426.0,275.0,2706583,survey_fndds_food
"Hash, Ns As To Type Of Meat",General,164.0,8.7,9.3,10.2,1.1,0.0,412.0,172.0,2706584,survey_fndds_food
"Vienna Sausages Stewed With Potatoes, Puerto Rican Style",General,219.0,5.1,13.1,16.4,1.7,0.0,466.0,359.0,2706585,survey_fndds_food
"Stewed, Seasoned, Ground Beef And Pork With Potatoes",General,143.0,12.8,4.2,8.0,0.6,0.0,193.0,305.0,2706586,survey_fndds_food
"Beef, Potatoes, And Vegetables Including Carrots",General,126.0,6.9,13.5,5.2,1.8,0.0,313.0,280.0,2706587,survey_fndds_food
"Beef, Potatoes, And Vegetables",General,131.0,7.0,15.0,5.1,1.7,0.0,305.0,287.0,2706588,survey_fndds_food
"Corned Beef, Potatoes, And Vegetables Including Carrots",General,127.0,4.8,13.7,6.0,1.8,0.0,318.0,264.0,2706589,survey_fndds_food
"Corned Beef, Potatoes, And Vegetables Excluding Carrots",General,127.0,4.8,15.4,5.4,1.7,0.0,312.0,273.0,2706590,survey_fndds_food
"Stew, Beef, Canned",General,100.0,5.0,6.5,6.0,1.1,0.0,395.0,226.0,2706591,survey_fndds_food
"Stew, Beef",General,107.0,8.8,6.3,5.1,1.3,0.0,307.0,254.0,2706592,survey_fndds_food
"Stew, Beef, With Pasta",General,132.0,9.8,10.8,5.2,1.1,0.0,299.0,184.0,2706593,survey_fndds_food
Shepherd'S Pie,General,123.0,7.6,8.7,6.3,1.5,0.0,264.0,250.0,2706594,survey_fndds_food
"Beef, Potatoes, And Vegetables Excluding Carrots",General,126.0,5.3,12.4,6.3,1.3,0.0,312.0,221.0,2706596,survey_fndds_food
"Beef, Noodles, And Vegetables Including Carrots",General,148.0,8.7,16.7,5.2,1.5,0.0,317.0,109.0,2706605,survey_fndds_food
"Beef, Noodles, And Vegetables Excluding Carrots",General,151.0,8.8,18.3,4.9,1.4,0.0,300.0,116.0,2706606,survey_fndds_food
Beef Chow Mein Or Chop Suey With Noodles,General,129.0,10.8,11.2,4.9,1.5,0.0,328.0,204.0,2706607,survey_fndds_food
"Beef, Rice, And Vegetables Including Carrots",General,149.0,7.5,18.4,4.9,1.0,0.0,312.0,106.0,2706616,survey_fndds_food
"Beef, Rice, And Vegetables Excluding Carrots",General,149.0,7.6,20.0,4.3,0.9,0.0,333.0,113.0,2706617,survey_fndds_food
Stuffed Cabbage Rolls With Beef And Rice,General,114.0,8.3,8.8,5.1,1.3,0.0,338.0,253.0,2706620,survey_fndds_food
Stuffed Grape Leaves With Beef And Rice,General,228.0,8.2,11.3,17.0,3.1,0.0,420.0,225.0,2706621,survey_fndds_food
"Pot Pie, Beef",General,271.0,8.9,24.0,15.4,2.0,0.0,374.0,173.0,2706630,survey_fndds_food
"Beef, Dumplings, And Vegetables Including Carrots",General,127.0,6.2,11.7,6.4,0.9,0.0,306.0,106.0,2706631,survey_fndds_food
"Beef, Dumplings, And Vegetables Excluding Carrots",General,130.0,6.2,12.8,6.2,0.8,0.0,301.0,112.0,2706632,survey_fndds_food
"Stuffed Green Pepper, Puerto Rican Style",General,152.0,8.9,15.6,5.8,1.7,0.0,732.0,315.0,2706633,survey_fndds_food
"Ham Or Pork, Noodles And Vegetables Excluding Carrots, Broccoli",General,151.0,8.4,18.3,4.9,1.4,0.0,313.0,147.0,2706634,survey_fndds_food
"Ham Or Pork, Noodles, And Vegetables Including Carrots",General,148.0,8.4,16.7,5.2,1.5,0.0,302.0,140.0,2706635,survey_fndds_food
"Pork, Potatoes, And Vegetables Including Carrots",General,128.0,6.6,13.4,5.4,1.8,0.0,316.0,310.0,2706637,survey_fndds_food
"Sausage, Noodles, And Vegetables Excluding Carrots",General,131.0,5.3,15.3,5.7,1.4,0.0,381.0,180.0,2706639,survey_fndds_food
"Sausage, Noodles, And Vegetables Including Carrots",General,127.0,5.2,14.2,5.7,1.5,0.0,388.0,174.0,2706640,survey_fndds_food
"Pork, Potatoes, And Vegetables Excluding Carrots",General,127.0,5.1,12.3,6.6,1.6,0.0,301.0,308.0,2706642,survey_fndds_food
"Sausage, Potatoes, And Vegetables Including Carrots",General,128.0,3.7,11.6,7.5,1.4,0.0,357.0,231.0,2706643,survey_fndds_food
"Sausage, Potatoes, And Vegetables Excluding Carrots",General,128.0,3.8,12.8,7.1,1.3,0.0,352.0,237.0,2706644,survey_fndds_food
Pork Chow Mein Or Chop Suey With Noodles,General,143.0,10.4,11.2,6.4,1.5,0.0,325.0,216.0,2706648,survey_fndds_food
"Pork, Rice, And Vegetables Including Carrots",General,144.0,10.0,7.9,7.9,1.1,0.0,222.0,260.0,2706649,survey_fndds_food
"Pork, Rice, And Vegetables Excluding Carrots",General,147.0,10.2,7.8,8.2,0.9,0.0,217.0,256.0,2706650,survey_fndds_food
"Ham, Potatoes, And Vegetables Excluding Carrots",General,126.0,5.6,15.0,5.1,1.7,0.0,457.0,316.0,2706653,survey_fndds_food
"Ham, Potatoes, And Vegetables Including Carrots",General,128.0,5.5,13.4,5.9,1.8,0.0,461.0,306.0,2706654,survey_fndds_food
Sweet And Sour Pork With Rice,General,187.0,9.8,16.5,8.8,0.6,0.0,261.0,194.0,2706655,survey_fndds_food
"Lamb Or Mutton, Rice, And Vegetables Excluding Carrots",General,136.0,5.0,16.3,5.5,0.7,0.0,309.0,104.0,2706656,survey_fndds_food
"Lamb Or Mutton, Rice, And Vegetables Including Carrots",General,130.0,5.1,15.2,5.3,1.1,0.0,316.0,166.0,2706657,survey_fndds_food
"Lamb Or Mutton, Rice, And Vegetables  Including Carrots",General,133.0,5.0,15.2,5.5,0.8,0.0,315.0,99.0,2706658,survey_fndds_food
Stuffed Grape Leaves With Lamb And Rice,General,271.0,8.2,11.9,21.5,3.3,0.0,71.0,191.0,2706659,survey_fndds_food
"Stew, Lamb",General,117.0,8.2,6.3,6.4,1.3,0.0,308.0,254.0,2706660,survey_fndds_food
"Stewed Rabbit, Puerto Rican Style",General,214.0,17.1,6.8,12.7,1.0,0.0,440.0,342.0,2706661,survey_fndds_food
"Venison Or Deer, Potatoes, And Vegetables Including Carrots",General,127.0,6.0,11.2,6.5,1.4,0.0,317.0,222.0,2706662,survey_fndds_food
"Venison Or Deer, Potatoes, And Vegetables Excluding Carrots",General,127.0,6.0,12.3,6.1,1.3,0.0,312.0,228.0,2706663,survey_fndds_food
"Venison Or Deer, Noodles, And Vegetables Including Carrots",General,130.0,7.4,13.6,5.1,1.5,0.0,311.0,166.0,2706664,survey_fndds_food
"Venison Or Deer, Noodles, And Vegetables Excluding Carrots",General,134.0,7.5,14.8,5.1,1.4,0.0,305.0,171.0,2706665,survey_fndds_food
"Chicken Or Turkey, Potatoes, Corn",General,123.0,4.5,13.3,6.1,1.1,0.0,353.0,222.0,2706666,survey_fndds_food
"Chicken Or Turkey, Potatoes, And Vegetables Including Carrots",General,129.0,6.2,13.3,6.0,1.8,0.0,345.0,281.0,2706667,survey_fndds_food
"Chicken Or Turkey, Potatoes, And Vegetables Excluding Carrots",General,132.0,6.2,14.8,5.7,1.7,0.0,356.0,289.0,2706668,survey_fndds_food
"Stew, Chicken, With Pasta",General,108.0,10.2,10.8,2.5,1.1,0.0,301.0,182.0,2706677,survey_fndds_food
"Stew, Chicken",General,84.0,9.2,6.3,2.3,1.3,0.0,309.0,251.0,2706678,survey_fndds_food
"Chicken Or Turkey, Noodles, And Vegetables Including Carrots",General,147.0,8.0,16.6,5.5,1.5,0.0,351.0,113.0,2706679,survey_fndds_food
"Chicken Or Turkey, Noodles, And Vegetables Excluding Carrots",General,151.0,8.0,18.1,5.4,1.4,0.0,352.0,120.0,2706680,survey_fndds_food
Chicken Or Turkey Chow Mein Or Chop Suey With Noodles,General,131.0,9.9,11.2,5.4,1.5,0.0,408.0,174.0,2706687,survey_fndds_food
"Chicken Or Turkey, Rice, And Vegetables Including Carrots",General,150.0,6.8,18.2,5.5,1.0,0.0,345.0,110.0,2706690,survey_fndds_food
"Chicken Or Turkey, Rice, And Vegetables Excluding Carrots",General,151.0,6.8,19.8,5.0,0.9,0.0,356.0,117.0,2706691,survey_fndds_food
"Chicken Or Turkey, Rice, Corn",General,149.0,5.6,14.4,7.8,0.7,0.0,424.0,142.0,2706694,survey_fndds_food
"Pot Pie, Chicken",General,255.0,9.2,24.0,13.5,2.0,0.0,375.0,171.0,2706703,survey_fndds_food
"Chicken Or Turkey, Stuffing, And Vegetables Including Carrots",General,159.0,7.1,13.3,8.7,1.3,0.0,369.0,135.0,2706704,survey_fndds_food
"Chicken Or Turkey, Stuffing, And Vegetables Excluding Carrots",General,165.0,7.2,14.8,8.8,1.2,0.0,361.0,142.0,2706705,survey_fndds_food
"Chicken Or Turkey, Dumplings, And Vegetables Including Carrots",General,127.0,5.6,11.6,6.6,0.9,0.0,344.0,109.0,2706708,survey_fndds_food
"Chicken Or Turkey, Dumplings, And Vegetables Excluding Carrots",General,128.0,5.6,12.8,6.2,0.8,0.0,340.0,115.0,2706709,survey_fndds_food
"Chicken Fricassee, Puerto Rican Style",General,172.0,12.1,7.2,10.6,1.2,0.0,753.0,317.0,2706710,survey_fndds_food
Paella With Seafood,General,143.0,8.0,16.4,4.8,0.7,0.0,609.0,112.0,2706711,survey_fndds_food
Shrimp Chow Mein Or Chop Suey With Noodles,General,117.0,9.0,11.4,4.0,1.5,0.0,335.0,142.0,2706712,survey_fndds_food
"Shrimp Creole, With Rice",General,123.0,10.1,11.9,3.6,0.8,0.0,436.0,114.0,2706713,survey_fndds_food
"Tuna Noodle Casserole With Vegetables, Cream Or White Sauce",General,149.0,9.0,14.2,6.2,0.9,0.0,211.0,178.0,2706714,survey_fndds_food
"Fish, Noodles, And Vegetables Including Carrots",General,137.0,8.4,14.2,5.2,1.1,0.0,309.0,120.0,2706715,survey_fndds_food
"Fish, Noodles, And Vegetables Excluding Carrots",General,141.0,8.4,15.3,5.2,1.1,0.0,303.0,125.0,2706716,survey_fndds_food
"Soup, Bouillabaisse",General,67.0,8.2,1.6,3.0,0.3,0.0,225.0,157.0,2706717,survey_fndds_food
Tuna Noodle Casserole With Vegetables And Mushroom Sauce,General,124.0,8.1,13.0,4.5,1.0,0.0,280.0,154.0,2706718,survey_fndds_food
"Codfish With Starchy Vegetables, Puerto Rican Style",General,135.0,3.5,18.5,5.4,2.7,0.0,54.0,419.0,2706719,survey_fndds_food
"Biscayne Codfish, Puerto Rican Style",General,190.0,9.2,11.1,12.2,1.9,0.0,300.0,408.0,2706720,survey_fndds_food
"Stew, Nfs",General,99.0,8.9,6.3,4.1,1.3,0.0,308.0,253.0,2706721,survey_fndds_food
"Chow Mein Or Chop Suey, Ns As To Type Of Meat, With Noodles",General,131.0,9.9,11.2,5.4,1.5,0.0,408.0,174.0,2706722,survey_fndds_food
"Paella, Nfs",General,169.0,9.5,15.8,7.2,0.6,0.0,737.0,126.0,2706723,survey_fndds_food
"Chow Mein Or Chop Suey, Various Types Of Meat, With Noodles",General,134.0,10.4,11.2,5.6,1.5,0.0,354.0,198.0,2706724,survey_fndds_food
"Stewed Tripe, With Potatoes, Puerto Rican Style",General,109.0,8.6,9.5,4.0,1.6,0.0,561.0,272.0,2706725,survey_fndds_food
Gumbo With Rice,General,89.0,8.2,6.6,3.4,0.9,0.0,400.0,176.0,2706726,survey_fndds_food
Jambalaya With Meat And Rice,General,161.0,13.8,8.6,8.0,0.7,0.0,379.0,240.0,2706727,survey_fndds_food
"Beef And Vegetables Including Carrots, Broccoli, And/Or Dark-Green Leafy; No Potatoes",General,116.0,11.4,3.0,6.7,1.4,0.0,316.0,164.0,2706728,survey_fndds_food
"Beef And Vegetables Excluding Carrots, Broccoli, And Dark-Green Leafy; No Potatoes",General,121.0,10.0,5.2,7.1,1.1,0.0,324.0,154.0,2706729,survey_fndds_food
"Beef Shish Kabob With Vegetables, Excluding Potatoes",General,122.0,14.8,5.1,4.9,0.8,0.0,208.0,238.0,2706730,survey_fndds_food
"Beef With Vegetables Including Carrots, Broccoli, And/Or Dark-Green Leafy; No Potatoes",General,110.0,8.2,4.5,7.0,1.7,0.0,300.0,248.0,2706731,survey_fndds_food
Swiss Steak,General,115.0,15.5,3.7,4.4,0.9,0.0,250.0,284.0,2706732,survey_fndds_food
"Beef Rolls, Stuffed With Vegetables Or Meat Mixture, Tomato-Based Sauce",General,195.0,20.6,6.6,9.1,0.7,0.0,351.0,380.0,2706733,survey_fndds_food
"Beef With Vegetables Excluding Carrots, Broccoli, And Dark-Green Leafy; No Potatoes",General,115.0,7.7,6.0,7.2,1.4,0.0,301.0,237.0,2706734,survey_fndds_food
Beef And Broccoli,General,160.0,10.4,5.1,10.6,1.3,0.0,440.0,300.0,2706738,survey_fndds_food
"Beef, Tofu, And Vegetables Including Carrots",General,115.0,7.3,4.8,7.7,1.2,0.0,235.0,207.0,2706739,survey_fndds_food
Szechuan Beef,General,105.0,7.1,7.3,5.3,1.5,0.0,409.0,204.0,2706740,survey_fndds_food
Hunan Beef,General,105.0,7.1,7.3,5.3,1.5,0.0,409.0,204.0,2706741,survey_fndds_food
"Beef Chow Mein Or Chop Suey, No Noodles",General,82.0,10.8,3.8,2.6,0.8,0.0,253.0,218.0,2706742,survey_fndds_food
Kung Pao Beef,General,216.0,17.9,4.6,14.4,1.0,0.0,175.0,225.0,2706743,survey_fndds_food
"Beef, Tofu, And Vegetables Excluding Carrots",General,117.0,7.5,4.4,8.0,1.0,0.0,230.0,201.0,2706745,survey_fndds_food
"Beef And Vegetables, Hawaiian Style",General,93.0,4.8,14.2,2.2,1.8,0.0,679.0,259.0,2706746,survey_fndds_food
Pepper Steak,General,145.0,11.9,4.3,9.1,0.7,0.0,244.0,202.0,2706747,survey_fndds_food
"Beef, Ground, With Egg And Onion",General,228.0,21.9,1.0,14.5,0.1,0.0,732.0,270.0,2706748,survey_fndds_food
Beef Salad,General,261.0,17.8,2.9,19.3,0.4,0.0,338.0,206.0,2706749,survey_fndds_food
"Beef Taco Filling: Beef, Cheese, Tomato",General,181.0,13.0,6.4,11.3,0.9,0.0,473.0,273.0,2706750,survey_fndds_food
Stir Fried Beef And Vegetables In Soy Sauce,General,102.0,10.7,4.4,4.8,1.0,0.0,338.0,241.0,2706751,survey_fndds_food
"Beef Steak With Onions, Puerto Rican Style",General,321.0,20.9,3.9,24.1,0.7,0.0,999.0,352.0,2706754,survey_fndds_food
Cabbage With Ham Hocks,General,75.0,7.8,4.9,2.6,1.7,0.0,344.0,255.0,2706755,survey_fndds_food
Ham Or Pork Salad,General,230.0,13.3,2.8,18.1,0.4,0.0,989.0,227.0,2706756,survey_fndds_food
Frankfurters Or Hot Dogs And Sauerkraut,General,198.0,7.6,3.4,17.3,1.1,0.0,764.0,266.0,2706757,survey_fndds_food
"Pork And Vegetables Including Carrots, Broccoli, And/Or Dark-Green Leafy; No Potatoes",General,123.0,11.2,3.1,7.3,1.5,0.0,317.0,234.0,2706758,survey_fndds_food
Greens With Ham Or Pork,General,47.0,4.9,4.7,1.4,3.6,0.0,370.0,303.0,2706759,survey_fndds_food
"Pork, Tofu, And Vegetables Including Carrots",General,116.0,7.0,4.8,7.8,1.2,0.0,238.0,232.0,2706760,survey_fndds_food
"Pork And Vegetables, Hawaiian Style",General,89.0,7.4,7.0,3.6,1.9,0.0,202.0,250.0,2706761,survey_fndds_food
Pork And Watercress With Soy-Based Sauce,General,190.0,14.9,3.4,12.7,0.5,0.0,341.0,295.0,2706762,survey_fndds_food
Kung Pao Pork,General,219.0,16.9,4.6,14.8,1.0,0.0,183.0,313.0,2706763,survey_fndds_food
"Moo Shu Pork, Without Chinese Pancake",General,153.0,10.4,4.0,10.7,0.9,0.0,815.0,264.0,2706764,survey_fndds_food
Pork And Onions With Soy-Based Sauce,General,149.0,11.1,5.4,9.1,0.8,0.0,245.0,261.0,2706765,survey_fndds_food
Pork Hash,General,186.0,12.9,2.0,13.7,0.5,0.0,486.0,268.0,2706766,survey_fndds_food
"Ham And Vegetables Including Carrots Broccoli, And/Or Dark- Green Leafy; No Potatoes, No Sauce",General,115.0,7.4,2.6,8.3,1.2,0.0,767.0,188.0,2706767,survey_fndds_food
"Ham And Vegetables Excluding Carrots, Broccoli, And Dark-Green Leafy; No Potatoes",General,120.0,7.6,5.1,7.8,1.1,0.0,757.0,200.0,2706768,survey_fndds_food
"Pork And Vegetables Excluding Carrots, Broccoli, And Dark-Green Leafy; No Potatoes",General,124.0,10.1,5.5,7.0,1.2,0.0,319.0,221.0,2706769,survey_fndds_food
"Pork, Tofu, And Vegetables",General,118.0,7.2,4.4,8.0,1.0,0.0,232.0,227.0,2706770,survey_fndds_food
"Pork Chow Mein Or Chop Suey, No Noodles",General,98.0,10.3,3.8,4.3,0.8,0.0,250.0,231.0,2706771,survey_fndds_food
"Pork And Vegetables Excluding  Carrots, Broccoli, And Dark-Green Leafy; No Potatoes",General,118.0,7.8,6.4,7.1,1.5,0.0,305.0,297.0,2706773,survey_fndds_food
"Sausage And Vegetables Including  Carrots, Broccoli, And/Or Dark-Green Leafy; No Potatoes",General,113.0,5.6,4.9,8.3,1.7,0.0,675.0,276.0,2706774,survey_fndds_food
"Sausage And Vegetables, Excluding Carrots, Broccoli",General,120.0,5.6,6.9,8.3,1.6,0.0,665.0,285.0,2706775,survey_fndds_food
"Sausage And Peppers, No Sauce",General,247.0,14.0,3.3,19.9,0.3,0.0,551.0,263.0,2706776,survey_fndds_food
"Pork And Vegetables Excluding Carrots, Broccoli, And Dark- Green Leafy; No Potatoes",General,149.0,11.4,4.3,9.4,1.0,0.0,251.0,290.0,2706778,survey_fndds_food
"Pork Shish Kabob With Vegetables, Excluding Potatoes",General,124.0,13.9,5.1,5.2,0.8,0.0,216.0,316.0,2706779,survey_fndds_food
"Lamb Shish Kabob With Vegetables, Excluding Potatoes",General,162.0,12.0,5.1,10.3,0.8,0.0,222.0,265.0,2706780,survey_fndds_food
"Chicken Or Turkey And Vegetables Including Carrots, Broccoli, And/Or Dark-Green Leafy; No Potatoes",General,118.0,9.7,2.9,7.8,1.4,0.0,386.0,166.0,2706781,survey_fndds_food
"Chicken Or Turkey And Vegetables Excluding Carrots, Broccoli, And Dark-Green Leafy; No Potatoes",General,123.0,8.7,5.1,8.0,1.1,0.0,379.0,160.0,2706782,survey_fndds_food
"Chicken Or Turkey Shish Kabob With Vegetables, Excluding Potatoes",General,104.0,13.0,5.1,3.7,0.8,0.0,346.0,250.0,2706783,survey_fndds_food
"Chicken Or Turkey Creole, Without Rice",General,103.0,13.8,3.0,4.2,1.1,0.0,364.0,276.0,2706784,survey_fndds_food
"Chicken Or Turkey A La King With Vegetables Including Carrots, Broccoli, And/Or Dark-Green Leafy; No Potatoes",General,187.0,9.4,6.8,13.8,0.6,0.0,428.0,187.0,2706787,survey_fndds_food
"Chicken Or Turkey A La King With Vegetables Excluding Carrorts, Broccoli, And Dark-Green Leafy; No Potatoes",General,181.0,9.6,6.3,13.3,0.5,0.0,482.0,172.0,2706788,survey_fndds_food
Chicken Or Turkey Divan,General,140.0,15.5,4.0,7.3,1.3,0.0,295.0,206.0,2706789,survey_fndds_food
General Tso Chicken,General,295.0,12.9,24.0,16.4,0.9,0.0,435.0,201.0,2706794,survey_fndds_food
Moo Goo Gai Pan,General,69.0,7.1,4.9,2.4,1.4,0.0,106.0,209.0,2706795,survey_fndds_food
Kung Pao Chicken,General,129.0,9.8,6.9,7.0,1.5,0.0,402.0,218.0,2706796,survey_fndds_food
Almond Chicken,General,195.0,15.7,4.5,13.2,1.2,0.0,330.0,243.0,2706797,survey_fndds_food
"Chicken Or Turkey Chow Mein Or Chop Suey, No Noodles",General,83.0,9.8,3.8,3.2,0.8,0.0,344.0,183.0,2706798,survey_fndds_food
"Chicken Or Turkey Salad, Made With Mayonnaise",General,235.0,13.9,2.9,18.8,0.4,0.0,484.0,207.0,2706799,survey_fndds_food
Chicken Or Turkey Salad With Nuts And/Or Fruits,General,235.0,12.5,6.1,17.9,1.0,0.0,391.0,237.0,2706800,survey_fndds_food
Chicken Or Turkey Salad With Egg,General,228.0,13.8,2.7,18.1,0.4,0.0,453.0,200.0,2706801,survey_fndds_food
"Chicken Or Turkey Salad, Made With Light Mayonnaise",General,146.0,13.6,4.8,8.2,0.4,0.0,529.0,206.0,2706802,survey_fndds_food
"Chicken Or Turkey Salad, Made With Mayonnaise-Type Salad Dressing",General,148.0,13.7,6.0,8.0,0.4,0.0,490.0,208.0,2706803,survey_fndds_food
"Chicken Or Turkey Salad, Made With Light Mayonnaise-Type Salad Dressing",General,146.0,13.6,4.8,8.2,0.4,0.0,529.0,206.0,2706804,survey_fndds_food
"Chicken Or Turkey Salad, Made With Creamy Dressing",General,188.0,13.8,4.0,13.1,0.4,0.0,526.0,213.0,2706805,survey_fndds_food
"Chicken Or Turkey Salad, Made With Light Creamy Dressing",General,128.0,13.8,4.3,6.4,0.4,0.0,532.0,206.0,2706806,survey_fndds_food
"Chicken Or Turkey Salad, Made With Italian Dressing",General,146.0,13.6,5.4,7.8,0.4,0.0,564.0,218.0,2706807,survey_fndds_food
"Chicken Or Turkey Salad, Made With Light Italian Dressing",General,116.0,13.6,4.9,4.7,0.4,0.0,543.0,219.0,2706808,survey_fndds_food
"Chicken Or Turkey Salad, Made With Any Type Of Fat Free Dressing",General,111.0,13.3,6.3,3.8,0.9,0.0,525.0,207.0,2706809,survey_fndds_food
"Chicken Or Turkey Garden Salad, Chicken And/Or Turkey, Tomato And/Or Carrots",General,64.0,10.1,3.0,1.3,1.0,0.0,136.0,276.0,2706810,survey_fndds_food
"Chicken Or Turkey Garden Salad, Chicken And/Or Turkey, Other Vegetables Excluding Tomato And Carrots",General,66.0,10.8,2.6,1.4,0.8,0.0,140.0,277.0,2706811,survey_fndds_food
"Chicken Or Turkey Garden Salad With Bacon And Cheese, Chicken And/Or Turkey, Bacon",General,106.0,11.0,3.0,5.6,0.9,0.0,228.0,269.0,2706812,survey_fndds_food
"Chicken Or Turkey, Breaded, Fried",General,122.0,6.8,6.4,7.7,1.2,0.0,256.0,271.0,2706813,survey_fndds_food
"Chicken Or Turkey Garden Salad With Cheese, Chicken And/Or Turkey, Cheese",General,93.0,10.3,3.0,4.5,0.9,0.0,176.0,260.0,2706814,survey_fndds_food
"Asian Chicken Or Turkey Garden Salad, Chicken And/Or Turkey, Lettuce",General,130.0,11.4,9.5,5.5,1.9,0.0,176.0,280.0,2706816,survey_fndds_food
"Asian Chicken Or Turkey Garden Salad With Crispy Noodles, Chicken And/Or Turkey, Lettuce",General,116.0,10.2,8.1,5.3,1.8,0.0,167.0,288.0,2706817,survey_fndds_food
"Chicken Or Turkey Caesar Garden Salad, Chicken And/Or Turkey, Lettuce",General,63.0,8.5,3.0,1.9,1.0,0.0,265.0,290.0,2706818,survey_fndds_food
"Chicken Or Turkey Fricassee, With Sauce, No Potatoes",General,183.0,14.0,2.5,13.1,0.7,0.0,593.0,219.0,2706822,survey_fndds_food
"Chicken Or Turkey Fricassee, No Sauce, No Potatoes",General,200.0,25.2,0.0,11.0,0.0,0.0,742.0,262.0,2706823,survey_fndds_food
Crab Salad,General,188.0,9.4,1.3,15.9,0.4,0.0,462.0,201.0,2706824,survey_fndds_food
Lobster Salad,General,187.0,10.3,1.2,15.4,0.4,0.0,508.0,188.0,2706825,survey_fndds_food
Salmon Salad,General,213.0,10.8,2.7,17.4,0.4,0.0,507.0,245.0,2706826,survey_fndds_food
"Shrimp Chow Mein Or Chop Suey, No Noodles",General,69.0,8.8,4.3,1.7,0.8,0.0,263.0,148.0,2706827,survey_fndds_food
"Tuna Salad, Made With Mayonnaise",General,194.0,10.1,2.9,15.8,0.4,0.0,418.0,155.0,2706828,survey_fndds_food
"Tuna Salad, Made With Light Mayonnaise",General,106.0,9.8,4.8,5.4,0.4,0.0,464.0,155.0,2706829,survey_fndds_food
"Tuna Salad, Made With Mayonnaise-Type Salad Dressing",General,108.0,9.9,5.9,5.2,0.4,0.0,425.0,156.0,2706830,survey_fndds_food
"Tuna Salad, Made With Light Mayonnaise-Type Salad Dressing",General,106.0,9.8,4.8,5.4,0.4,0.0,464.0,155.0,2706831,survey_fndds_food
"Tuna Salad, Made With Creamy Dressing",General,148.0,10.0,4.0,10.3,0.4,0.0,460.0,162.0,2706832,survey_fndds_food
"Tuna Salad, Made With Light Creamy Dressing",General,78.0,9.8,7.4,1.2,0.4,0.0,488.0,176.0,2706833,survey_fndds_food
"Tuna Salad, Made With Italian Dressing",General,106.0,9.8,5.4,5.1,0.4,0.0,498.0,167.0,2706834,survey_fndds_food
"Tuna Salad, Made With Light Italian Dressing",General,76.0,9.8,4.9,2.0,0.4,0.0,478.0,168.0,2706835,survey_fndds_food
"Tuna Salad, Made With Any Type Of Fat Free Dressing",General,72.0,9.6,6.2,1.2,0.8,0.0,460.0,157.0,2706836,survey_fndds_food
Shrimp Salad,General,196.0,10.7,1.3,16.2,0.4,0.0,703.0,110.0,2706837,survey_fndds_food
Seafood Salad,General,190.0,10.1,1.2,15.8,0.4,0.0,585.0,167.0,2706838,survey_fndds_food
Tuna Salad With Cheese,General,214.0,11.3,2.8,17.6,0.4,0.0,440.0,147.0,2706839,survey_fndds_food
Tuna Salad With Egg,General,190.0,10.3,2.7,15.4,0.4,0.0,393.0,152.0,2706840,survey_fndds_food
"Shrimp Garden Salad, Shrimp, Lettuce",General,65.0,8.3,2.8,2.0,0.8,0.0,289.0,196.0,2706841,survey_fndds_food
Crab Salad Made With Imitation Crab,General,197.0,4.1,8.7,16.3,0.6,0.0,530.0,116.0,2706843,survey_fndds_food
"Fish, Tofu, And Vegetables",General,177.0,4.0,4.5,16.0,1.1,0.0,22.0,180.0,2706844,survey_fndds_food
"Seafood Garden Salad With Seafood, Lettuce, Vegetables Excluding Tomato And Carrots",General,47.0,7.7,2.6,0.5,0.8,0.0,280.0,236.0,2706845,survey_fndds_food
"Seafood Garden Salad With Seafood, Lettuce, Tomato And/Or Carrots",General,47.0,7.1,3.0,0.5,1.0,0.0,266.0,237.0,2706846,survey_fndds_food
"Seafood Garden Salad With Seafood, Lettuce, Eggs",General,64.0,8.4,2.4,2.0,0.7,0.0,256.0,219.0,2706847,survey_fndds_food
Oysters Rockefeller,General,134.0,7.6,9.4,7.5,1.9,0.0,430.0,245.0,2706849,survey_fndds_food
Lomi Salmon,General,60.0,7.6,3.3,1.9,1.0,0.0,145.0,270.0,2706850,survey_fndds_food
"Shrimp And Vegetables Including Carrots, Broccoli, And/Or Dark-Green Leafy; No Potatoes",General,118.0,9.4,3.8,7.2,1.6,0.0,59.0,146.0,2706851,survey_fndds_food
"Shrimp And Vegetables Excluding Carrots, Broccoli, And Dark-Green Leafy; No Potatoes",General,124.0,9.2,6.8,6.9,1.3,0.0,41.0,157.0,2706852,survey_fndds_food
"Shrimp Shish Kabob With Vegetables, Excluding Potatoes",General,83.0,11.2,5.7,1.6,0.8,0.0,240.0,201.0,2706855,survey_fndds_food
"Shrimp Creole, No Rice",General,124.0,14.3,4.5,5.2,1.0,0.0,153.0,198.0,2706856,survey_fndds_food
Kung Pao Shrimp,General,173.0,13.9,5.3,10.7,1.0,0.0,210.0,184.0,2706857,survey_fndds_food
"Tuna Casserole With Vegetables And Mushroom Sauce, No Noodles",General,115.0,9.0,8.4,5.1,0.9,0.0,364.0,188.0,2706858,survey_fndds_food
"Shellfish Mixture And Vegetables Including Carrots, Broccoli, And/Or Dark-Green Leafy; No Potatoes",General,120.0,9.4,5.9,6.4,1.2,0.0,247.0,295.0,2706859,survey_fndds_food
"Shellfish Mixture And Vegetables Excluding Carrots, Broccoli, And Dark-Green Leafy; No Potatoes",General,122.0,9.7,5.6,6.6,1.0,0.0,242.0,292.0,2706860,survey_fndds_food
"Fish And Vegetables Including Carrots, Broccoli, And/Or Dark-Green Leafy; No Potatoes",General,106.0,6.3,4.4,7.3,1.6,0.0,302.0,241.0,2706863,survey_fndds_food
"Fish And Vegetables Excluding Carrots, Broccoli, And Dark- Green Leafy; No Potatoes",General,112.0,6.3,6.3,7.3,1.5,0.0,303.0,249.0,2706864,survey_fndds_food
"Fish And Vegetables Excluding  Carrots, Broccoli, And Dark-Green Leafy; No Potatoes",General,106.0,8.0,4.3,6.2,1.0,0.0,250.0,253.0,2706866,survey_fndds_food
"Fish Shish Kabob With Vegetables, Excluding Potatoes",General,68.0,9.4,5.1,1.0,0.8,0.0,250.0,255.0,2706867,survey_fndds_food
"Fried Fish With Sauce, Puerto Rican Style",General,155.0,11.8,3.4,10.3,0.8,0.0,662.0,309.0,2706868,survey_fndds_food
"Lobster With Sauce, Puerto Rican Style",General,154.0,10.8,3.9,10.6,0.9,0.0,719.0,282.0,2706869,survey_fndds_food
"Octopus Salad, Puerto Rican Style",General,170.0,9.7,5.6,12.0,1.0,0.0,129.0,297.0,2706870,survey_fndds_food
"Codfish Salad, Puerto Rican Style, Serenata",General,183.0,6.6,2.8,15.9,0.7,0.0,415.0,245.0,2706871,survey_fndds_food
"Chow Mein Or Chop Suey, Ns As To Type Of Meat, No Noodles",General,83.0,9.8,3.8,3.2,0.8,0.0,344.0,183.0,2706872,survey_fndds_food
Lau Lau,General,140.0,15.2,0.0,8.3,0.0,0.0,231.0,223.0,2706873,survey_fndds_food
"Antipasto With Ham, Fish, Cheese",General,158.0,11.6,3.8,10.7,1.1,0.0,854.0,248.0,2706874,survey_fndds_food
"Livers, Chicken, Chopped",General,226.0,12.9,2.9,17.7,0.4,0.0,1047.0,170.0,2706875,survey_fndds_food
"Liver, Beef Or Calves, And Onions",General,129.0,16.7,7.0,3.6,0.5,0.0,276.0,277.0,2706876,survey_fndds_food
"Stewed Chitterlings, Puerto Rican Style",General,214.0,8.4,3.8,18.5,0.9,0.0,55.0,140.0,2706877,survey_fndds_food
"Stewed Gizzards, Puerto Rican Style",General,179.0,20.3,4.4,8.7,1.1,0.0,380.0,239.0,2706878,survey_fndds_food
"Gumbo, No Rice",General,83.0,8.5,4.0,3.7,0.9,0.0,433.0,186.0,2706879,survey_fndds_food
"Sandwich, Nfs",General,287.0,12.8,33.8,12.0,1.9,0.0,542.0,240.0,2706880,survey_fndds_food
"Sandwich Wrap, Nfs",General,232.0,12.8,23.3,9.4,1.5,0.0,792.0,230.0,2706881,survey_fndds_food
"Barbecue Sandwich, Nfs",General,238.0,15.3,24.9,8.1,0.8,0.0,561.0,233.0,2706882,survey_fndds_food
"Sloppy Joe Sandwich, On White Bun",General,185.0,11.3,20.0,6.4,1.1,0.0,360.0,232.0,2706883,survey_fndds_food
"Sloppy Joe Sandwich, On Wheat Bun",General,180.0,11.8,18.4,6.4,2.2,0.0,343.0,253.0,2706884,survey_fndds_food
"Barbecue Beef Sandwich, On White Bun",General,245.0,16.5,24.9,8.5,0.8,0.0,562.0,214.0,2706885,survey_fndds_food
"Barbecue Beef Sandwich, On Wheat Bun",General,240.0,17.0,23.3,8.5,2.0,0.0,544.0,236.0,2706886,survey_fndds_food
"Cheeseburger Slider, From Fast Food",General,298.0,16.2,25.0,14.3,0.9,0.0,505.0,190.0,2706887,survey_fndds_food
"Cheeseburger, Nfs",General,296.0,17.9,18.7,16.2,0.6,0.0,438.0,219.0,2706888,survey_fndds_food
"Cheeseburger, From Fast Food, 1 Small Patty",General,299.0,16.4,24.0,14.8,0.8,0.0,510.0,192.0,2706889,survey_fndds_food
Cheeseburger (Burger King),General,265.0,14.0,23.7,12.3,1.0,0.0,527.0,200.0,2706890,survey_fndds_food
Whopper Jr With Cheese (Burger King),General,235.0,12.0,19.0,12.1,0.9,0.0,407.0,191.0,2706891,survey_fndds_food
Cheeseburger (Mcdonalds),General,270.0,13.5,25.5,12.9,1.9,0.0,628.0,184.0,2706892,survey_fndds_food
"Cheeseburger, From School Cafeteria",General,250.0,18.7,23.4,8.6,2.7,0.0,313.0,233.0,2706893,survey_fndds_food
Cheeseburger Slider,General,297.0,18.1,17.9,16.4,0.6,0.0,431.0,222.0,2706894,survey_fndds_food
"Cheeseburger, On White Bun, 1 Small Patty",General,298.0,17.6,19.6,16.0,0.7,0.0,459.0,212.0,2706895,survey_fndds_food
"Cheeseburger, On Wheat Bun, 1 Small Patty",General,292.0,18.2,17.8,16.1,2.0,0.0,439.0,237.0,2706896,survey_fndds_food
"Cheeseburger, From Fast Food, 1 Medium Patty",General,296.0,17.9,18.7,16.2,0.6,0.0,438.0,219.0,2706897,survey_fndds_food
Quarter Pounder (Mcdonalds),General,256.0,15.7,22.1,11.6,1.1,0.0,374.0,225.0,2706898,survey_fndds_food
Whopper With Cheese (Burger King),General,268.0,13.7,17.7,15.8,1.1,0.0,473.0,208.0,2706899,survey_fndds_food
Quarter Pounder With Cheese (Mcdonalds),General,269.0,15.2,19.7,14.4,1.2,0.0,591.0,223.0,2706900,survey_fndds_food
"Cheeseburger, On White Bun, 1 Medium Patty",General,296.0,17.9,18.7,16.2,0.6,0.0,438.0,219.0,2706901,survey_fndds_food
"Cheeseburger, On Wheat Bun, 1 Medium Patty",General,291.0,18.5,17.0,16.2,1.9,0.0,418.0,243.0,2706902,survey_fndds_food
"Cheeseburger, On White Bun, 1 Large Patty",General,299.0,18.7,15.3,17.6,0.5,0.0,453.0,228.0,2706903,survey_fndds_food
"Cheeseburger, On Wheat Bun, 1 Large Patty",General,295.0,19.2,13.9,17.6,1.6,0.0,437.0,247.0,2706904,survey_fndds_food
"Double Cheeseburger, On White Bun, 2 Small Patties",General,296.0,19.3,13.3,17.9,0.5,0.0,412.0,241.0,2706905,survey_fndds_food
"Double Cheeseburger, On Wheat Bun, 2 Small Patties",General,292.0,19.7,12.1,17.9,1.4,0.0,399.0,258.0,2706906,survey_fndds_food
"Double Cheeseburger, On White Bun, 2 Medium Patties",General,300.0,19.6,11.8,18.8,0.4,0.0,440.0,240.0,2706907,survey_fndds_food
"Double Cheeseburger, On Wheat Bun, 2 Medium Patties",General,297.0,20.0,10.8,18.8,1.2,0.0,428.0,255.0,2706908,survey_fndds_food
"Cheeseburger, From Fast Food, 1 Large Patty",General,299.0,18.7,15.3,17.6,0.5,0.0,453.0,228.0,2706909,survey_fndds_food
"Double Cheeseburger, On White Bun, 2 Large Patties",General,299.0,20.2,9.7,19.4,0.3,0.0,409.0,252.0,2706910,survey_fndds_food
"Double Cheeseburger, On Wheat Bun, 2 Large Patties",General,296.0,20.5,8.8,19.4,1.0,0.0,399.0,264.0,2706911,survey_fndds_food
"Double Cheeseburger, From Fast Food, 2 Small Patties",General,297.0,18.1,17.7,16.6,0.6,0.0,447.0,221.0,2706912,survey_fndds_food
Double Cheeseburger (Burger King),General,278.0,16.3,16.9,15.7,0.7,0.0,502.0,224.0,2706913,survey_fndds_food
Double Cheeseburger (Mcdonalds),General,282.0,16.2,18.0,16.2,0.9,0.0,617.0,226.0,2706914,survey_fndds_food
Mcdouble (Mcdonalds),General,282.0,16.2,18.0,16.2,0.9,0.0,617.0,226.0,2706915,survey_fndds_food
Big Mac (Mcdonalds),General,261.0,11.9,21.5,14.1,1.4,0.0,485.0,182.0,2706916,survey_fndds_food
"Double Cheeseburger, From Fast Food, 2 Medium Patties",General,300.0,19.6,11.8,18.8,0.4,0.0,440.0,240.0,2706917,survey_fndds_food
"Double Cheeseburger, From Fast Food, 2 Large Patties",General,299.0,20.2,9.7,19.4,0.3,0.0,409.0,252.0,2706918,survey_fndds_food
"Hamburger Slider, From Fast Food",General,285.0,15.3,29.2,11.4,1.0,0.0,400.0,198.0,2706919,survey_fndds_food
"Hamburger, Nfs",General,288.0,17.5,20.7,14.4,0.7,0.0,355.0,229.0,2706920,survey_fndds_food
"Hamburger, From Fast Food, 1 Small Patty",General,285.0,15.5,28.3,11.7,1.0,0.0,396.0,201.0,2706921,survey_fndds_food
Hamburger (Burger King),General,254.0,13.6,26.0,10.2,1.1,0.0,400.0,199.0,2706922,survey_fndds_food
Whopper Jr (Burger King),General,216.0,10.7,21.1,9.6,1.0,0.0,315.0,198.0,2706923,survey_fndds_food
Hamburger (Mcdonalds),General,263.0,13.3,29.6,10.2,1.8,0.0,487.0,197.0,2706924,survey_fndds_food
"Hamburger, From School Cafeteria",General,243.0,17.8,25.7,7.4,3.0,0.0,278.0,251.0,2706925,survey_fndds_food
Hamburger Slider,General,288.0,17.8,19.7,14.7,0.7,0.0,349.0,232.0,2706926,survey_fndds_food
"Hamburger, On White Bun, 1 Small Patty",General,287.0,17.1,22.2,13.8,0.8,0.0,361.0,223.0,2706927,survey_fndds_food
"Hamburger, On Wheat Bun, 1 Small Patty",General,280.0,17.8,20.1,13.9,2.4,0.0,337.0,253.0,2706928,survey_fndds_food
"Hamburger, From Fast Food, 1 Medium Patty",General,288.0,17.5,20.7,14.4,0.7,0.0,355.0,229.0,2706929,survey_fndds_food
"Hamburger, From Fast Food, 1 Large Patty",General,289.0,18.4,17.1,15.6,0.6,0.0,351.0,241.0,2706930,survey_fndds_food
Whopper (Burger King),General,226.0,11.3,17.3,12.4,1.5,0.0,342.0,188.0,2706931,survey_fndds_food
"Hamburger, On White Bun, 1 Medium Patty",General,288.0,17.5,20.7,14.4,0.7,0.0,355.0,229.0,2706932,survey_fndds_food
"Hamburger, On Wheat Bun, 1 Medium Patty",General,281.0,18.2,18.7,14.4,2.2,0.0,333.0,256.0,2706933,survey_fndds_food
"Hamburger, On White Bun, 1 Large Patty",General,289.0,18.4,17.1,15.6,0.6,0.0,351.0,241.0,2706934,survey_fndds_food
"Hamburger, On Wheat Bun, 1 Large Patty",General,283.0,19.0,15.5,15.7,1.8,0.0,333.0,264.0,2706935,survey_fndds_food
"Double Hamburger, On White Bun, 2 Small Patties",General,289.0,19.2,14.3,16.6,0.5,0.0,344.0,252.0,2706936,survey_fndds_food
"Double Hamburger, On Wheat Bun, 2 Small Patties",General,285.0,19.6,12.9,16.7,1.5,0.0,328.0,271.0,2706937,survey_fndds_food
"Double Hamburger, On White Bun, 2 Medium Patties",General,290.0,19.5,13.0,17.1,0.5,0.0,336.0,256.0,2706938,survey_fndds_food
"Double Hamburger, On Wheat Bun, 2 Medium Patties",General,286.0,19.9,11.8,17.1,1.4,0.0,322.0,274.0,2706939,survey_fndds_food
"Double Hamburger, On White Bun, 2 Large Patties",General,290.0,20.2,10.3,18.0,0.4,0.0,322.0,266.0,2706940,survey_fndds_food
"Double Hamburger, On Wheat Bun, 2 Large Patties",General,287.0,20.6,9.4,18.1,1.1,0.0,311.0,280.0,2706941,survey_fndds_food
"Double Hamburger, From Fast Food, 2 Small Patties",General,288.0,17.8,19.7,14.7,0.7,0.0,357.0,232.0,2706942,survey_fndds_food
"Double Hamburger, From Fast Food, 2 Medium Patties",General,290.0,19.5,13.0,17.1,0.5,0.0,336.0,256.0,2706943,survey_fndds_food
"Double Hamburger, From Fast Food, 2 Large Patties",General,290.0,20.2,10.3,18.0,0.4,0.0,322.0,266.0,2706944,survey_fndds_food
Meatball Sandwich Or Sub,General,207.0,11.3,21.3,8.2,1.2,0.0,511.0,221.0,2706945,survey_fndds_food
Meatloaf Sandwich,General,217.0,11.8,28.7,6.2,1.3,0.0,494.0,204.0,2706946,survey_fndds_food
"Chiliburger, With Or Without Cheese, On Bun",General,232.0,14.8,17.7,11.0,1.5,0.0,356.0,243.0,2706947,survey_fndds_food
Corned Beef Sandwich On White,General,259.0,13.6,25.7,11.0,1.2,0.0,702.0,131.0,2706948,survey_fndds_food
"Corned Beef Sandwich On White, With Cheese",General,274.0,14.7,22.5,13.7,1.0,0.0,750.0,134.0,2706949,survey_fndds_food
Corned Beef Sandwich On Wheat,General,257.0,14.7,23.7,11.2,2.8,0.0,697.0,168.0,2706950,survey_fndds_food
"Corned Beef Sandwich On Wheat, With Cheese",General,273.0,15.6,20.9,13.9,2.4,0.0,745.0,165.0,2706951,survey_fndds_food
Reuben Sandwich,General,282.0,10.0,16.4,19.4,2.2,0.0,688.0,134.0,2706952,survey_fndds_food
Roast Beef Sandwich On White,General,194.0,13.9,25.8,3.6,1.2,0.0,645.0,373.0,2706953,survey_fndds_food
"Roast Beef Sandwich On White, With Cheese",General,219.0,14.9,22.6,7.4,1.0,0.0,701.0,339.0,2706954,survey_fndds_food
Roast Beef Sandwich On Wheat,General,192.0,14.9,23.8,3.8,2.8,0.0,639.0,410.0,2706955,survey_fndds_food
"Roast Beef Sandwich On Wheat, With Cheese",General,217.0,15.7,20.9,7.6,2.4,0.0,696.0,370.0,2706956,survey_fndds_food
French Dip Sandwich,General,184.0,13.2,24.5,3.5,1.1,0.0,631.0,357.0,2706957,survey_fndds_food
Steak Sandwich Or Sub On White,General,249.0,17.9,25.4,8.1,1.2,0.0,411.0,215.0,2706958,survey_fndds_food
Steak Sandwich Or Sub On Wheat,General,247.0,18.9,23.5,8.3,2.8,0.0,406.0,252.0,2706959,survey_fndds_food
Cheese Steak Sandwich Or Sub On White,General,270.0,18.4,21.5,12.0,1.0,0.0,527.0,203.0,2706960,survey_fndds_food
Cheese Steak Sandwich Or Sub On Wheat,General,268.0,19.2,19.9,12.2,2.2,0.0,523.0,233.0,2706961,survey_fndds_food
Gyro Sandwich,General,184.0,11.2,18.8,6.8,1.0,0.0,323.0,205.0,2706962,survey_fndds_food
"Hamburger Wrap Sandwich, From Fast Food",General,299.0,16.9,20.4,16.1,1.4,0.0,440.0,230.0,2706963,survey_fndds_food
Ham Sandwich On White,General,187.0,12.9,25.6,3.7,1.2,0.0,662.0,266.0,2706964,survey_fndds_food
"Ham Sandwich On White, With Cheese",General,213.0,14.1,22.4,7.5,1.0,0.0,716.0,248.0,2706965,survey_fndds_food
Ham Sandwich On Wheat,General,185.0,14.0,23.6,3.9,2.8,0.0,657.0,303.0,2706966,survey_fndds_food
"Ham Sandwich On Wheat, With Cheese",General,212.0,14.9,20.8,7.6,2.4,0.0,711.0,279.0,2706967,survey_fndds_food
"Ham Sandwich Or Sub, Restaurant",General,178.0,13.3,22.8,3.7,1.1,0.0,687.0,283.0,2706968,survey_fndds_food
"Ham Sandwich Or Sub, With Cheese, Restaurant",General,210.0,14.6,19.7,8.1,0.9,0.0,744.0,260.0,2706969,survey_fndds_food
Ham Sandwich Wrap,General,230.0,13.5,22.5,9.4,1.5,0.0,825.0,252.0,2706970,survey_fndds_food
Ham Salad Sandwich On White,General,242.0,12.0,18.3,13.3,1.0,0.0,809.0,191.0,2706971,survey_fndds_food
Ham Salad Sandwich On Wheat,General,241.0,12.6,17.0,13.4,2.1,0.0,806.0,214.0,2706972,survey_fndds_food
Cuban Sandwich,General,228.0,15.9,16.3,10.7,0.8,0.0,553.0,212.0,2706973,survey_fndds_food
Barbecue Rib Sandwich,General,223.0,13.7,26.5,6.5,0.9,0.0,466.0,215.0,2706974,survey_fndds_food
"Barbecue Pork Sandwich, On White Bun",General,243.0,15.0,24.9,8.8,0.8,0.0,567.0,240.0,2706975,survey_fndds_food
"Barbecue Pork Sandwich, On Wheat Bun",General,238.0,15.5,23.3,8.9,2.0,0.0,549.0,262.0,2706976,survey_fndds_food
Pork Sandwich,General,226.0,17.7,25.4,5.5,1.2,0.0,403.0,230.0,2706977,survey_fndds_food
"Pork Sandwich, With Cheese",General,246.0,18.1,22.3,9.0,1.0,0.0,496.0,218.0,2706978,survey_fndds_food
"Bacon, Lettuce, Tomato Sandwich On White",General,231.0,10.9,29.7,7.5,1.7,0.0,521.0,207.0,2706979,survey_fndds_food
"Bacon, Lettuce, Tomato Sandwich On Wheat",General,229.0,12.0,27.5,7.8,3.4,0.0,515.0,248.0,2706980,survey_fndds_food
Turkey Sandwich On White,General,189.0,12.0,26.5,3.7,1.2,0.0,624.0,240.0,2706981,survey_fndds_food
"Turkey Sandwich On White, With Cheese",General,215.0,13.3,23.2,7.5,1.0,0.0,683.0,226.0,2706982,survey_fndds_food
Turkey Sandwich On Wheat,General,187.0,13.0,24.6,3.9,2.8,0.0,619.0,277.0,2706983,survey_fndds_food
"Turkey Sandwich On Wheat, With Cheese",General,214.0,14.2,21.6,7.6,2.4,0.0,679.0,257.0,2706984,survey_fndds_food
"Turkey Sandwich Or Sub, Restaurant",General,180.0,12.3,23.9,3.7,1.1,0.0,644.0,254.0,2706985,survey_fndds_food
"Turkey Sandwich Or Sub, With Cheese, Restaurant",General,212.0,13.8,20.6,8.1,0.9,0.0,709.0,236.0,2706986,survey_fndds_food
Turkey Sandwich Wrap,General,232.0,12.8,23.3,9.4,1.5,0.0,792.0,230.0,2706987,survey_fndds_food
"Chicken Deli Sandwich Or Sub, Restaurant",General,176.0,13.7,24.3,2.7,1.1,0.0,763.0,248.0,2706988,survey_fndds_food
"Chicken Deli Sandwich Or Sub, With Cheese, Restaurant",General,208.0,14.9,20.9,7.2,0.9,0.0,807.0,231.0,2706989,survey_fndds_food
Chicken Salad Sandwich On White,General,246.0,12.4,18.3,13.7,1.0,0.0,473.0,177.0,2706990,survey_fndds_food
Chicken Salad Sandwich On Wheat,General,245.0,13.1,17.1,13.8,2.1,0.0,469.0,201.0,2706991,survey_fndds_food
Chicken Salad Sandwich Wrap,General,269.0,12.9,17.0,16.6,1.3,0.0,603.0,177.0,2706992,survey_fndds_food
Club Sandwich On White,General,222.0,15.1,23.1,7.5,1.0,0.0,769.0,283.0,2706993,survey_fndds_food
"Club Sandwich On White, With Cheese",General,241.0,15.8,20.6,10.4,0.9,0.0,802.0,264.0,2706994,survey_fndds_food
Club Sandwich On Wheat,General,220.0,16.0,21.4,7.6,2.4,0.0,765.0,315.0,2706995,survey_fndds_food
"Club Sandwich On Wheat, With Cheese",General,239.0,16.6,19.1,10.5,2.1,0.0,798.0,293.0,2706996,survey_fndds_food
"Club Sandwich Or Sub, Restaurant",General,234.0,16.0,18.4,10.6,0.8,0.0,814.0,271.0,2706997,survey_fndds_food
"Barbecue Chicken Sandwich, On White Bun",General,204.0,15.9,24.9,4.4,0.8,0.0,531.0,217.0,2706998,survey_fndds_food
"Barbecue Chicken Sandwich, On Wheat Bun",General,199.0,16.5,23.3,4.4,2.0,0.0,513.0,239.0,2706999,survey_fndds_food
"Chicken Fillet Sandwich, Nfs",General,281.0,12.2,27.5,13.5,1.7,0.0,571.0,209.0,2707000,survey_fndds_food
"Chicken Fillet Sandwich, From School Cafeteria",General,251.0,14.6,29.8,8.1,4.4,0.0,446.0,262.0,2707001,survey_fndds_food
"Chicken Fillet Biscuit, From Fast Food",General,320.0,10.8,26.4,19.1,2.0,0.0,775.0,205.0,2707002,survey_fndds_food
"Chicken Fillet Sandwich, Fried, From Fast Food",General,281.0,12.2,27.5,13.5,1.7,0.0,571.0,209.0,2707003,survey_fndds_food
"Chicken Fillet Sandwich, Grilled, From Fast Food",General,226.0,21.5,19.4,6.2,0.7,0.0,430.0,258.0,2707005,survey_fndds_food
"Chicken Fillet Sandwich, Ns As To Fried Or Grilled, From Fast Food",General,281.0,12.2,27.5,13.5,1.7,0.0,571.0,209.0,2707007,survey_fndds_food
"Chicken Fillet Sandwich, Fried, On White Bun",General,269.0,12.4,28.1,11.7,1.7,0.0,503.0,214.0,2707008,survey_fndds_food
"Chicken Fillet Sandwich, Fried, On White Bun; With Cheese",General,280.0,13.5,25.2,13.8,1.5,0.0,568.0,206.0,2707009,survey_fndds_food
"Chicken Fillet Sandwich, Fried, On Wheat Bun",General,263.0,13.1,26.3,11.7,3.1,0.0,482.0,240.0,2707010,survey_fndds_food
"Chicken Fillet Sandwich, Grilled, On White Bun",General,216.0,21.8,19.7,4.8,0.7,0.0,408.0,262.0,2707012,survey_fndds_food
"Chicken Fillet Sandwich, Grilled, On Wheat Bun",General,210.0,22.5,17.8,4.9,2.1,0.0,387.0,288.0,2707014,survey_fndds_food
"Chicken Fillet Wrap Sandwich, Fried, From Fast Food",General,299.0,12.7,24.4,16.7,2.0,0.0,694.0,203.0,2707016,survey_fndds_food
"Chicken Fillet Wrap Sandwich, Grilled, From Fast Food",General,252.0,20.8,17.3,10.4,1.2,0.0,574.0,245.0,2707017,survey_fndds_food
"Turkey Or Chicken Burger, On White Bun",General,234.0,20.0,20.7,7.7,0.7,0.0,356.0,222.0,2707018,survey_fndds_food
"Turkey Or Chicken Burger, On Wheat Bun",General,227.0,20.7,18.7,7.7,2.2,0.0,334.0,250.0,2707019,survey_fndds_food
"Fish Sandwich, Fried, From Fast Food",General,235.0,14.5,25.7,8.2,0.9,0.0,462.0,229.0,2707020,survey_fndds_food
Crab Cake Sandwich,General,231.0,12.7,19.4,11.2,1.0,0.0,436.0,180.0,2707022,survey_fndds_food
Salmon Cake Sandwich,General,279.0,13.9,19.4,15.9,1.0,0.0,419.0,227.0,2707023,survey_fndds_food
Fried Seafood Sandwich,General,234.0,11.3,24.7,9.8,1.1,0.0,439.0,113.0,2707024,survey_fndds_food
"Fish Sandwich, From School Cafeteria",General,209.0,15.0,27.4,4.3,3.5,0.0,387.0,280.0,2707025,survey_fndds_food
"Fish Sandwich, Nfs",General,252.0,15.3,22.8,11.0,0.8,0.0,537.0,218.0,2707026,survey_fndds_food
"Fish Sandwich, Fried, On White Bun",General,236.0,14.5,25.7,8.2,0.9,0.0,403.0,230.0,2707027,survey_fndds_food
"Fish Sandwich, Fried, On Wheat Bun",General,229.0,15.2,23.8,8.2,2.4,0.0,381.0,257.0,2707029,survey_fndds_food
"Fish Sandwich, Grilled",General,180.0,16.1,21.2,3.3,0.8,0.0,379.0,261.0,2707031,survey_fndds_food
Fish Wrap Sandwich,General,262.0,14.7,22.6,12.4,1.4,0.0,562.0,220.0,2707032,survey_fndds_food
Sardine Sandwich,General,234.0,17.9,21.9,8.0,1.0,0.0,371.0,273.0,2707033,survey_fndds_food
Tuna Salad Sandwich On White,General,218.0,9.9,18.3,11.8,1.0,0.0,429.0,142.0,2707034,survey_fndds_food
"Tuna Salad Sandwich On White, With Cheese",General,233.0,11.0,16.9,13.5,0.9,0.0,489.0,143.0,2707035,survey_fndds_food
Tuna Salad Sandwich On Wheat,General,217.0,10.5,17.1,11.9,2.1,0.0,425.0,166.0,2707036,survey_fndds_food
"Tuna Salad Sandwich On Wheat, With Cheese",General,232.0,11.6,15.8,13.6,1.9,0.0,486.0,165.0,2707037,survey_fndds_food
Tuna Salad Sandwich Wrap,General,244.0,10.6,17.0,14.8,1.3,0.0,564.0,146.0,2707038,survey_fndds_food
Seafood Salad Sandwich,General,216.0,9.9,17.2,11.8,1.0,0.0,540.0,150.0,2707039,survey_fndds_food
Bologna Sandwich On White,General,274.0,9.9,28.5,13.3,1.2,0.0,764.0,215.0,2707040,survey_fndds_food
"Bologna Sandwich On White, With Cheese",General,287.0,11.5,24.9,15.6,1.0,0.0,801.0,205.0,2707041,survey_fndds_food
Bologna Sandwich On Wheat,General,272.0,10.9,26.5,13.5,2.8,0.0,759.0,252.0,2707042,survey_fndds_food
"Bologna Sandwich On Wheat, With Cheese",General,285.0,12.3,23.2,15.8,2.4,0.0,797.0,237.0,2707043,survey_fndds_food
Corn Dog,General,250.0,8.6,27.0,12.0,1.0,0.0,668.0,125.0,2707044,survey_fndds_food
Pig In A Blanket,General,310.0,11.4,19.2,20.8,0.7,0.0,708.0,264.0,2707045,survey_fndds_food
Salami Sandwich On White,General,321.0,15.0,25.8,17.1,1.2,0.0,1080.0,236.0,2707046,survey_fndds_food
"Salami Sandwich On White, With Cheese",General,326.0,15.9,22.6,18.9,1.0,0.0,1070.0,223.0,2707047,survey_fndds_food
Salami Sandwich On Wheat,General,319.0,16.1,23.8,17.3,2.8,0.0,1075.0,273.0,2707048,survey_fndds_food
"Salami Sandwich On Wheat, With Cheese",General,325.0,16.7,21.0,19.0,2.4,0.0,1065.0,254.0,2707049,survey_fndds_food
Italian Sandwich On White,General,309.0,15.7,18.9,18.8,0.8,0.0,1010.0,242.0,2707050,survey_fndds_food
Italian Sandwich On Wheat,General,308.0,16.4,17.5,18.9,2.0,0.0,1006.0,268.0,2707051,survey_fndds_food
"Italian Sandwich Or Sub, Restaurant",General,313.0,16.2,16.4,20.0,0.7,0.0,1053.0,251.0,2707052,survey_fndds_food
Italian Sausage Sandwich On White,General,300.0,14.4,23.5,16.3,0.8,0.0,645.0,226.0,2707053,survey_fndds_food
Italian Sausage Sandwich On Wheat,General,293.0,15.2,21.4,16.3,2.4,0.0,621.0,256.0,2707054,survey_fndds_food
Spam Sandwich,General,266.0,10.0,27.6,12.8,1.1,0.0,913.0,261.0,2707055,survey_fndds_food
"Hot Dog Sandwich, Nfs, On White Bun",General,296.0,10.8,23.7,17.4,0.8,0.0,681.0,236.0,2707056,survey_fndds_food
"Hot Dog Sandwich, Nfs, On Wheat Bun",General,290.0,11.6,21.6,17.4,2.4,0.0,657.0,265.0,2707057,survey_fndds_food
"Hot Dog Sandwich, Nfs, On White Bread",General,295.0,10.9,18.9,19.6,0.8,0.0,698.0,254.0,2707058,survey_fndds_food
"Hot Dog Sandwich, Nfs, On Wheat Bread",General,294.0,11.6,17.6,19.7,1.9,0.0,694.0,279.0,2707059,survey_fndds_food
"Hot Dog Sandwich, Beef, On White Bun",General,296.0,10.8,23.7,17.4,0.8,0.0,681.0,236.0,2707060,survey_fndds_food
"Hot Dog Sandwich, Beef, On Wheat Bun",General,290.0,11.6,21.6,17.4,2.4,0.0,657.0,265.0,2707061,survey_fndds_food
"Hot Dog Sandwich, Beef, On White Bread",General,295.0,10.9,18.9,19.6,0.8,0.0,698.0,254.0,2707062,survey_fndds_food
"Hot Dog Sandwich, Beef, On Wheat Bread",General,294.0,11.6,17.6,19.7,1.9,0.0,694.0,279.0,2707063,survey_fndds_food
"Hot Dog Sandwich, Meat And Poultry, On White Bun",General,278.0,9.7,24.9,15.2,0.8,0.0,681.0,244.0,2707064,survey_fndds_food
"Hot Dog Sandwich, Meat And Poultry, On Wheat Bun",General,271.0,10.5,22.8,15.3,2.4,0.0,657.0,274.0,2707065,survey_fndds_food
"Hot Dog Sandwich, Meat And Poultry, On White Bread",General,274.0,9.6,20.2,17.1,0.8,0.0,698.0,264.0,2707066,survey_fndds_food
"Hot Dog Sandwich, Meat And Poultry, On Wheat Bread",General,272.0,10.3,19.0,17.2,1.9,0.0,694.0,288.0,2707067,survey_fndds_food
"Hot Dog Sandwich, Turkey, On White Bun",General,248.0,11.1,24.2,11.4,0.8,0.0,702.0,262.0,2707068,survey_fndds_food
"Hot Dog Sandwich, Turkey, On Wheat Bun",General,241.0,11.9,22.2,11.4,2.4,0.0,678.0,291.0,2707069,survey_fndds_food
"Hot Dog Sandwich, Turkey, On White Bread",General,238.0,11.3,19.5,12.6,0.8,0.0,722.0,284.0,2707070,survey_fndds_food
"Hot Dog Sandwich, Turkey, On Wheat Bread",General,237.0,11.9,18.2,12.7,1.9,0.0,719.0,309.0,2707071,survey_fndds_food
"Hot Dog Sandwich, Reduced Fat, On White Bun",General,244.0,12.0,25.0,10.5,0.8,0.0,561.0,167.0,2707072,survey_fndds_food
"Hot Dog Sandwich, Reduced Fat, On Wheat Bun",General,237.0,12.7,22.9,10.5,2.4,0.0,538.0,197.0,2707073,survey_fndds_food
"Hot Dog Sandwich, Reduced Fat, On White Bread",General,234.0,12.3,20.3,11.5,0.8,0.0,558.0,173.0,2707074,survey_fndds_food
"Hot Dog Sandwich, Reduced Fat, On Wheat Bread",General,233.0,12.9,19.0,11.6,1.9,0.0,554.0,198.0,2707075,survey_fndds_food
"Hot Dog Sandwich, Vegetarian, On Bun",General,251.0,15.8,24.3,9.9,3.1,0.0,466.0,104.0,2707076,survey_fndds_food
"Hot Dog Sandwich, Vegetarian, On Bread",General,243.0,16.6,20.2,10.7,3.4,0.0,448.0,100.0,2707077,survey_fndds_food
"Chili Hot Dog Sandwich, On White Bun",General,223.0,9.9,18.8,12.0,1.7,0.0,556.0,251.0,2707078,survey_fndds_food
"Chili Hot Dog Sandwich, On Wheat Bun",General,219.0,10.4,17.5,12.0,2.7,0.0,541.0,269.0,2707079,survey_fndds_food
"Chili Hot Dog Sandwich, On White Bread",General,215.0,9.9,15.4,12.7,1.8,0.0,553.0,263.0,2707080,survey_fndds_food
"Chili Hot Dog Sandwich, On Wheat Bread",General,215.0,10.3,14.7,12.8,2.4,0.0,551.0,277.0,2707081,survey_fndds_food
Multiple Meat Sandwich On White,General,190.0,12.9,21.7,5.6,1.0,0.0,708.0,298.0,2707082,survey_fndds_food
"Multiple Meat Sandwich On White, With Cheese",General,211.0,13.8,19.5,8.5,0.8,0.0,746.0,279.0,2707083,survey_fndds_food
Multiple Meat Sandwich On Wheat,General,189.0,13.7,20.1,5.8,2.2,0.0,704.0,327.0,2707084,survey_fndds_food
"Multiple Meat Sandwich On Wheat, With Cheese",General,210.0,14.5,18.2,8.7,2.0,0.0,743.0,305.0,2707085,survey_fndds_food
"Multiple Meat Sandwich Or Sub, Restaurant",General,183.0,13.2,19.2,5.8,0.8,0.0,730.0,313.0,2707086,survey_fndds_food
"Multiple Meat Sandwich Or Sub, With Cheese, Restaurant",General,208.0,14.2,17.2,9.1,0.7,0.0,771.0,289.0,2707087,survey_fndds_food
Multiple Meat Sandwich Wrap,General,226.0,13.4,19.6,10.1,1.3,0.0,837.0,282.0,2707088,survey_fndds_food
Turkey And Ham Sandwich On White,General,172.0,13.1,21.2,3.7,1.0,0.0,683.0,281.0,2707089,survey_fndds_food
"Turkey And Ham Sandwich On White, With Cheese",General,195.0,14.0,19.2,6.8,0.8,0.0,725.0,264.0,2707090,survey_fndds_food
Turkey And Ham Sandwich On Wheat,General,170.0,13.9,19.6,3.8,2.2,0.0,679.0,311.0,2707091,survey_fndds_food
"Turkey And Ham Sandwich On Wheat, With Cheese",General,194.0,14.8,17.8,7.0,2.0,0.0,721.0,290.0,2707092,survey_fndds_food
"Turkey And Ham Sandwich Or Sub, Restaurant",General,163.0,13.5,18.6,3.7,0.8,0.0,705.0,296.0,2707093,survey_fndds_food
"Turkey And Ham Sandwich Or Sub, With Cheese, Restaurant",General,191.0,14.5,16.6,7.3,0.7,0.0,749.0,275.0,2707094,survey_fndds_food
"Frozen Dinner, Nfs",General,146.0,6.8,10.9,8.4,1.2,0.0,268.0,179.0,2707095,survey_fndds_food
"Beef Dinner, Nfs, Frozen Meal",General,146.0,6.8,10.9,8.4,1.2,0.0,268.0,179.0,2707096,survey_fndds_food
"Beef With Vegetable, Diet Frozen Meal",General,125.0,10.6,4.7,7.0,0.8,0.0,292.0,281.0,2707097,survey_fndds_food
"Salisbury Steak Dinner, Nfs, Frozen Meal",General,146.0,6.8,10.9,8.4,1.2,0.0,268.0,179.0,2707098,survey_fndds_food
"Salisbury Steak With Gravy, Potatoes, Vegetable",General,146.0,6.8,10.9,8.4,1.2,0.0,268.0,179.0,2707099,survey_fndds_food
"Salisbury Steak With Gravy, Whipped Potatoes, Vegetable",General,141.0,7.6,12.6,6.7,1.0,0.0,589.0,190.0,2707100,survey_fndds_food
"Salisbury Steak With Gravy, Macaroni And Cheese, Frozen Meal",General,202.0,10.4,20.4,8.5,1.3,0.0,380.0,136.0,2707101,survey_fndds_food
"Beef, Sliced, With Gravy",General,125.0,8.1,6.6,7.3,0.7,0.0,296.0,224.0,2707102,survey_fndds_food
"Meatballs, Swedish, In Gravy",General,112.0,9.9,10.3,3.4,0.8,0.0,255.0,157.0,2707103,survey_fndds_food
"Beef With Spaetzle Or Rice, Vegetable, Frozen Meal",General,118.0,6.9,12.2,4.4,0.6,0.0,278.0,149.0,2707104,survey_fndds_food
"Chicken Dinner, Nfs, Frozen Meal",General,124.0,8.5,10.7,5.2,0.9,0.0,379.0,165.0,2707105,survey_fndds_food
"Chicken, Fried, With Potatoes",General,157.0,10.3,10.6,8.1,1.7,0.0,669.0,247.0,2707106,survey_fndds_food
"Chicken Patty, Or Nuggets, Boneless",General,175.0,10.7,16.0,8.1,1.4,0.0,376.0,317.0,2707107,survey_fndds_food
"Teriyaki Chicken With Rice And Vegetable, Diet Frozen Meal",General,126.0,5.6,22.5,1.6,0.7,0.0,333.0,123.0,2707109,survey_fndds_food
"Chicken With Rice And Vegetable, Diet Frozen Meal",General,111.0,9.8,11.0,3.0,0.8,0.0,410.0,189.0,2707110,survey_fndds_food
"Chicken And Vegetables Au Gratin With Rice, Diet Frozen Entree",General,120.0,10.7,7.2,5.4,0.8,0.0,499.0,213.0,2707111,survey_fndds_food
"Chicken And Vegetable Entree With Rice, Diet Frozen Meal",General,171.0,10.4,19.6,5.6,0.7,0.0,359.0,178.0,2707112,survey_fndds_food
"Chicken With Noodles And Cheese Sauce, Diet Frozen Meal",General,114.0,10.1,11.7,2.9,0.7,0.0,171.0,97.0,2707113,survey_fndds_food
"Chicken And Vegetable Entree With Noodles, Diet Frozen Meal",General,85.0,7.6,9.8,1.9,1.6,0.0,283.0,245.0,2707114,survey_fndds_food
"Chicken In Soy-Based Sauce, Rice And Vegetables, Frozen Meal",General,109.0,6.6,18.1,0.9,1.0,0.0,333.0,175.0,2707115,survey_fndds_food
"Chicken And Vegetable Entree With Noodles And Cream Sauce, Frozen Meal",General,124.0,8.5,10.7,5.2,0.9,0.0,379.0,165.0,2707116,survey_fndds_food
"Turkey With Vegetable, Stuffing, Diet Frozen Meal",General,96.0,9.3,10.7,1.8,1.5,0.0,210.0,196.0,2707117,survey_fndds_food
"Turkey With Gravy, Dressing, Potatoes",General,128.0,7.0,16.3,3.9,1.3,0.0,326.0,230.0,2707118,survey_fndds_food
"Fish In Lemon-Butter Sauce With Starch Item, Vegetable, Frozen Meal",General,101.0,5.5,11.0,3.8,1.1,0.0,452.0,94.0,2707119,survey_fndds_food
"Shrimp And Vegetables In Sauce With Noodles, Diet Frozen Meal",General,91.0,5.3,13.4,1.7,1.5,0.0,456.0,87.0,2707120,survey_fndds_food
"Meat Loaf Dinner, Nfs, Frozen Meal",General,134.0,6.7,10.1,7.4,1.2,0.0,392.0,221.0,2707121,survey_fndds_food
"Meat Loaf With Potatoes, Vegetable, Frozen Meal",General,134.0,6.7,10.1,7.4,1.2,0.0,392.0,221.0,2707122,survey_fndds_food
"Soup, Meatball",General,52.0,2.6,5.5,2.2,0.9,0.0,285.0,204.0,2707123,survey_fndds_food
"Soup, Pho, With Meat",General,77.0,5.8,5.6,3.3,0.4,0.0,365.0,78.0,2707124,survey_fndds_food
"Soup, Pho, No Meat",General,37.0,1.4,5.9,0.9,0.5,0.0,357.0,53.0,2707125,survey_fndds_food
"Soup, Pepperpot",General,91.0,3.1,6.8,5.8,0.9,0.0,251.0,155.0,2707126,survey_fndds_food
"Soup, Beef, Canned",General,37.0,1.9,4.9,1.2,0.9,0.0,266.0,161.0,2707127,survey_fndds_food
"Soup, Sopa Or Caldo De Res",General,71.0,5.9,4.0,3.4,0.8,0.0,294.0,183.0,2707128,survey_fndds_food
"Soup, Pozole",General,43.0,3.4,4.6,1.2,0.9,0.0,248.0,103.0,2707129,survey_fndds_food
"Soup, Italian Wedding",General,66.0,3.6,7.4,2.4,0.9,0.0,239.0,138.0,2707130,survey_fndds_food
"Soup, Pork Or Ham",General,48.0,3.1,4.0,2.2,0.8,0.0,247.0,152.0,2707131,survey_fndds_food
"Soup, Broth",General,6.0,0.9,0.2,0.2,0.0,0.0,372.0,36.0,2707132,survey_fndds_food
"Soup, Chicken, Canned",General,33.0,2.0,4.9,0.7,0.9,0.0,266.0,161.0,2707133,survey_fndds_food
"Soup, Chicken",General,40.0,3.4,4.0,1.1,0.8,0.0,249.0,151.0,2707134,survey_fndds_food
"Soup, Sopa Or Caldo De Pollo",General,55.0,6.2,4.0,1.6,0.8,0.0,295.0,181.0,2707135,survey_fndds_food
"Soup, Hot And Sour",General,39.0,2.6,4.4,1.2,0.5,0.0,376.0,55.0,2707136,survey_fndds_food
"Soup, Cream Of Chicken",General,91.0,4.0,6.8,5.4,0.9,0.0,251.0,167.0,2707137,survey_fndds_food
"Soup, Manhattan Clam Chowder",General,35.0,2.5,5.3,0.5,0.8,0.0,249.0,164.0,2707138,survey_fndds_food
"Soup, New England Clam Chowder",General,93.0,3.1,9.2,4.8,1.0,0.0,247.0,185.0,2707139,survey_fndds_food
"Soup, Bisque",General,75.0,2.3,5.9,4.8,0.9,0.0,239.0,138.0,2707140,survey_fndds_food
Lobster Gumbo,General,59.0,6.2,4.6,1.8,0.9,0.0,288.0,229.0,2707141,survey_fndds_food
Shrimp Gumbo,General,61.0,6.5,4.6,1.9,0.9,0.0,377.0,194.0,2707142,survey_fndds_food
"Soup, Fish Or Shrimp",General,30.0,2.6,4.0,0.5,0.8,0.0,253.0,153.0,2707143,survey_fndds_food
"Gravy, Poultry",General,48.0,0.7,5.3,2.6,0.1,0.0,389.0,42.0,2707144,survey_fndds_food
"Gravy, Beef",General,53.0,3.8,4.8,2.4,0.4,0.0,633.0,81.0,2707145,survey_fndds_food
"Gravy, Beef, Fat Free",General,53.0,3.8,4.8,2.4,0.4,0.0,633.0,81.0,2707146,survey_fndds_food
"Gravy, Poultry, Fat Free",General,48.0,0.7,5.3,2.6,0.1,0.0,389.0,42.0,2707147,survey_fndds_food
"Gravy, Made With Soy Sauce",General,46.0,0.8,9.8,0.3,0.1,0.0,981.0,31.0,2707148,survey_fndds_food
"Gravy, Nfs",General,53.0,3.8,4.8,2.4,0.4,0.0,633.0,81.0,2707149,survey_fndds_food
Oyster Sauce,General,51.0,1.4,10.9,0.2,0.3,0.0,2733.0,54.0,2707150,survey_fndds_food
Mole Sauce,General,75.0,1.0,10.8,3.8,1.0,0.0,493.0,127.0,2707151,survey_fndds_food
"Egg, Whole, Raw",General,143.0,12.4,1.0,10.0,0.0,0.0,129.0,132.0,2707152,survey_fndds_food
"Egg, Whole, Cooked",General,176.0,11.8,0.9,13.9,0.0,0.0,195.0,126.0,2707153,survey_fndds_food
"Egg, Whole, Boiled Or Poached",General,143.0,12.4,1.0,10.0,0.0,0.0,129.0,132.0,2707154,survey_fndds_food
"Egg, Whole, Fried",General,185.0,11.6,0.9,15.0,0.0,0.0,248.0,124.0,2707155,survey_fndds_food
"Egg, Whole, Fried No Added Fat",General,143.0,12.4,1.0,9.9,0.0,0.0,244.0,132.0,2707156,survey_fndds_food
"Egg, Whole, Fried With Margarine",General,171.0,11.6,1.0,13.5,0.0,0.0,274.0,125.0,2707157,survey_fndds_food
"Egg, Whole, Fried With Oil",General,192.0,11.6,0.9,15.8,0.0,0.0,228.0,123.0,2707158,survey_fndds_food
"Egg, Whole, Fried With Butter",General,182.0,11.6,0.9,14.6,0.0,0.0,263.0,125.0,2707159,survey_fndds_food
"Egg, Whole, Fried With Animal Fat Or Meat Drippings",General,188.0,11.7,0.9,15.3,0.0,0.0,268.0,124.0,2707160,survey_fndds_food
"Egg, Whole, Fried With Cooking Spray",General,149.0,12.2,1.2,10.6,0.0,0.0,243.0,130.0,2707161,survey_fndds_food
"Egg, Whole, Baked",General,185.0,11.6,0.9,15.0,0.0,0.0,248.0,124.0,2707164,survey_fndds_food
"Egg, Whole, Pickled",General,154.0,12.5,1.1,10.5,0.0,0.0,392.0,125.0,2707167,survey_fndds_food
"Egg, White Only, Raw",General,52.0,10.7,2.4,0.0,0.0,0.0,166.0,163.0,2707168,survey_fndds_food
"Egg, White, Cooked",General,100.0,10.0,2.2,5.7,0.0,0.0,282.0,153.0,2707169,survey_fndds_food
"Egg, Yolk Only, Raw",General,328.0,16.2,1.0,28.8,0.0,0.0,48.0,109.0,2707172,survey_fndds_food
"Egg, Yolk Only, Cooked",General,357.0,15.1,1.0,32.6,0.0,0.0,172.0,102.0,2707173,survey_fndds_food
"Duck Egg, Cooked",General,224.0,12.0,1.4,18.6,0.0,0.0,264.0,208.0,2707176,survey_fndds_food
"Goose Egg, Cooked",General,224.0,12.9,1.3,18.1,0.0,0.0,256.0,197.0,2707177,survey_fndds_food
"Quail Egg, Canned",General,158.0,13.0,0.4,11.1,0.0,0.0,256.0,132.0,2707178,survey_fndds_food
"Egg, Creamed",General,148.0,7.8,5.5,10.4,0.1,0.0,363.0,143.0,2707179,survey_fndds_food
"Egg, Benedict",General,288.0,13.8,8.5,22.1,0.6,0.0,468.0,325.0,2707180,survey_fndds_food
"Egg, Deviled",General,198.0,11.5,1.1,15.9,0.0,0.0,430.0,116.0,2707181,survey_fndds_food
"Egg Salad, Made With Mayonnaise",General,257.0,10.3,1.0,23.1,0.0,0.0,378.0,105.0,2707182,survey_fndds_food
"Egg Salad, Made With Light Mayonnaise",General,172.0,10.0,2.8,13.0,0.0,0.0,423.0,106.0,2707183,survey_fndds_food
"Egg Salad, Made With Mayonnaise-Type Salad Dressing",General,174.0,10.1,3.9,12.8,0.0,0.0,385.0,107.0,2707184,survey_fndds_food
"Egg Salad, Made With Light Mayonnaise-Type Salad Dressing",General,172.0,10.0,2.8,13.0,0.0,0.0,423.0,106.0,2707185,survey_fndds_food
"Egg Salad, Made With Creamy Dressing",General,212.0,10.2,2.1,17.7,0.0,0.0,420.0,113.0,2707186,survey_fndds_food
"Egg Salad, Made With Light Creamy Dressing",General,155.0,10.2,2.4,11.3,0.0,0.0,426.0,106.0,2707187,survey_fndds_food
"Egg Salad, Made With Italian Dressing",General,172.0,10.0,3.4,12.7,0.0,0.0,456.0,117.0,2707188,survey_fndds_food
"Egg Salad, Made With Light Italian Dressing",General,143.0,10.0,3.0,9.7,0.0,0.0,437.0,118.0,2707189,survey_fndds_food
"Egg Salad, Made With Any Type Of Fat Free Dressing",General,139.0,9.8,4.3,8.8,0.4,0.0,420.0,109.0,2707190,survey_fndds_food
Huevos Rancheros,General,121.0,6.7,8.8,6.6,1.7,0.0,418.0,217.0,2707191,survey_fndds_food
"Egg Casserole With Bread, Cheese, Milk And Meat",General,175.0,11.4,10.2,9.8,0.4,0.0,420.0,184.0,2707192,survey_fndds_food
"Egg Foo Yung, Nfs",General,125.0,11.7,5.2,6.2,0.3,0.0,340.0,143.0,2707193,survey_fndds_food
Chicken Egg Foo Yung,General,137.0,12.8,4.8,7.4,0.3,0.0,401.0,172.0,2707194,survey_fndds_food
Pork Egg Foo Yung,General,149.0,13.3,4.8,8.2,0.3,0.0,325.0,211.0,2707195,survey_fndds_food
Shrimp Egg Foo Yung,General,125.0,11.7,5.2,6.2,0.3,0.0,340.0,143.0,2707196,survey_fndds_food
Beef Egg Foo Yung,General,147.0,13.8,4.8,8.1,0.3,0.0,321.0,165.0,2707197,survey_fndds_food
"Egg Omelet Or Scrambled Egg, Ns As To Fat",General,185.0,11.6,0.9,15.0,0.0,0.0,248.0,124.0,2707198,survey_fndds_food
"Egg Omelet Or Scrambled Egg, Made With Margarine",General,171.0,11.6,1.0,13.5,0.0,0.0,274.0,125.0,2707199,survey_fndds_food
"Egg Omelet Or Scrambled Egg, Made With Oil",General,192.0,11.6,0.9,15.8,0.0,0.0,228.0,123.0,2707200,survey_fndds_food
"Egg Omelet Or Scrambled Egg, Made With Butter",General,182.0,11.6,0.9,14.6,0.0,0.0,263.0,125.0,2707201,survey_fndds_food
"Egg Omelet Or Scrambled Egg, Made With Animal Fat Or Meat Drippings",General,188.0,11.7,0.9,15.3,0.0,0.0,268.0,124.0,2707202,survey_fndds_food
"Egg Omelet Or Scrambled Egg, Made With Cooking Spray",General,149.0,12.2,1.2,10.6,0.0,0.0,243.0,130.0,2707203,survey_fndds_food
"Egg Omelet Or Scrambled Egg, Ns As To Fat Type",General,185.0,11.6,0.9,15.0,0.0,0.0,248.0,124.0,2707204,survey_fndds_food
"Egg Omelet Or Scrambled Egg, No Added Fat",General,143.0,12.4,1.0,9.9,0.0,0.0,244.0,132.0,2707205,survey_fndds_food
"Egg Omelet Or Scrambled Egg, From Fast Food / Restaurant",General,192.0,11.6,0.9,15.8,0.0,0.0,228.0,123.0,2707206,survey_fndds_food
"Egg Omelet Or Scrambled Egg, With Cheese, Made With Margarine",General,194.0,12.6,1.4,15.4,0.0,0.0,364.0,128.0,2707207,survey_fndds_food
"Egg Omelet Or Scrambled Egg, With Cheese, Made With Oil",General,212.0,12.6,1.4,17.4,0.0,0.0,324.0,126.0,2707208,survey_fndds_food
"Egg Omelet Or Scrambled Egg, With Cheese, Made With Butter",General,203.0,12.7,1.4,16.3,0.0,0.0,354.0,128.0,2707209,survey_fndds_food
"Egg Omelet Or Scrambled Egg, With Cheese, Made With Animal Fat Or Meat Drippings",General,209.0,12.8,1.4,16.9,0.0,0.0,359.0,128.0,2707210,survey_fndds_food
"Egg Omelet Or Scrambled Egg, With Cheese, Made With Cooking Spray",General,176.0,13.3,1.6,12.9,0.0,0.0,341.0,133.0,2707211,survey_fndds_food
"Egg Omelet Or Scrambled Egg, With Cheese, No Added Fat",General,171.0,13.4,1.5,12.3,0.0,0.0,344.0,134.0,2707212,survey_fndds_food
"Egg Omelet Or Scrambled Egg, With Meat, Ns As To Fat",General,193.0,12.7,1.0,15.4,0.0,0.0,353.0,154.0,2707213,survey_fndds_food
"Egg Omelet Or Scrambled Egg, With Meat, Made With Margarine",General,181.0,12.7,1.0,14.1,0.0,0.0,375.0,154.0,2707214,survey_fndds_food
"Egg Omelet Or Scrambled Egg, With Meat, Made With Oil",General,199.0,12.7,1.0,16.1,0.0,0.0,336.0,153.0,2707215,survey_fndds_food
"Egg Omelet Or Scrambled Egg, With Meat, Made With Butter",General,190.0,12.7,1.0,15.0,0.0,0.0,366.0,154.0,2707216,survey_fndds_food
"Egg Omelet Or Scrambled Egg, With Meat, Made With Animal Fat Or Meat Drippings",General,196.0,12.8,1.0,15.6,0.0,0.0,370.0,154.0,2707217,survey_fndds_food
"Egg Omelet Or Scrambled Egg, With Meat, Made With Cooking Spray",General,162.0,13.4,1.2,11.5,0.0,0.0,353.0,161.0,2707218,survey_fndds_food
"Egg Omelet Or Scrambled Egg, With Meat, Ns As To Fat Type",General,193.0,12.7,1.0,15.4,0.0,0.0,353.0,154.0,2707219,survey_fndds_food
"Egg Omelet Or Scrambled Egg, With Meat, No Added Fat",General,157.0,13.5,1.0,11.0,0.0,0.0,356.0,162.0,2707220,survey_fndds_food
"Egg Omelet Or Scrambled Egg, With Cheese And Meat, Ns As To Fat",General,209.0,13.3,1.4,16.7,0.0,0.0,399.0,145.0,2707221,survey_fndds_food
"Egg Omelet Or Scrambled Egg, With Cheese And Meat, Made With Margarine",General,198.0,13.3,1.5,15.5,0.0,0.0,420.0,146.0,2707222,survey_fndds_food
"Egg Omelet Or Scrambled Egg, With Cheese And Meat, Made With Oil",General,215.0,13.3,1.4,17.4,0.0,0.0,383.0,145.0,2707223,survey_fndds_food
"Egg Omelet Or Scrambled Egg, With Cheese And Meat, Made With Butter",General,207.0,13.3,1.4,16.4,0.0,0.0,411.0,146.0,2707224,survey_fndds_food
"Egg Omelet Or Scrambled Egg, With Cheese And Meat, Made With Animal Fat Or Meat Drippings",General,212.0,13.4,1.4,17.0,0.0,0.0,415.0,146.0,2707225,survey_fndds_food
"Egg Omelet Or Scrambled Egg, With Cheese And Meat, Made With Cooking Spray",General,182.0,13.9,1.6,13.3,0.0,0.0,402.0,152.0,2707226,survey_fndds_food
"Egg Omelet Or Scrambled Egg, With Cheese And Meat, Ns As To Fat Type",General,209.0,13.3,1.4,16.7,0.0,0.0,399.0,145.0,2707227,survey_fndds_food
"Egg Omelet Or Scrambled Egg, With Cheese And Meat, No Added Fat",General,177.0,14.0,1.5,12.8,0.0,0.0,404.0,153.0,2707228,survey_fndds_food
"Egg Omelet Or Scrambled Egg, With Tomatoes, Fat Added",General,165.0,10.3,1.5,13.2,0.2,0.0,218.0,143.0,2707229,survey_fndds_food
"Egg Omelet Or Scrambled Egg, With Tomatoes, No Added Fat",General,127.0,10.9,1.6,8.7,0.2,0.0,213.0,151.0,2707230,survey_fndds_food
"Egg Omelet Or Scrambled Egg, With Tomatoes, Ns As To Fat",General,165.0,10.3,1.5,13.2,0.2,0.0,218.0,143.0,2707231,survey_fndds_food
"Egg Omelet Or Scrambled Egg, With Dark-Green Vegetables, Fat Added",General,166.0,10.5,1.4,13.2,0.2,0.0,229.0,164.0,2707232,survey_fndds_food
"Egg Omelet Or Scrambled Egg, With Dark-Green Vegetables, No Added Fat",General,129.0,11.1,1.4,8.7,0.3,0.0,225.0,173.0,2707233,survey_fndds_food
"Egg Omelet Or Scrambled Egg, With Dark-Green Vegetables, Ns As To Fat",General,166.0,10.5,1.4,13.2,0.2,0.0,229.0,164.0,2707234,survey_fndds_food
"Egg Omelet Or Scrambled Egg, With Tomatoes And Dark-Green Vegetables, Fat Added",General,165.0,10.3,1.4,13.1,0.2,0.0,222.0,155.0,2707235,survey_fndds_food
"Egg Omelet Or Scrambled Egg, With Tomatoes And Dark-Green Vegetables, No Fat Added",General,127.0,10.9,1.5,8.6,0.2,0.0,218.0,164.0,2707236,survey_fndds_food
"Egg Omelet Or Scrambled Egg, With Tomatoes And Dark-Green Vegetables, Ns As To Fat",General,165.0,10.3,1.4,13.1,0.2,0.0,222.0,155.0,2707237,survey_fndds_food
"Egg Omelet Or Scrambled Egg, With Vegetables Other Than Dark Green And/Or Tomatoes, Fat Added",General,167.0,10.6,1.5,13.2,0.3,0.0,218.0,160.0,2707238,survey_fndds_food
"Egg Omelet Or Scrambled Egg, With Vegetables Other Than Dark Green And/Or Tomatoes, No Added Fat",General,129.0,11.2,1.6,8.7,0.3,0.0,213.0,169.0,2707239,survey_fndds_food
"Egg Omelet Or Scrambled Egg, With Vegetables Other Than Dark Green And/Or Tomatoes, Ns As To Fat",General,167.0,10.6,1.5,13.2,0.3,0.0,218.0,160.0,2707240,survey_fndds_food
"Egg Omelet Or Scrambled Egg, With Cheese And Tomatoes, Fat Added",General,186.0,11.4,1.9,14.9,0.2,0.0,305.0,144.0,2707241,survey_fndds_food
"Egg Omelet Or Scrambled Egg, With Cheese And Tomatoes, No Added Fat",General,154.0,12.0,2.0,10.9,0.2,0.0,305.0,151.0,2707242,survey_fndds_food
"Egg Omelet Or Scrambled Egg, With Cheese And Tomatoes, Ns As To Fat",General,186.0,11.4,1.9,14.9,0.2,0.0,305.0,144.0,2707243,survey_fndds_food
"Egg Omelet Or Scrambled Egg, With Cheese And Dark-Green Vegetables, Fat Added",General,187.0,11.6,1.8,14.9,0.2,0.0,314.0,163.0,2707244,survey_fndds_food
"Egg Omelet Or Scrambled Egg, With Cheese And Dark-Green Vegetables, No Added Fat",General,155.0,12.2,1.8,11.0,0.2,0.0,315.0,171.0,2707245,survey_fndds_food
"Egg Omelet Or Scrambled Egg, With Cheese And Dark-Green Vegetables, Ns As To Fat",General,187.0,11.6,1.8,14.9,0.2,0.0,314.0,163.0,2707246,survey_fndds_food
"Egg Omelet Or Scrambled Egg, With Cheese, Tomatoes",General,186.0,11.4,1.8,14.8,0.2,0.0,308.0,155.0,2707247,survey_fndds_food
"Egg Omelet Or Scrambled Egg, With Cheese And Vegetables Other Than Dark Green And/Or Tomatoes, Fat Added",General,188.0,11.6,1.9,14.9,0.2,0.0,305.0,159.0,2707250,survey_fndds_food
"Egg Omelet Or Scrambled Egg, With Cheese And Vegetables Other Than Dark Green And/Or Tomatoes, No Added Fat",General,155.0,12.2,2.0,11.0,0.2,0.0,305.0,167.0,2707251,survey_fndds_food
"Egg Omelet Or Scrambled Egg, With Cheese And Vegetables Other Than Dark Green And/Or Tomatoes, Ns As To Fat",General,188.0,11.6,1.9,14.9,0.2,0.0,305.0,159.0,2707252,survey_fndds_food
"Egg Omelet Or Scrambled Egg, With Meat And Tomatoes, Fat Added",General,172.0,11.1,1.5,13.5,0.2,0.0,285.0,160.0,2707253,survey_fndds_food
"Egg Omelet Or Scrambled Egg, With Meat And Tomatoes, No Added Fat",General,137.0,11.7,1.6,9.4,0.2,0.0,284.0,168.0,2707254,survey_fndds_food
"Egg Omelet Or Scrambled Egg, With Meat And Tomatoes, Ns As To Fat",General,172.0,11.1,1.5,13.5,0.2,0.0,285.0,160.0,2707255,survey_fndds_food
"Egg Omelet Or Scrambled Egg, With Meat And Dark-Green Vegetables, Fat Added",General,173.0,11.3,1.4,13.6,0.2,0.0,295.0,179.0,2707256,survey_fndds_food
"Egg Omelet Or Scrambled Egg, With Meat And Dark-Green Vegetables, No Added Fat",General,138.0,11.9,1.4,9.4,0.2,0.0,295.0,189.0,2707257,survey_fndds_food
"Egg Omelet Or Scrambled Egg, With Meat And Dark-Green Vegetables, Ns As To Fat",General,173.0,11.3,1.4,13.6,0.2,0.0,295.0,179.0,2707258,survey_fndds_food
"Egg Omelet Or Scrambled Egg, With Meat, Tomatoes",General,174.0,11.5,1.5,13.6,0.2,0.0,318.0,178.0,2707259,survey_fndds_food
"Egg Omelet Or Scrambled Egg, With Meat And Vegetables Other Than Dark-Green And/Or Tomatoes, Fat Added",General,173.0,11.3,1.5,13.6,0.2,0.0,285.0,176.0,2707262,survey_fndds_food
"Egg Omelet Or Scrambled Egg, With Meat And Vegetables Other Than Dark-Green And/Or Tomatoes, No Added Fat",General,139.0,12.0,1.6,9.4,0.2,0.0,284.0,185.0,2707263,survey_fndds_food
"Egg Omelet Or Scrambled Egg, With Meat And Vegetables Other Than Dark-Green And/Or Tomatoes, Ns As To Fat",General,173.0,11.3,1.5,13.6,0.2,0.0,285.0,176.0,2707264,survey_fndds_food
"Egg Omelet Or Scrambled Egg, With Cheese, Meat",General,199.0,12.6,1.7,15.8,0.1,0.0,376.0,153.0,2707265,survey_fndds_food
"Egg Omelet Or Scrambled Egg, With Potatoes And/Or Onions, Fat Added",General,172.0,10.4,3.0,13.2,0.3,0.0,218.0,159.0,2707277,survey_fndds_food
"Egg Omelet Or Scrambled Egg, With Potatoes And/Or Onions, No Added Fat",General,134.0,11.0,3.1,8.6,0.3,0.0,214.0,168.0,2707278,survey_fndds_food
"Egg Omelet Or Scrambled Egg, With Potatoes And/Or Onions, Ns As To Fat",General,172.0,10.4,3.0,13.2,0.3,0.0,218.0,159.0,2707279,survey_fndds_food
Egg Salad Sandwich On White,General,260.0,10.0,17.1,16.6,0.8,0.0,402.0,109.0,2707280,survey_fndds_food
Egg Salad Sandwich On Wheat,General,259.0,10.6,15.8,16.8,1.8,0.0,399.0,133.0,2707281,survey_fndds_food
"Soup, Egg Drop",General,27.0,1.2,4.3,0.6,0.4,0.0,370.0,22.0,2707282,survey_fndds_food
"Egg White Omelet, Scrambled, Or Fried",General,100.0,10.0,2.2,5.7,0.0,0.0,282.0,153.0,2707283,survey_fndds_food
"Egg White, Omelet, Scrambled",General,132.0,11.3,2.6,8.5,0.0,0.0,371.0,153.0,2707290,survey_fndds_food
Meringues,General,324.0,7.2,75.3,0.0,0.0,0.0,113.0,111.0,2707297,survey_fndds_food
"Egg Substitute, Omelet, Scrambled",General,96.0,9.3,1.9,5.7,0.0,0.0,313.0,199.0,2707298,survey_fndds_food
Egg Sandwich On White Bread,General,228.0,10.5,26.1,9.0,1.2,0.0,353.0,120.0,2707307,survey_fndds_food
"Egg Sandwich On White Bread, With Cheese",General,248.0,12.0,22.8,12.0,1.0,0.0,455.0,125.0,2707308,survey_fndds_food
"Egg Sandwich On White Bread, With Meat",General,267.0,12.1,19.4,15.6,0.9,0.0,443.0,170.0,2707309,survey_fndds_food
"Egg Sandwich On White Bread, With Meat And Cheese",General,278.0,13.1,17.7,17.2,0.8,0.0,510.0,168.0,2707310,survey_fndds_food
Egg Sandwich On Wheat Bread,General,226.0,11.5,24.1,9.2,2.8,0.0,348.0,158.0,2707311,survey_fndds_food
"Egg Sandwich On Wheat Bread, With Cheese",General,246.0,12.9,21.2,12.2,2.4,0.0,450.0,157.0,2707312,survey_fndds_food
"Egg Sandwich On Wheat Bread, With Meat",General,266.0,12.9,18.0,15.8,2.1,0.0,439.0,197.0,2707313,survey_fndds_food
"Egg Sandwich On Wheat Bread, With Meat And Cheese",General,277.0,13.8,16.5,17.3,1.8,0.0,506.0,192.0,2707314,survey_fndds_food
Egg Sandwich On English Muffin,General,230.0,11.7,20.6,11.2,1.5,0.0,444.0,122.0,2707315,survey_fndds_food
"Egg Sandwich On English Muffin, With Sausage",General,264.0,12.9,16.0,16.5,1.2,0.0,501.0,165.0,2707316,survey_fndds_food
"Egg Sandwich On English Muffin, With Bacon",General,255.0,14.1,18.6,13.7,1.4,0.0,574.0,161.0,2707317,survey_fndds_food
"Egg Sandwich On English Muffin, With Ham",General,222.0,12.2,19.3,10.7,1.4,0.0,495.0,135.0,2707318,survey_fndds_food
Egg Sandwich On Croissant,General,309.0,11.4,21.4,19.7,1.1,0.0,388.0,125.0,2707319,survey_fndds_food
"Egg Sandwich On Croissant, With Sausage",General,325.0,12.7,16.6,23.0,0.9,0.0,459.0,168.0,2707320,survey_fndds_food
"Egg Sandwich On Croissant, With Bacon",General,326.0,13.8,19.3,21.3,1.0,0.0,525.0,165.0,2707321,survey_fndds_food
"Egg Sandwich On Croissant, With Ham",General,284.0,12.3,18.8,17.8,1.0,0.0,492.0,150.0,2707322,survey_fndds_food
Egg Sandwich On Biscuit,General,298.0,10.7,21.6,18.8,1.2,0.0,708.0,131.0,2707323,survey_fndds_food
"Egg Sandwich On Biscuit, With Sausage",General,310.0,11.0,18.6,21.4,1.0,0.0,665.0,173.0,2707324,survey_fndds_food
"Egg Sandwich On Biscuit, With Sausage And Cheese",General,316.0,12.0,17.0,22.1,0.9,0.0,703.0,170.0,2707325,survey_fndds_food
"Egg Sandwich On Biscuit, With Bacon",General,309.0,11.9,21.8,19.2,1.2,0.0,774.0,170.0,2707326,survey_fndds_food
"Egg Sandwich On Biscuit, With Bacon And Cheese",General,315.0,13.0,19.6,20.4,1.1,0.0,804.0,168.0,2707327,survey_fndds_food
Egg Sandwich On Bagel,General,251.0,12.0,31.8,8.4,0.9,0.0,437.0,117.0,2707328,survey_fndds_food
"Egg Sandwich On Bagel, With Sausage",General,274.0,12.8,26.2,13.1,0.8,0.0,483.0,152.0,2707329,survey_fndds_food
"Egg Sandwich On Bagel, With Bacon",General,268.0,13.7,29.4,10.5,0.9,0.0,536.0,147.0,2707330,survey_fndds_food
"Egg Sandwich On Bagel, With Ham",General,238.0,12.6,28.9,8.0,0.9,0.0,510.0,136.0,2707331,survey_fndds_food
Egg Sandwich On Griddle/Pancake,General,242.0,8.3,22.8,13.2,0.8,0.0,439.0,126.0,2707332,survey_fndds_food
"Egg Sandwich On Griddle/Pancake, With Meat",General,287.0,11.7,15.6,19.8,0.5,0.0,565.0,171.0,2707333,survey_fndds_food
Egg White Sandwich,General,166.0,9.4,24.1,3.6,1.8,0.0,357.0,130.0,2707334,survey_fndds_food
"Egg White Sandwich, With Cheese",General,196.0,11.1,21.2,7.4,1.5,0.0,458.0,133.0,2707335,survey_fndds_food
"Egg White Sandwich, With Meat",General,195.0,12.8,17.0,8.4,1.2,0.0,508.0,181.0,2707336,survey_fndds_food
Bacon Biscuit Sandwich,General,382.0,13.7,29.3,23.2,1.6,0.0,1090.0,190.0,2707337,survey_fndds_food
Ham Biscuit Sandwich,General,322.0,11.6,28.2,18.1,1.6,0.0,1023.0,168.0,2707338,survey_fndds_food
Sausage Biscuit Sandwich,General,372.0,10.7,27.2,24.5,1.6,0.0,870.0,197.0,2707339,survey_fndds_food
"Sausage Biscuit Sandwich, With Cheese",General,370.0,12.2,23.7,25.1,1.3,0.0,892.0,189.0,2707340,survey_fndds_food
Sausage English Muffin Sandwich,General,300.0,13.5,22.8,17.2,1.7,0.0,615.0,183.0,2707341,survey_fndds_food
Sausage Griddle/Pancake Sandwich,General,278.0,10.5,17.0,18.7,0.6,0.0,505.0,174.0,2707342,survey_fndds_food
Egg Burrito,General,249.0,10.9,20.1,13.7,1.4,0.0,470.0,126.0,2707343,survey_fndds_food
"Egg Burrito, With Sausage",General,257.0,11.3,18.9,15.0,1.3,0.0,484.0,137.0,2707344,survey_fndds_food
"Egg Burrito, With Bacon",General,260.0,12.1,19.1,14.8,1.3,0.0,534.0,146.0,2707345,survey_fndds_food
"Egg Burrito, With Ham",General,242.0,11.3,19.1,13.2,1.3,0.0,508.0,136.0,2707346,survey_fndds_food
"Beans, Nfs",General,189.0,8.3,23.8,7.1,8.3,0.0,217.0,386.0,2707347,survey_fndds_food
"Beans, From Dried, Ns As To Type",General,189.0,8.3,23.8,7.1,8.3,0.0,217.0,386.0,2707348,survey_fndds_food
"Beans, From Canned, Ns As To Type",General,185.0,7.7,24.1,6.8,8.0,0.0,311.0,441.0,2707350,survey_fndds_food
"Beans, From Fast Food / Restaurant, Ns As To Type",General,206.0,8.8,22.6,9.3,5.7,0.0,354.0,505.0,2707352,survey_fndds_food
"White Beans, Nfs",General,188.0,9.0,23.3,6.8,5.9,0.0,221.0,521.0,2707353,survey_fndds_food
"White Beans, From Dried, Fat Added",General,188.0,9.0,23.3,6.8,5.9,0.0,221.0,521.0,2707354,survey_fndds_food
"White Beans, From Dried, No Added Fat",General,138.0,9.7,24.9,0.4,6.3,0.0,237.0,558.0,2707355,survey_fndds_food
"White Beans, From Canned, Fat Added",General,211.0,10.4,29.8,6.1,6.9,0.0,333.0,497.0,2707356,survey_fndds_food
"White Beans, From Canned, No Added Fat",General,168.0,10.8,30.9,0.6,7.2,0.0,345.0,516.0,2707357,survey_fndds_food
"White Beans, From Canned, Reduced Sodium",General,211.0,10.4,29.8,6.1,6.9,0.0,251.0,497.0,2707358,survey_fndds_food
"Black Beans, Nfs",General,181.0,8.2,22.0,7.0,8.1,0.0,217.0,330.0,2707359,survey_fndds_food
"Black Beans, From Dried, Fat Added",General,181.0,8.2,22.0,7.0,8.1,0.0,217.0,330.0,2707360,survey_fndds_food
"Black Beans, From Dried, No Added Fat",General,131.0,8.8,23.6,0.5,8.6,0.0,232.0,353.0,2707361,survey_fndds_food
"Black Beans, From Canned, Fat Added",General,178.0,8.5,23.4,5.9,9.8,0.0,335.0,436.0,2707362,survey_fndds_food
"Black Beans, From Canned, No Added Fat",General,134.0,8.9,24.3,0.4,10.1,0.0,348.0,453.0,2707363,survey_fndds_food
"Black Beans, From Canned, Reduced Sodium",General,178.0,8.5,23.4,5.9,9.8,0.0,195.0,436.0,2707364,survey_fndds_food
"Black Beans, From Fast Food / Restaurant",General,200.0,8.0,21.4,9.5,7.8,0.0,350.0,320.0,2707365,survey_fndds_food
Black Beans With Meat,General,177.0,10.6,19.1,6.8,7.0,0.0,275.0,328.0,2707366,survey_fndds_food
"Fava Beans, Cooked",General,161.0,7.1,18.3,6.9,5.0,0.0,220.0,249.0,2707367,survey_fndds_food
"Lima Beans, Nfs",General,165.0,7.2,19.4,6.9,6.5,0.0,218.0,472.0,2707368,survey_fndds_food
"Lima Beans, From Dried",General,165.0,7.2,19.4,6.9,6.5,0.0,218.0,472.0,2707369,survey_fndds_food
"Pink Beans, Cooked",General,197.0,8.4,25.9,7.0,4.9,0.0,218.0,472.0,2707370,survey_fndds_food
"Pinto Beans, Nfs",General,191.0,8.4,24.4,7.1,8.4,0.0,217.0,405.0,2707371,survey_fndds_food
"Pinto Beans, From Dried, Fat Added",General,191.0,8.4,24.4,7.1,8.4,0.0,217.0,405.0,2707372,survey_fndds_food
"Pinto Beans, From Dried, No Added Fat",General,142.0,9.0,26.1,0.6,8.9,0.0,232.0,433.0,2707373,survey_fndds_food
"Pinto Beans, From Canned, Fat Added",General,188.0,7.4,24.3,7.1,7.4,0.0,303.0,442.0,2707374,survey_fndds_food
"Pinto Beans, From Canned, No Added Fat",General,137.0,7.7,25.3,0.9,7.7,0.0,315.0,459.0,2707375,survey_fndds_food
"Pinto Beans, From Canned, Reduced Sodium",General,188.0,7.4,24.4,7.1,7.4,0.0,234.0,443.0,2707376,survey_fndds_food
"Pinto Beans, From Fast Food / Restaurant",General,210.0,8.1,23.6,9.6,8.1,0.0,350.0,393.0,2707377,survey_fndds_food
Pinto Beans With Meat,General,186.0,10.7,21.1,6.9,7.2,0.0,275.0,393.0,2707378,survey_fndds_food
"Kidney Beans, Nfs",General,177.0,8.1,21.2,7.0,6.9,0.0,218.0,375.0,2707379,survey_fndds_food
"Kidney Beans, From Dried, Fat Added",General,177.0,8.1,21.2,7.0,6.9,0.0,218.0,375.0,2707380,survey_fndds_food
"Kidney Beans, From Dried, No Added Fat",General,126.0,8.6,22.7,0.5,7.4,0.0,233.0,401.0,2707381,survey_fndds_food
"Kidney Beans, From Canned, Fat Added",General,186.0,8.4,23.8,6.8,7.7,0.0,299.0,417.0,2707382,survey_fndds_food
"Kidney Beans, From Canned, No Added Fat",General,135.0,8.7,24.7,0.6,8.0,0.0,311.0,433.0,2707383,survey_fndds_food
"Kidney Beans, From Canned, Reduced Sodium",General,186.0,8.4,23.8,6.8,8.5,0.0,188.0,417.0,2707384,survey_fndds_food
"Kidney Beans, From Fast Food / Restaurant",General,195.0,7.8,20.5,9.5,6.7,0.0,350.0,363.0,2707385,survey_fndds_food
Kidney Beans With Meat,General,173.0,10.5,18.3,6.8,5.9,0.0,275.0,367.0,2707386,survey_fndds_food
"Peruvian Beans, From Dried",General,192.0,8.5,23.5,7.5,9.7,0.0,220.0,302.0,2707387,survey_fndds_food
"Soybeans, Cooked",General,218.0,16.9,7.8,14.8,5.6,0.0,217.0,479.0,2707388,survey_fndds_food
"Mung Beans, Cooked",General,156.0,6.5,17.8,6.9,7.1,0.0,218.0,247.0,2707389,survey_fndds_food
Baked Beans,General,105.0,4.5,21.6,0.9,4.4,0.0,391.0,231.0,2707390,survey_fndds_food
"Baked Beans, Vegetarian",General,94.0,4.8,21.1,0.4,4.1,0.0,343.0,224.0,2707391,survey_fndds_food
Baked Beans From Fast Food / Restaurant,General,116.0,4.4,23.3,1.4,4.3,0.0,491.0,224.0,2707392,survey_fndds_food
"Beans And Tomatoes, No Added Fat",General,101.0,6.4,18.8,0.5,6.4,0.0,370.0,374.0,2707393,survey_fndds_food
"Beans And Tomatoes, Fat Added",General,142.0,6.0,17.8,5.6,6.1,0.0,351.0,355.0,2707394,survey_fndds_food
Black Bean Salad,General,94.0,3.1,12.6,3.8,3.4,0.0,350.0,211.0,2707395,survey_fndds_food
Refried Beans,General,90.0,5.0,13.6,2.0,3.7,0.0,370.0,319.0,2707396,survey_fndds_food
"Refried Beans, From Fast Food / Restaurant",General,177.0,6.7,16.3,9.5,7.8,0.0,402.0,390.0,2707397,survey_fndds_food
Refried Beans With Meat,General,99.0,7.8,11.8,2.5,3.2,0.0,406.0,319.0,2707398,survey_fndds_food
"Refried Beans, From Canned, Reduced Sodium",General,89.0,5.0,13.6,2.0,3.7,0.0,138.0,319.0,2707399,survey_fndds_food
"Bean Dip, Made With Refried Beans",General,119.0,5.4,15.9,3.7,4.9,0.0,443.0,368.0,2707400,survey_fndds_food
Layer Dip,General,146.0,5.4,6.7,11.3,2.1,0.0,538.0,227.0,2707401,survey_fndds_food
"Hummus, Plain",General,243.0,7.4,14.9,17.1,5.4,0.0,438.0,289.0,2707402,survey_fndds_food
"Hummus, Flavored",General,241.0,7.2,14.6,17.1,5.3,0.0,420.0,290.0,2707403,survey_fndds_food
Black Bean Sauce,General,168.0,6.3,17.4,8.4,2.6,0.0,5843.0,307.0,2707404,survey_fndds_food
Beans And Franks,General,138.0,6.7,17.3,5.2,3.3,0.0,438.0,224.0,2707405,survey_fndds_food
Pork And Beans,General,105.0,4.5,21.6,0.9,4.4,0.0,391.0,231.0,2707406,survey_fndds_food
"Beans With Meat, Ns As To Type",General,184.0,10.7,20.6,6.9,7.1,0.0,275.0,377.0,2707407,survey_fndds_food
Falafel,General,514.0,8.3,29.0,41.2,4.8,0.0,499.0,259.0,2707408,survey_fndds_food
Bean Cake,General,414.0,5.8,49.9,21.4,3.0,0.0,186.0,160.0,2707409,survey_fndds_food
"Baked Beans, Reduced Sodium",General,104.0,4.8,20.4,0.4,5.5,0.0,270.0,294.0,2707410,survey_fndds_food
"Chili, Vegetarian",General,119.0,6.3,18.9,2.4,6.0,0.0,316.0,351.0,2707411,survey_fndds_food
"Blackeyed Peas, Nfs",General,166.0,7.2,19.3,7.0,6.0,0.0,220.0,258.0,2707412,survey_fndds_food
"Blackeyed Peas, From Dried",General,166.0,7.2,19.3,7.0,6.0,0.0,220.0,258.0,2707413,survey_fndds_food
"Chickpeas, Nfs",General,211.0,8.2,25.5,8.9,7.1,0.0,222.0,270.0,2707414,survey_fndds_food
"Chickpeas, From Dried, Fat Added",General,211.0,8.2,25.5,8.9,7.1,0.0,222.0,270.0,2707415,survey_fndds_food
"Chickpeas, From Dried, No Added Fat",General,163.0,8.8,27.3,2.6,7.6,0.0,238.0,289.0,2707416,survey_fndds_food
"Chickpeas, From Canned, Fat Added",General,197.0,7.9,21.6,9.4,7.0,0.0,315.0,231.0,2707417,survey_fndds_food
"Chickpeas, From Canned, No Added Fat",General,146.0,8.2,22.4,3.2,7.3,0.0,327.0,240.0,2707418,survey_fndds_food
"Chickpeas, From Canned, Reduced Sodium",General,197.0,7.9,21.6,9.4,7.1,0.0,212.0,231.0,2707419,survey_fndds_food
"Split Peas, From Dried, No Added Fat",General,117.0,8.3,21.0,0.4,8.2,0.0,233.0,360.0,2707420,survey_fndds_food
"Split Peas, From Dried, Fat Added",General,168.0,7.8,19.6,6.9,7.7,0.0,218.0,336.0,2707421,survey_fndds_food
Wasabi Peas,General,432.0,14.1,62.2,14.1,3.8,0.0,300.0,732.0,2707422,survey_fndds_food
"Lentils, Nfs",General,166.0,8.4,18.7,6.9,7.3,0.0,218.0,343.0,2707423,survey_fndds_food
"Lentils, From Dried, Fat Added",General,166.0,8.4,18.7,6.9,7.3,0.0,218.0,343.0,2707424,survey_fndds_food
"Lentils, From Dried, No Added Fat",General,115.0,9.0,20.0,0.4,7.9,0.0,233.0,367.0,2707425,survey_fndds_food
"Lentils, From Canned",General,166.0,8.4,18.7,6.8,7.3,0.0,325.0,342.0,2707426,survey_fndds_food
Dal,General,145.0,8.6,19.2,4.3,7.5,0.0,309.0,352.0,2707427,survey_fndds_food
Bean Chips,General,448.0,14.6,53.1,21.6,9.7,0.0,410.0,547.0,2707428,survey_fndds_food
"Papad, Grilled Or Broiled",General,371.0,25.6,59.9,3.2,18.6,0.0,1745.0,1000.0,2707429,survey_fndds_food
"Sambar, Vegetable Stew",General,86.0,4.3,11.8,2.7,4.0,0.0,207.0,237.0,2707430,survey_fndds_food
Lentil Curry,General,111.0,3.7,12.3,5.6,3.4,0.0,383.0,292.0,2707431,survey_fndds_food
Lentil Curry With Rice,General,118.0,3.3,18.6,3.5,2.2,0.0,328.0,189.0,2707432,survey_fndds_food
Soy Nuts,General,469.0,38.6,30.2,25.4,17.7,0.0,163.0,1470.0,2707433,survey_fndds_food
Soy Chips,General,385.0,26.5,53.2,7.4,3.5,0.0,842.0,7.0,2707434,survey_fndds_food
Soybean Curd,General,61.0,7.2,1.2,3.7,0.2,0.0,8.0,120.0,2707435,survey_fndds_food
"Edamame, Cooked",General,140.0,11.5,8.6,7.6,5.0,0.0,127.0,422.0,2707436,survey_fndds_food
Soybean Curd Cheese,General,151.0,12.5,6.9,8.1,0.0,0.0,20.0,199.0,2707437,survey_fndds_food
Miso Sauce,General,429.0,3.4,14.0,41.0,1.2,0.0,1086.0,152.0,2707438,survey_fndds_food
Miso,General,198.0,12.8,25.4,6.0,5.4,0.0,3728.0,210.0,2707439,survey_fndds_food
Natto,General,211.0,19.4,12.7,11.0,5.4,0.0,7.0,729.0,2707440,survey_fndds_food
Hoisin Sauce,General,220.0,3.3,44.1,3.4,2.8,0.0,1615.0,119.0,2707441,survey_fndds_food
Soy Sauce,General,53.0,8.1,4.9,0.6,0.8,0.0,5493.0,435.0,2707442,survey_fndds_food
"Soy Sauce, Reduced Sodium",General,57.0,9.0,5.6,0.3,0.7,0.0,3598.0,352.0,2707443,survey_fndds_food
"Yogurt, Soy",General,90.0,4.8,12.3,2.6,0.9,0.0,30.0,189.0,2707444,survey_fndds_food
Teriyaki Sauce,General,89.0,5.9,15.6,0.0,0.1,0.0,3833.0,225.0,2707445,survey_fndds_food
"Teriyaki Sauce, Reduced Sodium",General,89.0,5.9,15.6,0.0,0.1,0.0,1778.0,225.0,2707446,survey_fndds_food
Worcestershire Sauce,General,77.0,0.0,19.2,0.0,0.0,0.0,1300.0,800.0,2707447,survey_fndds_food
"Soybean Curd, Deep Fried",General,270.0,18.8,8.9,20.2,3.9,0.0,16.0,146.0,2707448,survey_fndds_food
"Soybean Curd, Breaded, Fried",General,150.0,8.4,8.7,9.6,0.7,0.0,91.0,134.0,2707449,survey_fndds_food
"Vermicelli, Made From Soybeans",General,126.0,0.0,31.4,0.0,1.5,0.0,3.0,0.0,2707450,survey_fndds_food
"Textured Vegetable Protein, Dry",General,366.0,51.1,32.9,3.3,17.5,0.0,2.0,2480.0,2707451,survey_fndds_food
"Frozen Dessert, Non-Dairy",General,159.0,0.9,18.2,9.3,0.1,0.0,39.0,40.0,2707452,survey_fndds_food
"Soup, Bean",General,67.0,3.8,11.6,0.8,4.0,0.0,244.0,197.0,2707453,survey_fndds_food
"Soup, Bean, Canned",General,47.0,2.4,8.1,0.7,2.7,0.0,264.0,145.0,2707454,survey_fndds_food
"Soup, Miso Or Tofu",General,24.0,2.2,2.3,0.8,0.6,0.0,467.0,77.0,2707455,survey_fndds_food
"Soup, Bean, With Meat",General,84.0,5.9,10.0,2.4,3.5,0.0,248.0,199.0,2707457,survey_fndds_food
"Soup, Split Pea, With Meat",General,80.0,5.6,9.1,2.4,3.3,0.0,248.0,201.0,2707458,survey_fndds_food
"Soup, Split Pea",General,61.0,3.6,10.6,0.7,3.8,0.0,244.0,200.0,2707459,survey_fndds_food
"Soup, Lentil, Canned",General,43.0,2.5,7.2,0.6,2.5,0.0,264.0,148.0,2707460,survey_fndds_food
"Soup, Lentil",General,60.0,3.8,10.2,0.7,3.7,0.0,244.0,203.0,2707462,survey_fndds_food
"Soup, Lentil, With Meat",General,78.0,5.9,8.8,2.3,3.2,0.0,249.0,204.0,2707463,survey_fndds_food
"Soup, Mulligatawany",General,48.0,1.7,7.0,1.7,1.8,0.0,259.0,187.0,2707464,survey_fndds_food
"Bacon Strip, Meatless",General,309.0,11.7,5.3,29.5,2.6,0.0,1465.0,170.0,2707465,survey_fndds_food
Bacon Bits,General,476.0,32.0,28.6,25.9,10.2,0.0,1770.0,145.0,2707466,survey_fndds_food
"Breakfast Link, Pattie, Or Slice",General,255.0,20.3,8.1,18.2,2.8,0.0,888.0,231.0,2707467,survey_fndds_food
"Chicken, Meatless, Nfs",General,224.0,23.6,3.6,12.7,3.6,0.0,709.0,54.0,2707468,survey_fndds_food
"Chicken, Meatless, Breaded",General,234.0,21.3,8.5,12.8,4.3,0.0,400.0,300.0,2707469,survey_fndds_food
"Hot Dog, Vegetarian",General,233.0,19.6,7.7,13.7,3.9,0.0,471.0,98.0,2707470,survey_fndds_food
"Luncheon Slice, Meatless-Beef, Chicken",General,189.0,17.8,4.4,11.1,1.1,0.0,711.0,200.0,2707471,survey_fndds_food
"Meatball, Meatless",General,197.0,21.0,8.0,9.0,4.6,0.0,550.0,180.0,2707472,survey_fndds_food
"Veggie Burger Patty, No Bun",General,177.0,15.7,14.3,6.3,4.9,0.0,569.0,333.0,2707473,survey_fndds_food
"Swiss Steak, With Gravy, Meatless",General,180.0,12.7,14.1,8.1,4.0,0.0,689.0,269.0,2707474,survey_fndds_food
"Pot Pie, No Meat",General,242.0,5.4,28.0,12.2,3.5,0.0,360.0,185.0,2707475,survey_fndds_food
"Tofu And Vegetables Including Carrots, Broccoli, And/Or Dark-Green Leafy; No Potatoes",General,92.0,4.1,4.7,6.7,1.2,0.0,216.0,184.0,2707476,survey_fndds_food
"Tofu And Vegetables Excluding Carrots, Broccoli, And Dark-Green Leafy; No Potatoes",General,93.0,4.2,4.4,6.9,0.9,0.0,210.0,177.0,2707477,survey_fndds_food
"Vegetarian, Fillet",General,290.0,23.0,9.0,18.0,6.1,0.0,490.0,600.0,2707478,survey_fndds_food
Vegetarian Stew,General,33.0,0.7,3.1,2.2,1.1,0.0,144.0,114.0,2707479,survey_fndds_food
Vegetarian Stroganoff,General,167.0,7.7,11.8,10.0,2.6,0.0,460.0,207.0,2707480,survey_fndds_food
"Veggie Burger, On Bun",General,224.0,13.0,30.8,5.2,3.5,0.0,534.0,236.0,2707481,survey_fndds_food
"Veggie Burger, On Bun, With Cheese",General,243.0,14.0,27.2,8.4,3.0,0.0,600.0,224.0,2707482,survey_fndds_food
Falafel Sandwich,General,265.0,6.2,27.0,14.8,2.5,0.0,359.0,191.0,2707483,survey_fndds_food
"Nuts, Nfs",General,610.0,19.6,20.9,53.8,7.4,0.0,313.0,601.0,2707484,survey_fndds_food
"Almonds, Nfs",General,598.0,21.0,21.0,52.5,10.9,0.0,3.0,713.0,2707485,survey_fndds_food
"Almonds, Unroasted",General,626.0,21.4,20.0,51.1,10.8,0.0,0.0,733.0,2707486,survey_fndds_food
"Almonds, Salted",General,601.0,20.1,20.2,53.4,10.5,0.0,386.0,685.0,2707487,survey_fndds_food
"Almonds, Lightly Salted",General,604.0,20.2,20.3,53.7,10.5,0.0,195.0,688.0,2707488,survey_fndds_food
"Almonds, Unsalted",General,607.0,20.3,20.4,54.0,10.6,0.0,3.0,692.0,2707489,survey_fndds_food
"Almonds, Flavored",General,599.0,20.1,20.1,53.3,10.4,0.0,500.0,683.0,2707490,survey_fndds_food
"Almonds, Honey Roasted",General,579.0,14.1,35.8,45.3,7.3,0.0,385.0,481.0,2707491,survey_fndds_food
Brazil Nuts,General,659.0,14.3,11.7,67.1,7.5,0.0,3.0,659.0,2707492,survey_fndds_food
"Cashews, Nfs",General,574.0,15.3,32.7,46.4,3.0,0.0,16.0,565.0,2707493,survey_fndds_food
"Cashews, Unroasted",General,574.0,15.3,32.7,46.4,3.0,0.0,16.0,565.0,2707494,survey_fndds_food
"Cashews, Salted",General,578.0,14.7,31.4,47.5,2.9,0.0,399.0,543.0,2707495,survey_fndds_food
"Cashews, Lightly Salted",General,581.0,14.8,31.6,47.7,2.9,0.0,208.0,545.0,2707496,survey_fndds_food
"Cashews, Unsalted",General,584.0,14.8,31.7,48.0,2.9,0.0,16.0,548.0,2707497,survey_fndds_food
"Cashews, Honey Roasted",General,563.0,10.3,43.7,41.2,2.0,0.0,394.0,381.0,2707498,survey_fndds_food
Chestnuts,General,245.0,3.2,53.0,2.2,5.1,0.0,2.0,592.0,2707499,survey_fndds_food
"Coconut, Fresh",General,354.0,3.3,15.2,33.5,9.0,0.0,20.0,356.0,2707500,survey_fndds_food
"Coconut, Packaged",General,456.0,3.1,51.8,28.0,9.9,0.0,285.0,361.0,2707501,survey_fndds_food
Hazelnuts,General,628.0,15.0,16.7,60.8,9.7,0.0,0.0,680.0,2707502,survey_fndds_food
Macadamia Nuts,General,716.0,7.8,12.8,76.1,8.0,0.0,353.0,363.0,2707503,survey_fndds_food
"Mixed Nuts, Nfs",General,610.0,19.6,20.9,53.8,7.4,0.0,313.0,601.0,2707504,survey_fndds_food
"Mixed Nuts, Unroasted",General,616.0,17.0,22.9,54.6,7.2,0.0,7.0,634.0,2707505,survey_fndds_food
"Mixed Nuts, With Peanuts, Salted",General,610.0,19.6,20.9,53.8,7.4,0.0,313.0,601.0,2707506,survey_fndds_food
"Mixed Nuts, With Peanuts, Lightly Salted",General,612.0,19.7,21.0,54.0,7.4,0.0,160.0,603.0,2707507,survey_fndds_food
"Mixed Nuts, With Peanuts, Unsalted",General,615.0,19.8,21.1,54.2,7.5,0.0,6.0,606.0,2707508,survey_fndds_food
"Mixed Nuts, Without Peanuts, Salted",General,620.0,16.3,22.0,55.5,6.9,0.0,320.0,610.0,2707509,survey_fndds_food
"Mixed Nuts, Without Peanuts, Unsalted",General,625.0,16.4,22.2,56.0,7.0,0.0,6.0,615.0,2707510,survey_fndds_food
"Mixed Nuts, Honey Roasted",General,586.0,15.4,33.1,46.7,5.8,0.0,388.0,470.0,2707511,survey_fndds_food
"Peanuts, Nfs",General,587.0,24.4,21.3,49.7,8.4,0.0,410.0,634.0,2707512,survey_fndds_food
"Peanuts, Boiled",General,318.0,13.5,21.3,22.0,8.8,0.0,751.0,180.0,2707513,survey_fndds_food
"Peanuts, Unroasted",General,567.0,25.8,16.1,49.2,8.5,0.0,18.0,705.0,2707514,survey_fndds_food
"Peanuts, Roasted, Salted",General,599.0,28.0,15.3,52.5,9.4,0.0,320.0,726.0,2707515,survey_fndds_food
"Peanuts, Roasted, Unsalted",General,599.0,28.0,15.3,52.5,9.4,0.0,6.0,726.0,2707516,survey_fndds_food
"Peanuts, Dry Roasted, Salted",General,587.0,24.4,21.3,49.7,8.4,0.0,410.0,634.0,2707517,survey_fndds_food
"Peanuts, Dry Roasted, Lightly Salted",General,584.0,24.2,21.2,49.4,8.4,0.0,199.0,631.0,2707518,survey_fndds_food
"Peanuts, Dry Roasted, Unsalted",General,587.0,24.4,21.3,49.7,8.4,0.0,6.0,634.0,2707519,survey_fndds_food
"Peanuts, Honey Roasted",General,574.0,20.7,30.0,45.2,7.1,0.0,349.0,539.0,2707520,survey_fndds_food
"Pecans, Nfs",General,750.0,10.0,12.7,73.3,5.8,0.0,0.0,360.0,2707521,survey_fndds_food
"Pecans, Unroasted",General,750.0,10.0,12.7,73.3,5.8,0.0,0.0,360.0,2707522,survey_fndds_food
"Pecans, Salted",General,747.0,9.6,12.2,73.4,5.6,0.0,383.0,346.0,2707523,survey_fndds_food
"Pecans, Unsalted",General,754.0,9.7,12.3,74.1,5.6,0.0,0.0,349.0,2707524,survey_fndds_food
"Pecans, Honey Roasted",General,681.0,6.7,30.2,59.3,3.9,0.0,383.0,243.0,2707525,survey_fndds_food
Pine Nuts,General,673.0,13.7,13.1,68.4,3.7,0.0,2.0,597.0,2707526,survey_fndds_food
"Pistachio Nuts, Nfs",General,572.0,21.0,28.3,45.8,10.3,0.0,6.0,1007.0,2707527,survey_fndds_food
"Pistachio Nuts, Salted",General,576.0,20.2,27.2,47.0,9.9,0.0,389.0,967.0,2707528,survey_fndds_food
"Pistachio Nuts, Lightly Salted",General,579.0,20.3,27.3,47.2,9.9,0.0,198.0,972.0,2707529,survey_fndds_food
"Pistachio Nuts, Unsalted",General,582.0,20.4,27.4,47.4,10.0,0.0,6.0,977.0,2707530,survey_fndds_food
"Walnuts, Excluding Honey Roasted",General,730.0,14.6,10.9,69.7,5.2,0.0,0.0,424.0,2707531,survey_fndds_food
"Walnuts, Honey Roasted",General,668.0,9.8,29.0,56.9,3.5,0.0,383.0,286.0,2707532,survey_fndds_food
Almond Butter,General,641.0,20.7,21.1,52.7,9.6,0.0,232.0,741.0,2707533,survey_fndds_food
"Almond Butter, Lower Sodium",General,645.0,20.8,21.2,53.0,9.7,0.0,1.0,745.0,2707534,survey_fndds_food
Almond Paste,General,458.0,9.0,47.8,27.7,4.8,0.0,9.0,314.0,2707535,survey_fndds_food
Cashew Butter,General,609.0,12.1,30.3,53.0,3.0,0.0,295.0,447.0,2707536,survey_fndds_food
Peanut Butter,General,598.0,22.2,22.3,51.4,5.0,0.0,426.0,558.0,2707537,survey_fndds_food
"Peanut Butter, Lower Sodium",General,598.0,22.2,22.3,51.4,5.0,0.0,17.0,558.0,2707538,survey_fndds_food
"Peanut Butter, Lower Sodium And Lower Sugar",General,624.0,23.5,18.3,53.1,6.4,0.0,154.0,688.0,2707539,survey_fndds_food
"Peanut Butter, Lower Sugar",General,650.0,24.8,14.2,54.9,7.8,0.0,292.0,818.0,2707540,survey_fndds_food
"Peanut Butter, Reduced Fat",General,520.0,25.9,35.6,34.0,5.2,0.0,540.0,669.0,2707541,survey_fndds_food
"Peanut Butter, Vitamin And Mineral Fortified",General,591.0,25.7,18.8,50.8,5.6,0.0,420.0,667.0,2707542,survey_fndds_food
Peanut Butter And Jelly,General,432.0,11.2,46.1,25.7,3.0,0.0,228.0,306.0,2707543,survey_fndds_food
Peanut Butter And Chocolate Spread,General,498.0,11.7,42.8,34.5,3.0,0.0,304.0,377.0,2707544,survey_fndds_food
Soy Nut Butter,General,613.0,23.0,23.0,50.0,10.6,0.0,290.0,878.0,2707545,survey_fndds_food
Peanut Sauce,General,257.0,6.3,22.0,16.0,1.8,0.0,1338.0,235.0,2707546,survey_fndds_food
"Soup, Peanut",General,88.0,3.2,8.4,5.3,1.7,0.0,246.0,243.0,2707547,survey_fndds_food
"Gravy, Vegetarian",General,144.0,3.8,9.2,10.2,0.2,0.0,323.0,157.0,2707548,survey_fndds_food
"Peanut Butter Sandwich, Nfs",General,382.0,13.9,39.8,20.2,3.2,0.0,442.0,270.0,2707549,survey_fndds_food
"Peanut Butter Sandwich, With Regular Peanut Butter, On White Bread",General,382.0,13.9,39.8,20.2,3.2,0.0,442.0,270.0,2707550,survey_fndds_food
"Peanut Butter Sandwich, With Regular Peanut Butter, On Wheat Bread",General,380.0,15.2,37.4,20.5,5.3,0.0,435.0,317.0,2707551,survey_fndds_food
"Peanut Butter Sandwich, With Reduced Fat Peanut Butter, On White Bread",General,355.0,15.2,44.5,14.2,3.3,0.0,481.0,309.0,2707552,survey_fndds_food
"Peanut Butter Sandwich, With Reduced Fat Peanut Butter, On Wheat Bread",General,353.0,16.4,42.0,14.4,5.3,0.0,475.0,356.0,2707553,survey_fndds_food
"Peanut Butter And Jelly Sandwich, Nfs",General,361.0,11.4,45.2,16.6,2.8,0.0,368.0,232.0,2707554,survey_fndds_food
"Peanut Butter And Jelly Sandwich, With Regular Peanut Butter, Regular Jelly",General,361.0,11.4,45.2,16.6,2.8,0.0,368.0,232.0,2707555,survey_fndds_food
"Peanut Butter And Jelly Sandwich, With Reduced Fat Peanut Butter, On White Bread",General,339.0,12.5,49.0,11.6,2.9,0.0,401.0,263.0,2707557,survey_fndds_food
"Peanut Butter And Jelly Sandwich, With Reduced Fat Peanut Butter, On Wheat Bread",General,337.0,13.5,47.0,11.8,4.6,0.0,395.0,302.0,2707558,survey_fndds_food
"Peanut Butter And Jelly Sandwich, With Regular Peanut Butter, Reduced Sugar Jelly",General,341.0,11.4,39.4,16.6,2.9,0.0,363.0,233.0,2707559,survey_fndds_food
"Peanut Butter And Jelly Sandwich, Frozen Commercial Product Without Crusts",General,361.0,11.4,45.2,16.6,2.8,0.0,368.0,232.0,2707561,survey_fndds_food
"Almond Butter Sandwich, On White Bread",General,397.0,13.3,39.4,20.7,4.9,0.0,374.0,334.0,2707562,survey_fndds_food
"Almond Butter Sandwich, On Wheat Bread",General,395.0,14.6,37.0,20.9,6.9,0.0,368.0,381.0,2707563,survey_fndds_food
"Almond Butter And Jelly Sandwich, On White Bread",General,374.0,11.0,44.9,17.0,4.2,0.0,313.0,284.0,2707564,survey_fndds_food
"Almond Butter And Jelly Sandwich, On Wheat Bread",General,372.0,12.0,42.9,17.2,5.8,0.0,307.0,322.0,2707565,survey_fndds_food
Nutella Sandwich On White Bread,General,362.0,8.0,53.8,12.7,3.4,0.0,308.0,218.0,2707566,survey_fndds_food
Nutella Sandwich On Wheat Bread,General,359.0,9.3,51.3,12.9,5.4,0.0,301.0,265.0,2707567,survey_fndds_food
"Coconut Milk, Used In Cooking",General,230.0,2.3,5.5,23.8,2.2,0.0,15.0,263.0,2707568,survey_fndds_food
"Yogurt, Coconut Milk",General,108.0,2.4,12.9,5.6,1.2,0.0,41.0,68.0,2707569,survey_fndds_food
"Yogurt, Almond Milk",General,128.0,3.0,13.0,7.0,1.5,0.0,49.0,122.0,2707570,survey_fndds_food
"Coconut Cream, Canned, Sweetened",General,357.0,1.2,53.2,16.3,0.2,0.0,36.0,101.0,2707571,survey_fndds_food
"Coconut Water, Unsweetened",General,18.0,0.2,4.2,0.0,0.0,0.0,26.0,165.0,2707572,survey_fndds_food
"Coconut Water, Sweetened",General,37.0,0.2,9.1,0.0,0.0,0.0,25.0,157.0,2707573,survey_fndds_food
"Trail Mix, Nfs",General,454.0,10.9,51.1,26.8,6.4,0.0,134.0,522.0,2707574,survey_fndds_food
Trail Mix With Nuts,General,604.0,20.1,21.1,53.0,7.9,0.0,252.0,648.0,2707575,survey_fndds_food
Trail Mix With Nuts And Fruit,General,454.0,10.9,51.1,26.8,6.4,0.0,134.0,522.0,2707576,survey_fndds_food
Trail Mix With Chocolate,General,503.0,11.6,48.3,32.3,5.9,0.0,146.0,489.0,2707577,survey_fndds_food
"Trail Mix With Pretzels, Cereal, Or Granola",General,476.0,13.1,50.6,27.7,6.0,0.0,414.0,479.0,2707578,survey_fndds_food
"Pumpkin Seeds, Nfs",General,574.0,29.8,14.7,49.0,6.5,0.0,18.0,788.0,2707579,survey_fndds_food
"Pumpkin Seeds, Salted",General,567.0,29.5,14.5,48.5,6.4,0.0,477.0,779.0,2707580,survey_fndds_food
"Pumpkin Seeds, Unsalted",General,574.0,29.8,14.7,49.0,6.5,0.0,18.0,788.0,2707581,survey_fndds_food
"Sunflower Seeds, Plain, Unsalted",General,582.0,19.3,24.1,49.8,11.1,0.0,3.0,850.0,2707582,survey_fndds_food
"Sunflower Seeds, Plain, Salted",General,575.0,19.1,23.8,49.2,11.0,0.0,462.0,840.0,2707583,survey_fndds_food
"Sunflower Seeds, Flavored",General,567.0,18.4,25.9,47.6,10.6,0.0,612.0,812.0,2707584,survey_fndds_food
"Sunflower Seeds, Nfs",General,582.0,19.3,24.1,49.8,11.1,0.0,3.0,850.0,2707585,survey_fndds_food
Sesame Seeds,General,631.0,20.4,11.7,61.2,11.6,0.0,47.0,370.0,2707586,survey_fndds_food
Tahini,General,697.0,19.7,14.2,62.4,8.4,0.0,64.0,408.0,2707587,survey_fndds_food
Flax Seeds,General,545.0,18.0,34.4,37.3,23.1,0.0,37.0,793.0,2707588,survey_fndds_food
Mixed Seeds,General,580.0,22.0,21.7,49.6,10.0,0.0,7.0,834.0,2707589,survey_fndds_food
Chia Seeds,General,486.0,16.5,42.1,30.7,34.4,0.0,16.0,407.0,2707590,survey_fndds_food
"Bread, Ns As To Major Flour",General,267.0,9.4,49.2,3.6,2.3,0.0,450.0,117.0,2707591,survey_fndds_food
"Bread, Ns As To Major Flour, Toasted",General,293.0,10.4,54.1,3.9,2.5,0.0,495.0,129.0,2707592,survey_fndds_food
"Bread, Made From Home Recipe Or Purchased At A Bakery, Ns As To Major Flour",General,272.0,10.1,50.3,3.4,1.7,0.0,565.0,118.0,2707593,survey_fndds_food
"Bread, Made From Home Recipe Or Purchased At A Bakery, Toasted",General,299.0,11.1,55.2,3.8,1.9,0.0,621.0,129.0,2707594,survey_fndds_food
"Roll, Ns As To Major Flour",General,279.0,9.8,50.1,3.9,1.8,0.0,494.0,122.0,2707595,survey_fndds_food
"Roll, Hard, Ns As To Major Flour",General,293.0,9.9,52.7,4.3,2.3,0.0,544.0,108.0,2707596,survey_fndds_food
"Roll, Bran, Ns As To Type Of Bran",General,263.0,9.6,44.6,6.0,3.8,0.0,458.0,160.0,2707597,survey_fndds_food
"Bread, White",General,267.0,9.4,49.2,3.6,2.3,0.0,450.0,117.0,2707598,survey_fndds_food
"Bread, White, Toasted",General,293.0,10.4,54.1,3.9,2.5,0.0,495.0,129.0,2707599,survey_fndds_food
"Bread, White, Made From Home Recipe Or Purchased At A Bakery",General,272.0,10.1,50.3,3.4,1.7,0.0,565.0,118.0,2707600,survey_fndds_food
"Bread, White With Whole Wheat Swirl",General,260.0,10.9,46.2,3.6,4.2,0.0,440.0,184.0,2707602,survey_fndds_food
"Bread, White With Whole Wheat Swirl, Toasted",General,301.0,12.4,53.4,4.1,4.7,0.0,508.0,208.0,2707603,survey_fndds_food
"Bread, Cuban",General,272.0,10.8,51.9,2.4,2.2,0.0,602.0,117.0,2707604,survey_fndds_food
"Bread, Cuban, Toasted",General,299.0,11.8,57.0,2.7,2.4,0.0,662.0,129.0,2707605,survey_fndds_food
"Bread, Native, Water",General,279.0,10.4,52.2,3.2,1.8,0.0,544.0,116.0,2707606,survey_fndds_food
"Bread, Lard, Puerto Rican Style",General,282.0,7.3,56.1,3.3,2.0,0.0,433.0,97.0,2707608,survey_fndds_food
"Bread, Lard, Toasted",General,314.0,8.1,62.3,3.6,2.2,0.0,482.0,107.0,2707609,survey_fndds_food
"Bread, French Or Vienna",General,272.0,10.8,51.9,2.4,2.2,0.0,602.0,117.0,2707610,survey_fndds_food
"Bread, French Or Vienna, Toasted",General,299.0,11.8,57.0,2.7,2.4,0.0,662.0,129.0,2707611,survey_fndds_food
"Focaccia, Italian, Plain",General,249.0,8.8,35.8,7.9,1.8,0.0,561.0,114.0,2707612,survey_fndds_food
"Bread, Naan",General,311.0,11.1,50.2,7.3,5.2,0.0,508.0,201.0,2707613,survey_fndds_food
"Bread, Italian, Grecian",General,259.0,9.5,48.1,2.7,2.1,0.0,618.0,124.0,2707614,survey_fndds_food
"Bread, Pita",General,275.0,9.1,55.7,1.2,2.2,0.0,536.0,120.0,2707616,survey_fndds_food
"Bread, Pita With Fruit",General,279.0,8.2,59.5,1.0,2.6,0.0,454.0,209.0,2707617,survey_fndds_food
"Bread, Cheese",General,408.0,10.4,44.8,20.8,2.1,0.0,750.0,84.0,2707618,survey_fndds_food
"Bread, Cheese, Toasted",General,448.0,11.4,49.3,22.9,2.3,0.0,824.0,92.0,2707619,survey_fndds_food
"Bread, Cinnamon",General,253.0,7.0,44.4,5.3,3.5,0.0,388.0,74.0,2707620,survey_fndds_food
"Bread, Cinnamon, Toasted",General,293.0,10.4,54.1,3.9,2.5,0.0,495.0,129.0,2707621,survey_fndds_food
"Bread, Cornmeal And Molasses",General,285.0,7.9,55.2,3.8,1.6,0.0,314.0,367.0,2707622,survey_fndds_food
"Bread, Cornmeal And Molasses, Toasted",General,313.0,8.7,60.7,4.2,1.8,0.0,346.0,404.0,2707623,survey_fndds_food
"Bread, Egg, Challah",General,287.0,9.5,47.8,6.0,2.3,0.0,380.0,115.0,2707624,survey_fndds_food
"Garlic Bread, Nfs",General,349.0,8.3,41.6,16.6,2.5,0.0,620.0,103.0,2707626,survey_fndds_food
"Garlic Bread, From Fast Food / Restaurant",General,349.0,8.3,41.6,16.6,2.5,0.0,620.0,103.0,2707627,survey_fndds_food
"Garlic Bread, From Frozen",General,350.0,8.4,41.7,16.6,2.5,0.0,544.0,103.0,2707628,survey_fndds_food
"Garlic Bread, With Parmesan Cheese, From Fast Food / Restaurant",General,351.0,8.8,41.1,16.8,2.4,0.0,642.0,104.0,2707629,survey_fndds_food
"Garlic Bread, With Parmesan Cheese, From Frozen",General,351.0,8.8,41.1,16.8,2.5,0.0,568.0,105.0,2707630,survey_fndds_food
"Garlic Bread, With Melted Cheese, From Fast Food / Restaurant",General,339.0,11.4,34.2,17.3,2.0,0.0,636.0,105.0,2707631,survey_fndds_food
"Garlic Bread, With Melted Cheese, From Frozen",General,343.0,10.4,36.9,17.1,2.2,0.0,564.0,105.0,2707632,survey_fndds_food
"Bread, Onion",General,238.0,8.8,44.3,3.0,1.7,0.0,482.0,124.0,2707633,survey_fndds_food
"Bread, Onion, Toasted",General,262.0,9.7,48.7,3.2,1.9,0.0,530.0,136.0,2707634,survey_fndds_food
"Bread, Reduced Calorie And/Or High Fiber, White Or Nfs",General,207.0,8.7,44.3,2.5,9.7,0.0,479.0,76.0,2707635,survey_fndds_food
"Bread, White, Special Formula",General,238.0,10.7,43.9,2.2,9.2,0.0,450.0,127.0,2707639,survey_fndds_food
"Bread, High Protein, Toasted",General,269.0,13.3,48.1,2.4,3.3,0.0,444.0,354.0,2707641,survey_fndds_food
"Bread, Potato",General,266.0,12.5,47.1,3.1,6.3,0.0,375.0,718.0,2707642,survey_fndds_food
"Bread, Potato, Toasted",General,292.0,13.7,51.7,3.4,6.9,0.0,412.0,789.0,2707643,survey_fndds_food
"Bread, Raisin",General,270.0,8.8,52.2,3.3,2.5,0.0,408.0,180.0,2707644,survey_fndds_food
"Bread, Raisin, Toasted",General,297.0,9.7,57.4,3.6,2.8,0.0,448.0,197.0,2707645,survey_fndds_food
"Bread, Sour Dough",General,272.0,10.8,51.9,2.4,2.2,0.0,602.0,117.0,2707646,survey_fndds_food
"Bread, Sour Dough, Toasted",General,299.0,11.8,57.0,2.7,2.4,0.0,662.0,129.0,2707647,survey_fndds_food
"Bread, Sweet Potato",General,241.0,8.6,45.4,2.9,1.7,0.0,474.0,157.0,2707648,survey_fndds_food
"Bread, Sweet Potato, Toasted",General,265.0,9.5,49.9,3.2,1.9,0.0,521.0,173.0,2707649,survey_fndds_food
"Bread, Vegetable",General,259.0,9.7,48.0,3.3,1.8,0.0,532.0,161.0,2707650,survey_fndds_food
"Bread, Vegetable, Toasted",General,284.0,10.6,52.7,3.6,2.0,0.0,584.0,177.0,2707651,survey_fndds_food
Bruschetta,General,171.0,4.3,21.3,7.6,1.5,0.0,264.0,187.0,2707652,survey_fndds_food
"Bread, Dough, Fried",General,384.0,9.4,45.0,18.8,1.5,0.0,177.0,132.0,2707653,survey_fndds_food
"Roll, White, Soft",General,279.0,9.8,50.1,3.9,1.8,0.0,494.0,122.0,2707654,survey_fndds_food
"Roll, White, Hard",General,293.0,9.9,52.7,4.3,2.3,0.0,544.0,108.0,2707655,survey_fndds_food
"Roll, White, Hot Dog Bun",General,267.0,9.4,49.2,3.6,2.3,0.0,450.0,117.0,2707656,survey_fndds_food
"Roll, White, Hamburger Bun",General,267.0,9.4,49.2,3.6,2.3,0.0,450.0,117.0,2707657,survey_fndds_food
"Roll, Diet",General,272.0,10.8,51.9,2.4,2.2,0.0,602.0,117.0,2707658,survey_fndds_food
"Roll, Egg Bread",General,287.0,9.5,47.8,6.0,2.3,0.0,380.0,115.0,2707659,survey_fndds_food
"Roll, Cheese",General,315.0,11.5,49.6,7.8,1.9,0.0,476.0,136.0,2707660,survey_fndds_food
"Roll, French Or Vienna",General,272.0,10.8,51.9,2.4,2.2,0.0,602.0,117.0,2707661,survey_fndds_food
"Roll, Garlic",General,309.0,10.8,51.9,6.4,2.0,0.0,465.0,140.0,2707662,survey_fndds_food
"Roll, White, Hoagie",General,279.0,9.8,50.1,3.9,1.8,0.0,494.0,122.0,2707663,survey_fndds_food
"Roll, Mexican, Bolillo",General,318.0,10.6,55.8,5.8,2.2,0.0,506.0,131.0,2707664,survey_fndds_food
"Roll, Sour Dough",General,272.0,10.8,51.9,2.4,2.2,0.0,602.0,117.0,2707665,survey_fndds_food
"Roll, Sweet, No Frosting",General,321.0,10.0,53.6,7.4,3.1,0.0,253.0,149.0,2707666,survey_fndds_food
"Roll, Sweet, Cinnamon Bun",General,372.0,6.2,50.9,16.4,2.4,0.0,304.0,111.0,2707667,survey_fndds_food
"Pan Dulce, Nfs",General,371.0,9.1,56.4,12.2,2.2,0.0,231.0,102.0,2707669,survey_fndds_food
"Pan Dulce, With Fruit, No Frosting",General,372.0,6.2,50.9,16.4,2.4,0.0,304.0,111.0,2707670,survey_fndds_food
"Roll, Sweet, With Fruit",General,379.0,5.2,53.6,16.4,2.0,0.0,285.0,99.0,2707671,survey_fndds_food
"Roll, Sweet, Frosted",General,404.0,5.5,50.8,20.1,2.3,0.0,266.0,116.0,2707673,survey_fndds_food
"Pan Dulce, No Topping",General,367.0,9.4,56.4,11.6,2.3,0.0,228.0,103.0,2707674,survey_fndds_food
"Pan Dulce, With Sugar Topping",General,374.0,8.7,56.4,12.8,2.1,0.0,235.0,102.0,2707675,survey_fndds_food
"Pan Dulce, With Raisins And Icing",General,368.0,8.3,58.6,11.4,2.2,0.0,214.0,127.0,2707676,survey_fndds_food
"Coffee Cake, Yeast Type",General,372.0,6.2,50.9,16.4,2.4,0.0,304.0,111.0,2707677,survey_fndds_food
Croissant,General,406.0,8.2,45.8,21.0,2.6,0.0,300.0,118.0,2707678,survey_fndds_food
"Croissant, Cheese",General,414.0,9.2,47.0,20.9,2.6,0.0,361.0,132.0,2707679,survey_fndds_food
"Croissant, Chocolate",General,421.0,7.4,49.4,22.8,3.3,0.0,242.0,167.0,2707680,survey_fndds_food
"Croissant, Fruit",General,396.0,7.8,47.0,19.7,3.0,0.0,287.0,136.0,2707681,survey_fndds_food
Brioche,General,427.0,9.0,36.3,27.5,1.5,0.0,437.0,130.0,2707682,survey_fndds_food
"Bread, Spanish Coffee",General,348.0,7.9,58.8,9.1,1.9,0.0,15.0,115.0,2707683,survey_fndds_food
Bagel,General,264.0,10.6,52.4,1.3,1.6,0.0,422.0,107.0,2707684,survey_fndds_food
"Bagel, With Raisins",General,268.0,9.8,55.1,1.2,1.9,0.0,382.0,171.0,2707685,survey_fndds_food
"Bagel, With Fruit Other Than Raisins",General,243.0,9.6,48.4,1.2,1.7,0.0,380.0,101.0,2707686,survey_fndds_food
Bread Stuffing,General,177.0,3.1,21.7,8.5,0.9,0.0,471.0,72.0,2707687,survey_fndds_food
Bread Stuffing Made With Egg,General,192.0,3.3,17.8,11.9,0.8,0.0,458.0,71.0,2707688,survey_fndds_food
"Breadsticks, Nfs",General,342.0,12.2,44.4,12.8,2.4,0.0,615.0,132.0,2707689,survey_fndds_food
"Breadsticks, Hard, Nfs",General,412.0,12.0,68.4,9.5,3.0,0.0,713.0,124.0,2707690,survey_fndds_food
"Breadsticks, Hard, Reduced Sodium",General,434.0,12.0,72.2,10.9,2.5,0.0,4.0,131.0,2707691,survey_fndds_food
"Breadsticks, Soft, Nfs",General,342.0,12.2,44.4,12.8,2.4,0.0,615.0,132.0,2707692,survey_fndds_food
"Breadsticks, Soft, Fast Food / Restaurant",General,342.0,12.2,44.4,12.8,2.4,0.0,615.0,132.0,2707693,survey_fndds_food
"Breadsticks, Soft, Frozen",General,313.0,11.1,46.4,9.2,2.4,0.0,503.0,126.0,2707694,survey_fndds_food
"Breadsticks, Soft, With Parmesan Cheese",General,344.0,12.5,43.8,13.2,2.3,0.0,637.0,133.0,2707695,survey_fndds_food
"Breadsticks, Soft, Stuffed Or Topped With Melted Cheese",General,333.0,14.5,36.4,14.4,1.9,0.0,632.0,129.0,2707696,survey_fndds_food
Croutons,General,465.0,10.8,63.5,18.3,5.0,0.0,1333.0,181.0,2707697,survey_fndds_food
"Muffin, English",General,227.0,8.9,44.2,1.7,3.5,0.0,425.0,109.0,2707698,survey_fndds_food
"Muffin, English, With Raisins",General,234.0,8.3,47.7,1.6,3.6,0.0,385.0,172.0,2707699,survey_fndds_food
"Muffin, English, Cheese",General,236.0,9.6,42.1,3.3,3.3,0.0,436.0,107.0,2707700,survey_fndds_food
"Muffin, English, With Fruit Other Than Raisins",General,244.0,9.3,47.6,1.8,3.9,0.0,442.0,122.0,2707701,survey_fndds_food
Melba Toast,General,390.0,12.1,76.6,3.2,6.3,0.0,598.0,202.0,2707702,survey_fndds_food
Anisette Toast,General,373.0,7.6,67.0,8.4,1.4,0.0,262.0,97.0,2707703,survey_fndds_food
Pannetone,General,325.0,9.8,53.8,8.4,2.3,0.0,325.0,165.0,2707704,survey_fndds_food
Zwieback Toast,General,426.0,10.1,74.2,9.7,2.5,0.0,227.0,305.0,2707705,survey_fndds_food
"Bread, Whole Grain White",General,238.0,10.7,43.9,2.2,9.2,0.0,450.0,127.0,2707706,survey_fndds_food
"Bread, Whole Grain White, Toasted",General,262.0,11.7,48.2,2.4,10.1,0.0,495.0,140.0,2707707,survey_fndds_food
"Bagel, Whole Grain White",General,250.0,10.2,48.9,1.5,4.1,0.0,439.0,165.0,2707708,survey_fndds_food
"Bread, Whole Wheat",General,254.0,12.3,43.1,3.6,6.0,0.0,430.0,250.0,2707709,survey_fndds_food
"Bread, Whole Wheat, Toasted",General,279.0,13.5,47.4,3.9,6.6,0.0,473.0,275.0,2707710,survey_fndds_food
"Bread, Whole Wheat, Made From Home Recipe Or Purchased At Bakery",General,267.0,10.4,47.0,4.3,6.8,0.0,607.0,273.0,2707711,survey_fndds_food
"Bread, Chappatti Or Roti",General,299.0,7.8,46.1,9.2,9.7,0.0,298.0,196.0,2707713,survey_fndds_food
"Bread, Puri",General,409.0,6.8,39.2,24.9,3.5,0.0,170.0,134.0,2707714,survey_fndds_food
"Bread, Paratha",General,326.0,6.4,45.4,13.2,9.6,0.0,452.0,139.0,2707715,survey_fndds_food
"Bread, Whole Wheat, With Raisins",General,290.0,8.6,56.4,4.1,6.5,0.0,480.0,322.0,2707716,survey_fndds_food
"Bread, Sprouted Wheat",General,188.0,13.2,33.9,0.0,5.3,0.0,474.0,198.0,2707718,survey_fndds_food
"Bread, Sprouted Wheat, Toasted",General,207.0,14.5,37.2,0.0,5.8,0.0,521.0,218.0,2707719,survey_fndds_food
"Bread, Wheat Or Cracked Wheat",General,274.0,10.7,47.5,4.5,4.0,0.0,450.0,141.0,2707720,survey_fndds_food
"Bread, Wheat Or Cracked Wheat, Toasted",General,301.0,11.7,52.2,5.0,4.4,0.0,495.0,155.0,2707721,survey_fndds_food
"Bread, Wheat Or Cracked Wheat, Made From Home Recipe Or Purchased At Bakery",General,271.0,10.3,49.2,3.7,3.4,0.0,576.0,170.0,2707722,survey_fndds_food
"Bread, Wheat Or Cracked Wheat, With Raisins",General,292.0,8.7,57.7,3.7,3.9,0.0,462.0,240.0,2707724,survey_fndds_food
"Bread, Wheat Or Cracked Wheat, Reduced Calorie And/Or High Fiber",General,207.0,8.9,44.9,2.6,10.7,0.0,465.0,109.0,2707726,survey_fndds_food
"Bread, French Or Vienna, Whole Wheat",General,239.0,8.3,49.1,1.0,4.2,0.0,375.0,163.0,2707728,survey_fndds_food
"Bread, Pita, Whole Wheat",General,262.0,9.8,55.9,1.7,6.1,0.0,421.0,170.0,2707730,survey_fndds_food
"Bread, Pita, Wheat Or Cracked Wheat",General,262.0,9.8,55.9,1.7,6.1,0.0,421.0,170.0,2707731,survey_fndds_food
"Bagel, Wheat",General,250.0,10.2,48.9,1.5,4.1,0.0,439.0,165.0,2707732,survey_fndds_food
"Bagel, Whole Wheat",General,250.0,10.2,48.9,1.5,4.1,0.0,439.0,165.0,2707733,survey_fndds_food
"Bagel, Wheat, With Raisins",General,255.0,9.5,51.9,1.4,4.1,0.0,398.0,215.0,2707734,survey_fndds_food
"Bagel, Whole Wheat, With Raisins",General,255.0,9.5,51.9,1.4,4.1,0.0,398.0,215.0,2707735,survey_fndds_food
"Bagel, Wheat, With Fruit And Nuts",General,263.0,9.5,50.8,2.8,4.4,0.0,389.0,213.0,2707736,survey_fndds_food
"Bagel, Wheat Bran",General,250.0,10.2,48.9,1.5,4.1,0.0,439.0,165.0,2707737,survey_fndds_food
"Muffin, English, Wheat Bran",General,223.0,8.7,44.8,2.0,4.6,0.0,353.0,186.0,2707738,survey_fndds_food
"Muffin, English, Wheat Or Cracked Wheat",General,223.0,8.7,44.8,2.0,4.6,0.0,353.0,186.0,2707740,survey_fndds_food
"Muffin, English, Whole Wheat",General,223.0,8.7,44.8,2.0,4.6,0.0,353.0,186.0,2707741,survey_fndds_food
"Muffin, English, Whole Grain White",General,223.0,8.7,44.8,2.0,4.6,0.0,353.0,186.0,2707744,survey_fndds_food
"Breadsticks, Hard, Whole Wheat",General,425.0,15.1,67.9,11.0,7.1,0.0,577.0,267.0,2707745,survey_fndds_food
"Roll, Wheat Or Cracked Wheat",General,273.0,8.6,46.0,6.3,3.8,0.0,524.0,115.0,2707746,survey_fndds_food
"Roll, Wheat Or Cracked Wheat, Hot Dog Bun",General,269.0,11.7,47.3,3.6,4.2,0.0,463.0,181.0,2707747,survey_fndds_food
"Roll, Wheat Or Cracked Wheat, Hamburger Bun",General,269.0,11.7,47.3,3.6,4.2,0.0,463.0,181.0,2707748,survey_fndds_food
"Roll, Whole Wheat",General,273.0,8.6,46.0,6.3,3.8,0.0,524.0,115.0,2707749,survey_fndds_food
"Roll, Whole Wheat, Hot Dog Bun",General,269.0,12.4,44.9,4.4,6.1,0.0,477.0,242.0,2707750,survey_fndds_food
"Roll, Whole Wheat, Hamburger Bun",General,269.0,12.4,44.9,4.4,6.1,0.0,477.0,242.0,2707751,survey_fndds_food
"Roll, Whole Grain White",General,255.0,9.3,46.5,3.5,2.3,0.0,512.0,190.0,2707752,survey_fndds_food
"Roll, Whole Grain White, Hot Dog Bun",General,255.0,9.3,46.5,3.5,2.3,0.0,512.0,190.0,2707753,survey_fndds_food
"Roll, Whole Grain White, Hamburger Bun",General,255.0,9.3,46.5,3.5,2.3,0.0,512.0,190.0,2707754,survey_fndds_food
"Bread, Rye",General,259.0,8.5,48.3,3.3,5.8,0.0,570.0,166.0,2707755,survey_fndds_food
"Bread, Rye, Toasted",General,285.0,9.3,53.1,3.6,6.4,0.0,626.0,182.0,2707756,survey_fndds_food
"Bread, Marble Rye And Pumpernickel",General,259.0,8.5,48.3,3.3,5.8,0.0,570.0,166.0,2707757,survey_fndds_food
"Bread, Marble Rye And Pumpernickel, Toasted",General,285.0,9.3,53.1,3.6,6.4,0.0,626.0,182.0,2707758,survey_fndds_food
"Muffin, English, Rye",General,259.0,8.5,48.3,3.3,5.8,0.0,570.0,166.0,2707759,survey_fndds_food
"Bread, Pumpernickel",General,250.0,8.7,47.5,3.1,6.5,0.0,596.0,208.0,2707760,survey_fndds_food
"Bread, Pumpernickel, Toasted",General,275.0,9.6,52.2,3.4,7.1,0.0,655.0,229.0,2707761,survey_fndds_food
"Bagel, Pumpernickel",General,250.0,10.2,48.9,1.5,4.1,0.0,439.0,165.0,2707762,survey_fndds_food
"Muffin, English, Pumpernickel",General,250.0,8.7,47.5,3.1,6.5,0.0,596.0,208.0,2707763,survey_fndds_food
"Bread, Black",General,250.0,8.7,47.5,3.1,6.5,0.0,596.0,208.0,2707764,survey_fndds_food
"Bread, Black, Toasted",General,275.0,9.6,52.2,3.4,7.1,0.0,655.0,229.0,2707765,survey_fndds_food
"Roll, Rye",General,259.0,8.5,48.3,3.3,5.8,0.0,570.0,166.0,2707766,survey_fndds_food
"Roll, Pumpernickel",General,250.0,8.7,47.5,3.1,6.5,0.0,596.0,208.0,2707767,survey_fndds_food
"Bread, Oatmeal",General,269.0,8.4,48.5,4.4,4.0,0.0,447.0,142.0,2707768,survey_fndds_food
"Bread, Oatmeal, Toasted",General,296.0,9.2,53.3,4.8,4.4,0.0,491.0,156.0,2707769,survey_fndds_food
"Bread, Oat Bran",General,299.0,9.3,53.9,4.9,4.4,0.0,497.0,158.0,2707770,survey_fndds_food
"Bread, Oat Bran, Toasted",General,296.0,9.2,53.3,4.8,4.4,0.0,491.0,156.0,2707771,survey_fndds_food
"Bagel, Oat Bran",General,250.0,10.2,48.9,1.5,4.1,0.0,439.0,165.0,2707772,survey_fndds_food
"Roll, Oatmeal",General,269.0,8.4,48.5,4.4,4.0,0.0,447.0,142.0,2707773,survey_fndds_food
"Muffin, English, Oat Bran",General,269.0,8.4,48.5,4.4,4.0,0.0,447.0,142.0,2707774,survey_fndds_food
"Bread, Multigrain, Toasted",General,291.0,14.7,47.6,4.6,8.1,0.0,396.0,253.0,2707776,survey_fndds_food
"Bread, Multigrain",General,265.0,13.4,43.3,4.2,7.4,0.0,360.0,230.0,2707777,survey_fndds_food
"Bread, Multigrain, With Raisins",General,268.0,12.4,46.9,3.8,7.1,0.0,327.0,281.0,2707778,survey_fndds_food
"Bread, Multigrain, Reduced Calorie And/Or High Fiber",General,207.0,8.9,44.9,2.6,10.7,0.0,465.0,109.0,2707780,survey_fndds_food
"Roll, Multigrain",General,263.0,9.6,44.6,6.0,3.8,0.0,458.0,160.0,2707782,survey_fndds_food
"Roll, Multigrain, Hot Dog Bun",General,263.0,9.6,44.6,6.0,3.8,0.0,458.0,160.0,2707783,survey_fndds_food
"Roll, Multigrain, Hamburger Bun",General,263.0,9.6,44.6,6.0,3.8,0.0,458.0,160.0,2707784,survey_fndds_food
"Bagel, Multigrain",General,250.0,10.2,48.9,1.5,4.1,0.0,439.0,165.0,2707785,survey_fndds_food
"Bagel, Multigrain, With Raisins",General,255.0,9.5,51.9,1.4,4.1,0.0,398.0,215.0,2707786,survey_fndds_food
"Muffin, English, Multigrain",General,223.0,8.7,44.8,2.0,4.6,0.0,353.0,186.0,2707787,survey_fndds_food
"Bread, Barley",General,274.0,10.7,47.5,4.5,4.0,0.0,450.0,141.0,2707788,survey_fndds_food
"Bread, Barley, Toasted",General,301.0,11.7,52.2,5.0,4.4,0.0,495.0,155.0,2707789,survey_fndds_food
"Bread, Soy",General,267.0,16.4,42.0,3.8,4.4,0.0,589.0,528.0,2707790,survey_fndds_food
"Bread, Soy, Toasted",General,293.0,18.0,46.1,4.2,4.8,0.0,648.0,580.0,2707791,survey_fndds_food
"Bread, Sunflower Meal",General,306.0,11.2,48.0,8.2,2.7,0.0,512.0,194.0,2707792,survey_fndds_food
"Bread, Sunflower Meal, Toasted",General,336.0,12.3,52.7,9.0,2.9,0.0,563.0,213.0,2707793,survey_fndds_food
"Bread, Rice",General,248.0,4.3,45.8,5.2,4.3,0.0,447.0,75.0,2707794,survey_fndds_food
"Bread, Rice, Toasted",General,273.0,4.7,50.3,5.8,4.7,0.0,491.0,82.0,2707795,survey_fndds_food
"Injera, Ethiopian Bread",General,93.0,2.6,19.4,0.7,2.8,0.0,226.0,102.0,2707796,survey_fndds_food
"Bread, Gluten Free",General,248.0,4.3,45.8,5.2,4.3,0.0,447.0,75.0,2707797,survey_fndds_food
"Bread, Gluten Free, Toasted",General,273.0,4.7,50.3,5.8,4.7,0.0,491.0,82.0,2707798,survey_fndds_food
"Breadsticks, Hard, Gluten Free",General,453.0,11.2,66.3,15.8,10.2,0.0,438.0,381.0,2707799,survey_fndds_food
"Roll, Gluten Free",General,239.0,3.3,50.5,2.6,5.1,0.0,593.0,76.0,2707800,survey_fndds_food
"Biscuit, Nfs",General,370.0,7.1,42.8,18.9,2.5,0.0,979.0,131.0,2707801,survey_fndds_food
"Biscuit, From Refrigerated Dough",General,324.0,6.8,49.0,11.2,2.8,0.0,1002.0,152.0,2707802,survey_fndds_food
"Biscuit, From Fast Food / Restaurant",General,370.0,7.1,42.8,18.9,2.5,0.0,979.0,131.0,2707803,survey_fndds_food
"Biscuit, Home Recipe",General,350.0,7.0,44.9,16.0,1.4,0.0,801.0,134.0,2707804,survey_fndds_food
"Biscuit, Wheat",General,362.0,7.5,43.9,18.2,4.5,0.0,930.0,184.0,2707805,survey_fndds_food
"Biscuit, Cheese",General,374.0,8.7,38.8,20.4,2.2,0.0,946.0,126.0,2707806,survey_fndds_food
Biscuit With Fruit,General,363.0,6.7,46.5,17.0,2.7,0.0,884.0,192.0,2707807,survey_fndds_food
Scone,General,382.0,6.7,48.1,18.4,1.2,0.0,446.0,118.0,2707808,survey_fndds_food
"Scone, With Fruit",General,374.0,6.3,51.2,16.5,1.5,0.0,404.0,181.0,2707809,survey_fndds_food
"Cornbread, Prepared From Mix",General,330.0,6.6,54.5,9.6,2.3,0.0,599.0,133.0,2707810,survey_fndds_food
"Cornbread, Made From Home Recipe",General,287.0,6.6,42.9,9.8,1.5,0.0,485.0,142.0,2707811,survey_fndds_food
Cornbread Stuffing,General,179.0,2.9,21.9,8.8,2.9,0.0,526.0,62.0,2707812,survey_fndds_food
"Cornbread Muffin, Stick, Round",General,305.0,5.9,51.0,8.4,3.4,0.0,385.0,69.0,2707813,survey_fndds_food
"Corn Flour Patty Or Tart, Fried",General,218.0,4.0,41.2,4.6,3.0,0.0,483.0,124.0,2707815,survey_fndds_food
"Corn Pone, Baked",General,214.0,3.5,39.7,4.3,1.9,0.0,437.0,71.0,2707816,survey_fndds_food
"Corn Pone, Fried",General,254.0,3.3,37.8,9.8,1.8,0.0,417.0,68.0,2707817,survey_fndds_food
"Gordita/Sope Shell, Plain, No Filling",General,260.0,3.8,37.2,11.2,2.9,0.0,376.0,115.0,2707818,survey_fndds_food
Hush Puppy,General,296.0,6.2,40.2,13.2,2.9,0.0,813.0,256.0,2707819,survey_fndds_food
Johnnycake,General,277.0,8.0,43.8,7.5,1.8,0.0,871.0,211.0,2707820,survey_fndds_food
Spoonbread,General,166.0,6.7,18.6,7.1,0.7,0.0,382.0,195.0,2707821,survey_fndds_food
"Tortilla, Nfs",General,262.0,7.0,47.0,5.4,4.9,0.0,372.0,156.0,2707822,survey_fndds_food
"Tortilla, Corn",General,218.0,5.7,44.6,2.8,6.3,0.0,45.0,186.0,2707823,survey_fndds_food
"Tortilla, Flour",General,306.0,8.2,49.4,8.0,3.5,0.0,700.0,125.0,2707824,survey_fndds_food
"Tortilla, Whole Wheat",General,310.0,9.8,45.9,9.8,9.8,0.0,617.0,262.0,2707825,survey_fndds_food
"Taco Shell, Corn",General,476.0,6.4,63.5,21.8,6.7,0.0,324.0,231.0,2707826,survey_fndds_food
"Taco Shell, Flour",General,511.0,8.8,53.2,29.1,3.8,0.0,755.0,135.0,2707827,survey_fndds_food
Arepa Dominicana,General,267.0,5.7,30.5,14.0,2.4,0.0,399.0,202.0,2707828,survey_fndds_food
"Muffin, Nfs",General,375.0,4.5,53.0,16.1,1.1,0.0,336.0,121.0,2707829,survey_fndds_food
"Muffin, Fruit",General,375.0,4.5,53.0,16.1,1.1,0.0,336.0,121.0,2707830,survey_fndds_food
"Muffin, Fruit, Low Fat",General,255.0,4.2,50.0,4.2,4.2,0.0,413.0,96.0,2707831,survey_fndds_food
"Muffin, Chocolate Chip",General,402.0,5.8,55.4,19.0,1.8,0.0,306.0,175.0,2707832,survey_fndds_food
"Muffin, Chocolate",General,395.0,6.5,50.9,18.8,1.9,0.0,339.0,178.0,2707833,survey_fndds_food
"Muffin, Whole Wheat",General,372.0,7.8,44.0,18.4,3.5,0.0,393.0,195.0,2707834,survey_fndds_food
"Muffin, Wheat",General,372.0,6.9,45.7,18.0,1.8,0.0,389.0,143.0,2707835,survey_fndds_food
"Muffin, Whole Grain",General,372.0,6.9,45.7,18.0,1.8,0.0,389.0,143.0,2707836,survey_fndds_food
"Muffin, Wheat Bran",General,208.0,6.3,38.7,5.0,2.2,0.0,208.0,369.0,2707837,survey_fndds_food
"Muffin, Bran With Fruit, Lowfat",General,179.0,5.4,40.0,1.5,2.7,0.0,433.0,259.0,2707838,survey_fndds_food
"Muffin, Oatmeal",General,370.0,6.4,43.9,18.9,1.5,0.0,404.0,134.0,2707839,survey_fndds_food
"Muffin, Oat Bran",General,270.0,7.0,48.3,7.4,4.6,0.0,393.0,507.0,2707840,survey_fndds_food
"Muffin, Plain",General,374.0,5.9,52.0,16.2,0.8,0.0,358.0,130.0,2707841,survey_fndds_food
"Muffin, Cheese",General,367.0,9.7,30.5,23.0,1.0,0.0,491.0,133.0,2707842,survey_fndds_food
"Muffin, Pumpkin",General,305.0,5.0,43.2,12.9,1.4,0.0,285.0,153.0,2707843,survey_fndds_food
"Muffin, Zucchini",General,306.0,5.0,42.6,13.1,0.9,0.0,290.0,164.0,2707844,survey_fndds_food
"Muffin, Carrot",General,314.0,5.0,44.4,13.2,1.4,0.0,309.0,167.0,2707845,survey_fndds_food
Popover,General,268.0,11.0,35.3,9.2,1.1,0.0,284.0,221.0,2707846,survey_fndds_food
"Bread, Boston Brown",General,274.0,10.7,47.5,4.5,4.0,0.0,450.0,141.0,2707847,survey_fndds_food
"Bread, Nut",General,403.0,6.6,49.7,20.1,1.2,0.0,336.0,152.0,2707848,survey_fndds_food
"Bread, Pumpkin",General,305.0,5.0,43.2,12.9,1.4,0.0,285.0,153.0,2707849,survey_fndds_food
"Bread, Fruit",General,374.0,6.0,47.3,18.1,1.2,0.0,302.0,171.0,2707850,survey_fndds_food
"Bread, Zucchini",General,306.0,5.0,42.6,13.1,0.9,0.0,290.0,164.0,2707851,survey_fndds_food
"Bread, Irish Soda",General,301.0,6.5,51.1,9.0,2.3,0.0,445.0,276.0,2707852,survey_fndds_food
"Cake Or Cupcake, Nfs",General,352.0,2.8,53.6,14.8,1.0,0.0,304.0,98.0,2707853,survey_fndds_food
"Cake, Angel Food",General,257.0,6.1,58.7,0.3,0.2,0.0,511.0,135.0,2707854,survey_fndds_food
"Cake Or Cupcake, Apple",General,376.0,2.4,52.5,17.5,0.9,0.0,280.0,52.0,2707855,survey_fndds_food
"Cake Or Cupcake, Banana",General,379.0,2.5,53.1,17.5,1.0,0.0,280.0,75.0,2707856,survey_fndds_food
"Cake Or Cupcake, Black Forest",General,228.0,3.5,31.3,10.7,1.7,0.0,214.0,123.0,2707857,survey_fndds_food
"Cake, Boston Cream Pie",General,252.0,2.4,42.9,8.5,1.4,0.0,254.0,39.0,2707858,survey_fndds_food
"Cake Or Cupcake, Carrot",General,374.0,2.5,51.8,17.5,1.1,0.0,288.0,74.0,2707859,survey_fndds_food
"Cake Or Cupcake, Coconut",General,368.0,2.5,54.5,15.7,1.3,0.0,311.0,75.0,2707860,survey_fndds_food
"Cheesecake, Plain",General,399.0,5.3,34.8,26.5,0.5,0.0,277.0,104.0,2707861,survey_fndds_food
"Cheesecake, Fruit",General,387.0,4.8,38.2,23.9,0.6,0.0,252.0,102.0,2707862,survey_fndds_food
"Cheesecake, Chocolate",General,394.0,5.7,35.5,26.1,1.6,0.0,269.0,147.0,2707863,survey_fndds_food
"Cake Or Cupcake, Chocolate With White Icing, Bakery",General,355.0,2.8,54.4,14.6,1.2,0.0,296.0,80.0,2707864,survey_fndds_food
"Cake Or Cupcake, Chocolate With White Icing, From Mix",General,349.0,3.0,53.1,14.4,1.4,0.0,306.0,84.0,2707865,survey_fndds_food
"Cake Or Cupcake, Chocolate With Chocolate Icing, Bakery",General,345.0,3.3,52.2,15.2,1.6,0.0,295.0,153.0,2707866,survey_fndds_food
"Cake Or Cupcake, Chocolate With Chocolate Icing, From Mix",General,341.0,3.5,51.2,15.0,1.7,0.0,305.0,149.0,2707867,survey_fndds_food
"Cake Or Cupcake, Chocolate, No Icing",General,303.0,5.1,43.3,13.2,2.3,0.0,387.0,117.0,2707868,survey_fndds_food
"Cake Or Cupcake, German Chocolate",General,360.0,3.7,49.9,17.6,2.4,0.0,297.0,169.0,2707869,survey_fndds_food
"Cake Or Cupcake, Gluten Free",General,410.0,4.9,37.9,29.4,2.4,0.0,119.0,186.0,2707870,survey_fndds_food
"Cake, Chocolate, Flourless",General,410.0,4.9,37.9,29.4,2.4,0.0,119.0,186.0,2707871,survey_fndds_food
"Cake, Cream",General,286.0,3.8,30.0,17.0,0.4,0.0,234.0,94.0,2707872,survey_fndds_food
"Snack Cake, Chocolate",General,399.0,3.6,60.3,15.9,3.2,0.0,332.0,176.0,2707873,survey_fndds_food
"Snack Cake, White",General,374.0,3.5,64.0,11.5,1.0,0.0,470.0,71.0,2707874,survey_fndds_food
"Cake, Fruit Cake",General,324.0,2.9,61.6,9.1,3.7,0.0,101.0,153.0,2707875,survey_fndds_food
"Cake Or Cupcake, Gingerbread",General,276.0,3.6,45.3,9.2,1.0,0.0,411.0,217.0,2707876,survey_fndds_food
Ice Cream Cake,General,283.0,3.0,39.3,12.7,0.5,0.0,196.0,121.0,2707877,survey_fndds_food
"Cake, Jelly Roll",General,285.0,3.1,64.5,1.5,0.8,0.0,357.0,89.0,2707878,survey_fndds_food
"Cake Or Cupcake, Lemon",General,339.0,2.4,51.9,13.5,0.4,0.0,304.0,47.0,2707879,survey_fndds_food
"Cake Or Cupcake, Marble",General,347.0,3.1,52.6,15.1,1.2,0.0,305.0,133.0,2707880,survey_fndds_food
"Cake Or Cupcake, Peanut Butter",General,382.0,6.1,47.5,19.8,2.0,0.0,332.0,158.0,2707881,survey_fndds_food
"Cake, Pound",General,353.0,5.0,53.6,14.0,0.6,0.0,377.0,149.0,2707882,survey_fndds_food
"Cake Or Cupcake, Pumpkin",General,373.0,2.5,51.6,17.5,1.1,0.0,280.0,66.0,2707883,survey_fndds_food
"Cake Or Cupcake, Red Velvet",General,355.0,2.8,54.4,14.6,1.2,0.0,296.0,80.0,2707884,survey_fndds_food
"Cake Or Cupcake, Spice",General,410.0,2.7,56.4,19.4,0.9,0.0,311.0,51.0,2707885,survey_fndds_food
"Cake, Sponge",General,290.0,5.4,61.0,2.7,0.5,0.0,623.0,99.0,2707886,survey_fndds_food
"Cake Or Cupcake, Strawberry",General,326.0,2.2,50.2,12.9,0.5,0.0,283.0,52.0,2707887,survey_fndds_food
"Cake, Torte",General,241.0,3.3,33.9,10.4,0.9,0.0,273.0,85.0,2707888,survey_fndds_food
"Cake, Tres Leche",General,270.0,6.4,42.0,8.7,0.3,0.0,71.0,193.0,2707889,survey_fndds_food
"Cake, Pineapple, Upside Down",General,273.0,2.4,39.1,12.2,0.7,0.0,214.0,74.0,2707890,survey_fndds_food
"Cake Or Cupcake, White With White Icing, Bakery",General,359.0,2.4,55.0,14.3,0.4,0.0,313.0,43.0,2707891,survey_fndds_food
"Cake Or Cupcake, White With White Icing, From Mix",General,353.0,2.6,53.8,14.2,0.4,0.0,325.0,44.0,2707892,survey_fndds_food
"Cake Or Cupcake, White With Chocolate Icing, Bakery",General,349.0,2.9,52.8,15.0,0.8,0.0,313.0,116.0,2707893,survey_fndds_food
"Cake Or Cupcake, White With Chocolate Icing, From Mix",General,345.0,3.1,51.9,14.7,0.7,0.0,324.0,109.0,2707894,survey_fndds_food
"Cake Or Cupcake, White, No Icing",General,310.0,4.4,44.4,12.8,0.6,0.0,419.0,51.0,2707895,survey_fndds_food
"Cake, Strawberry Shortcake",General,214.0,3.3,40.1,4.7,0.9,0.0,313.0,116.0,2707896,survey_fndds_food
"Cake Or Cupcake, Zucchini",General,371.0,2.5,51.1,17.5,0.9,0.0,280.0,72.0,2707897,survey_fndds_food
"Cookie, Batter Or Dough, Raw",General,435.0,5.0,54.5,22.4,0.9,0.0,533.0,80.0,2707898,survey_fndds_food
"Cookie, Nfs",General,492.0,5.1,65.4,24.7,2.0,0.0,311.0,171.0,2707899,survey_fndds_food
"Cookie, Almond",General,514.0,5.4,63.8,26.2,1.3,0.0,353.0,88.0,2707900,survey_fndds_food
"Cookie, Applesauce",General,450.0,6.2,68.7,18.1,2.8,0.0,520.0,142.0,2707901,survey_fndds_food
"Cookie, Biscotti",General,373.0,7.6,67.0,8.4,1.4,0.0,262.0,97.0,2707902,survey_fndds_food
"Cookie, Brownie, Ns As To Icing",General,405.0,4.8,63.9,16.3,2.1,0.0,286.0,149.0,2707903,survey_fndds_food
"Cookie, Brownie, Without Icing",General,405.0,4.8,63.9,16.3,2.1,0.0,286.0,149.0,2707904,survey_fndds_food
"Cookie, Brownie, With Icing Or Filling",General,401.0,2.9,63.6,17.0,1.5,0.0,234.0,173.0,2707905,survey_fndds_food
"Cookie, Brownie, Reduced Fat",General,345.0,2.8,61.6,9.7,11.1,0.0,290.0,143.0,2707906,survey_fndds_food
"Cookie, Butterscotch, Brownie",General,405.0,4.8,63.9,16.3,2.1,0.0,286.0,149.0,2707907,survey_fndds_food
"Cookie, Bar, With Chocolate",General,492.0,5.1,65.4,24.7,2.0,0.0,311.0,171.0,2707908,survey_fndds_food
"Cookie, Chocolate Chip",General,492.0,5.1,65.4,24.7,2.0,0.0,311.0,171.0,2707909,survey_fndds_food
"Cookie, Chocolate Chip, Made From Home Recipe Or Purchased At A Bakery",General,505.0,5.8,59.2,29.0,2.5,0.0,261.0,194.0,2707910,survey_fndds_food
"Cookie, Chocolate Chip, Reduced Fat",General,451.0,6.0,67.5,17.9,3.0,0.0,418.0,134.0,2707911,survey_fndds_food
"Cookie, Chocolate Chip Sandwich",General,425.0,2.9,63.5,17.6,0.0,0.0,279.0,94.0,2707912,survey_fndds_food
"Cookie, Chocolate, Made With Rice Cereal",General,440.0,3.2,63.3,19.4,1.6,0.0,210.0,227.0,2707913,survey_fndds_food
"Cookie, Chocolate, Made With Oatmeal And Coconut",General,450.0,6.2,68.7,18.1,2.8,0.0,520.0,142.0,2707914,survey_fndds_food
"Cookie, Chocolate Or Fudge",General,433.0,6.6,72.7,14.2,3.4,0.0,580.0,210.0,2707915,survey_fndds_food
"Cookie, Marshmallow, Chocolate-Covered",General,421.0,4.0,67.7,16.9,2.0,0.0,188.0,182.0,2707916,survey_fndds_food
"Cookie, Marshmallow Pie, Chocolate Covered",General,421.0,4.0,67.7,16.9,2.0,0.0,188.0,182.0,2707917,survey_fndds_food
"Cookie, Chocolate, With Icing Or Coating",General,507.0,4.5,67.9,24.2,2.3,0.0,380.0,95.0,2707918,survey_fndds_food
"Cookie, Sugar Wafer, Chocolate-Covered",General,526.0,3.4,66.0,27.6,3.4,0.0,138.0,311.0,2707919,survey_fndds_food
"Cookie, Chocolate Sandwich",General,464.0,5.2,71.0,19.1,2.9,0.0,388.0,234.0,2707920,survey_fndds_food
"Cookie, Chocolate Sandwich, Reduced Fat",General,436.0,2.9,76.2,13.2,2.9,0.0,471.0,176.0,2707921,survey_fndds_food
"Cookie, Chocolate, Sandwich",General,497.0,4.3,68.2,24.5,2.7,0.0,351.0,137.0,2707922,survey_fndds_food
"Cookie, Chocolate And Vanilla Sandwich",General,464.0,5.2,71.0,19.1,2.9,0.0,388.0,234.0,2707923,survey_fndds_food
"Cookie, Chocolate Wafer",General,433.0,6.6,72.7,14.2,3.4,0.0,580.0,210.0,2707924,survey_fndds_food
"Cookie, Graham Cracker With Chocolate And Marshmallow",General,465.0,6.4,69.0,18.6,2.8,0.0,221.0,245.0,2707925,survey_fndds_food
"Cookie Bar, With Chocolate, Nuts",General,492.0,5.1,65.4,24.7,2.0,0.0,311.0,171.0,2707926,survey_fndds_food
"Cookie, Coconut",General,460.0,3.0,61.2,22.6,5.1,0.0,241.0,123.0,2707927,survey_fndds_food
"Cookie, Fruit-Filled Bar",General,348.0,3.7,70.9,7.3,4.6,0.0,350.0,207.0,2707928,survey_fndds_food
"Cookie, Fig Bar",General,348.0,3.7,70.9,7.3,4.6,0.0,350.0,207.0,2707929,survey_fndds_food
"Cookie, Fortune",General,378.0,4.2,84.0,2.7,1.6,0.0,31.0,41.0,2707930,survey_fndds_food
"Cookie, Cone Shell, Ice Cream Type",General,417.0,8.1,79.0,6.9,3.0,0.0,256.0,112.0,2707931,survey_fndds_food
"Cookie, Gingersnaps",General,416.0,5.6,76.9,9.8,2.2,0.0,555.0,346.0,2707932,survey_fndds_food
"Cookie, Granola",General,464.0,9.8,66.7,17.6,3.1,0.0,251.0,326.0,2707933,survey_fndds_food
"Cookie, Ladyfinger",General,365.0,10.6,59.7,9.1,1.0,0.0,147.0,113.0,2707934,survey_fndds_food
"Cookie, Lemon Bar",General,437.0,5.1,62.6,18.9,0.8,0.0,224.0,71.0,2707935,survey_fndds_food
"Cookie, Macaroon",General,460.0,3.0,61.2,22.6,5.1,0.0,241.0,123.0,2707936,survey_fndds_food
"Cookie, Marshmallow, With Coconut",General,421.0,4.0,67.7,16.9,2.0,0.0,188.0,182.0,2707937,survey_fndds_food
"Cookie, Marshmallow, With Rice Cereal",General,417.0,3.4,80.5,9.0,0.0,0.0,351.0,39.0,2707938,survey_fndds_food
"Cookie, Marshmallow, With Rice Cereal And Chocolate Chips",General,435.0,4.6,63.3,18.2,0.0,0.0,341.0,227.0,2707939,survey_fndds_food
"Cookie, Marshmallow And Peanut Butter, With Oat Cereal",General,417.0,3.4,80.5,9.0,0.0,0.0,351.0,39.0,2707940,survey_fndds_food
"Cookie, Meringue",General,350.0,5.7,81.3,0.3,0.0,0.0,244.0,88.0,2707941,survey_fndds_food
"Cookie, Molasses",General,430.0,5.6,73.8,12.8,1.0,0.0,459.0,346.0,2707942,survey_fndds_food
"Cookie, Lebkuchen",General,430.0,5.6,73.8,12.8,1.0,0.0,459.0,346.0,2707943,survey_fndds_food
"Cookie, Multigrain, High Fiber",General,464.0,9.8,66.7,17.6,3.1,0.0,251.0,326.0,2707944,survey_fndds_food
"Cookie, Oatmeal",General,450.0,6.2,68.7,18.1,2.8,0.0,520.0,142.0,2707945,survey_fndds_food
"Cookie, Oatmeal, With Raisins",General,450.0,6.2,68.7,18.1,2.8,0.0,520.0,142.0,2707946,survey_fndds_food
"Cookie, Oatmeal, Reduced Fat",General,365.0,4.0,64.6,10.0,16.1,0.0,562.0,274.0,2707947,survey_fndds_food
"Cookie, Oatmeal Sandwich, With Creme Filling",General,398.0,2.6,55.6,18.3,2.6,0.0,500.0,136.0,2707948,survey_fndds_food
"Cookie, Oatmeal, With Chocolate Chips",General,457.0,5.7,67.6,20.9,3.5,0.0,399.0,195.0,2707949,survey_fndds_food
"Cookie, Oatmeal Sandwich, With Peanut Butter And Jelly Filling",General,398.0,2.6,55.6,18.3,2.6,0.0,500.0,136.0,2707950,survey_fndds_food
"Cookie, Oatmeal, With Chocolate And Peanut Butter",General,450.0,6.2,68.7,18.1,2.8,0.0,520.0,142.0,2707951,survey_fndds_food
"Cookie, Peanut Butter",General,473.0,8.9,58.2,23.8,2.1,0.0,463.0,202.0,2707952,survey_fndds_food
"Cookie, Peanut Butter, With Chocolate",General,475.0,7.8,59.5,25.3,3.0,0.0,356.0,241.0,2707953,survey_fndds_food
"Cookie, Peanut Butter With Rice Cereal, No Bake",General,417.0,3.4,80.5,9.0,0.0,0.0,351.0,39.0,2707954,survey_fndds_food
"Cookie, Peanut Butter Sandwich",General,478.0,8.8,65.6,21.1,1.9,0.0,368.0,192.0,2707955,survey_fndds_food
"Cookie, With Peanut Butter Filling, Chocolate-Coated",General,562.0,8.1,52.9,35.3,3.5,0.0,371.0,217.0,2707956,survey_fndds_food
"Cookie, Pfeffernusse",General,514.0,5.4,63.8,26.2,1.3,0.0,353.0,88.0,2707957,survey_fndds_food
"Cookie, Pizzelle",General,417.0,8.1,79.0,6.9,3.0,0.0,256.0,112.0,2707958,survey_fndds_food
"Cookie, Pumpkin",General,450.0,6.2,68.7,18.1,2.8,0.0,520.0,142.0,2707959,survey_fndds_food
"Cookie, Raisin",General,401.0,4.1,68.0,13.6,1.2,0.0,418.0,140.0,2707960,survey_fndds_food
"Cookie, Raisin Sandwich, Cream-Filled",General,398.0,2.6,55.6,18.3,2.6,0.0,500.0,136.0,2707961,survey_fndds_food
"Cookie, Rum Ball, No Bake",General,514.0,5.4,63.8,26.2,1.3,0.0,353.0,88.0,2707962,survey_fndds_food
"Cookie, Sandwich-Type, Not Chocolate Or Vanilla",General,483.0,4.5,72.1,20.0,1.5,0.0,388.0,91.0,2707963,survey_fndds_food
"Cookie, Shortbread",General,514.0,5.4,63.8,26.2,1.3,0.0,353.0,88.0,2707964,survey_fndds_food
"Cookie, Shortbread, Reduced Fat",General,451.0,5.4,76.0,14.0,1.3,0.0,571.0,88.0,2707965,survey_fndds_food
"Cookie, Shortbread, With Icing Or Filling",General,515.0,5.0,62.6,28.3,2.1,0.0,283.0,138.0,2707966,survey_fndds_food
Pocky,General,447.0,10.0,51.1,22.5,5.0,0.0,213.0,181.0,2707967,survey_fndds_food
"Cookie, Animal",General,446.0,6.9,74.1,13.8,1.1,0.0,335.0,100.0,2707968,survey_fndds_food
"Cookie, Animal, With Frosting Or Icing",General,509.0,3.0,70.1,24.1,0.9,0.0,257.0,96.0,2707969,survey_fndds_food
"Cookie, Butter Or Sugar",General,464.0,5.4,67.3,19.6,1.3,0.0,385.0,87.0,2707970,survey_fndds_food
Marie Biscuit,General,406.0,7.0,70.5,10.6,3.5,0.0,370.0,307.0,2707971,survey_fndds_food
"Cookie, Butter Or Sugar, With Fruit And/Or Nuts",General,470.0,6.5,65.0,21.1,1.6,0.0,227.0,204.0,2707972,survey_fndds_food
"Cookie, Sugar Wafer",General,502.0,3.8,70.6,23.2,1.6,0.0,103.0,117.0,2707973,survey_fndds_food
"Cookie, Toffee Bar",General,492.0,5.1,65.4,24.7,2.0,0.0,311.0,171.0,2707974,survey_fndds_food
"Cookie, Vanilla Sandwich",General,483.0,4.5,72.1,20.0,1.5,0.0,388.0,91.0,2707975,survey_fndds_food
"Cookie, Vanilla Sandwich, Extra Filling",General,497.0,4.3,68.2,24.5,2.7,0.0,351.0,137.0,2707976,survey_fndds_food
"Cookie, Vanilla Sandwich, Reduced Fat",General,423.0,4.2,78.2,10.4,2.1,0.0,354.0,104.0,2707977,survey_fndds_food
"Cookie, Butter Or Sugar, With Chocolate Icing Or Filling",General,503.0,4.1,68.8,23.5,1.9,0.0,301.0,234.0,2707978,survey_fndds_food
"Cookie, Butter Or Sugar, With Icing Or Filling Other Than Chocolate",General,433.0,3.4,72.7,14.9,0.4,0.0,204.0,67.0,2707979,survey_fndds_food
"Cookie, Tea, Japanese",General,378.0,4.2,84.0,2.7,1.6,0.0,31.0,41.0,2707980,survey_fndds_food
"Cookie, Vanilla Wafer",General,455.0,4.9,72.6,16.4,1.6,0.0,325.0,99.0,2707981,survey_fndds_food
"Cookie, Vanilla Wafer, Reduced Fat",General,441.0,5.0,73.6,15.2,1.9,0.0,388.0,97.0,2707982,survey_fndds_food
"Cookie, Vanilla With Caramel, Coconut",General,489.0,3.5,64.1,25.8,4.4,0.0,182.0,195.0,2707983,survey_fndds_food
"Cookie, Rugelach",General,348.0,3.7,70.9,7.3,4.6,0.0,350.0,207.0,2707984,survey_fndds_food
"Cookie, Chocolate Chip, Reduced Sugar",General,450.0,3.9,73.4,16.8,1.6,0.0,244.0,199.0,2707985,survey_fndds_food
"Cookie, Oatmeal, Reduced Sugar",General,449.0,4.8,69.9,18.0,2.9,0.0,273.0,175.0,2707986,survey_fndds_food
"Cookie, Sandwich, Reduced Sugar",General,461.0,4.5,68.0,22.1,4.1,0.0,342.0,295.0,2707987,survey_fndds_food
"Cookie, Sugar Or Plain, Sugar Free",General,523.0,10.3,50.5,31.0,3.4,0.0,448.0,202.0,2707988,survey_fndds_food
"Cookie, Sugar Wafer, Sugar Free",General,531.0,3.6,66.3,28.6,14.3,0.0,71.0,57.0,2707989,survey_fndds_food
"Cookie, Peanut Butter, Sugar Free",General,523.0,10.3,50.5,31.0,3.4,0.0,448.0,202.0,2707990,survey_fndds_food
"Cookie, Gluten Free",General,474.0,2.2,76.0,17.9,2.5,0.0,275.0,157.0,2707991,survey_fndds_food
"Cookies, Puerto Rican Style",General,506.0,6.3,67.9,23.2,1.6,0.0,271.0,79.0,2707992,survey_fndds_food
"Pie, Nfs",General,296.0,2.7,37.6,15.3,1.8,0.0,217.0,80.0,2707993,survey_fndds_food
"Tart, All Types",General,316.0,3.0,42.6,16.1,2.6,0.0,333.0,65.0,2707994,survey_fndds_food
"Pie, Apple",General,296.0,2.7,37.6,15.3,1.8,0.0,217.0,80.0,2707995,survey_fndds_food
"Pie, Apple, Fast Food",General,316.0,3.0,42.6,16.1,2.6,0.0,333.0,65.0,2707996,survey_fndds_food
"Pie, Berry",General,306.0,3.2,39.5,15.4,3.6,0.0,217.0,110.0,2707997,survey_fndds_food
"Pie, Blueberry",General,300.0,2.8,38.0,15.5,2.5,0.0,217.0,71.0,2707998,survey_fndds_food
"Pie, Cherry",General,311.0,3.0,40.9,15.3,1.9,0.0,217.0,101.0,2707999,survey_fndds_food
"Pie, Lemon",General,280.0,2.4,31.5,16.2,0.7,0.0,169.0,79.0,2708000,survey_fndds_food
"Pie, Key Lime",General,322.0,5.8,42.2,14.9,0.3,0.0,182.0,256.0,2708001,survey_fndds_food
"Pie, Peach",General,296.0,2.8,37.1,15.3,1.9,0.0,219.0,110.0,2708002,survey_fndds_food
"Pie, Strawberry",General,289.0,2.9,44.2,11.6,2.2,0.0,189.0,89.0,2708003,survey_fndds_food
"Pie, Banana Cream",General,284.0,2.4,32.4,16.2,0.7,0.0,168.0,90.0,2708004,survey_fndds_food
"Pie, Chocolate Cream",General,291.0,2.8,32.5,16.7,0.7,0.0,167.0,130.0,2708005,survey_fndds_food
"Pie, Coconut Cream",General,297.0,2.6,32.0,17.8,1.1,0.0,169.0,91.0,2708006,survey_fndds_food
"Pie, Custard",General,210.0,5.5,20.8,11.6,1.6,0.0,275.0,106.0,2708007,survey_fndds_food
Dessert Pizza,General,204.0,1.8,32.4,7.5,1.7,0.0,130.0,120.0,2708008,survey_fndds_food
"Pie, Peanut Butter Cream",General,421.0,5.9,33.1,30.1,1.1,0.0,236.0,159.0,2708009,survey_fndds_food
"Pie, Pineapple Cream",General,274.0,2.4,31.2,15.6,0.7,0.0,168.0,79.0,2708010,survey_fndds_food
"Pie, Pumpkin",General,249.0,4.8,36.3,9.8,1.7,0.0,252.0,204.0,2708011,survey_fndds_food
"Pie, Sweet Potato",General,269.0,5.0,41.1,9.8,1.3,0.0,269.0,242.0,2708012,survey_fndds_food
"Pie, Vanilla Cream",General,286.0,2.5,32.3,16.3,0.7,0.0,176.0,76.0,2708013,survey_fndds_food
"Pie, Lemon Meringue",General,294.0,4.5,43.7,11.3,1.1,0.0,179.0,67.0,2708014,survey_fndds_food
"Pie, Pecan",General,449.0,6.0,49.5,25.2,1.9,0.0,299.0,117.0,2708015,survey_fndds_food
"Pie, Oatmeal",General,396.0,6.1,56.9,16.0,2.2,0.0,315.0,105.0,2708016,survey_fndds_food
Pie Shell,General,508.0,6.5,56.2,28.6,3.3,0.0,467.0,114.0,2708017,survey_fndds_food
"Pie Shell, Graham Cracker",General,501.0,5.1,64.3,24.8,1.9,0.0,471.0,113.0,2708018,survey_fndds_food
"Cobbler, Apple",General,217.0,2.0,33.6,8.7,1.6,0.0,180.0,79.0,2708019,survey_fndds_food
"Cobbler, Berry",General,231.0,2.7,36.2,8.9,4.0,0.0,179.0,118.0,2708020,survey_fndds_food
"Cobbler, Cherry",General,237.0,2.4,38.1,8.7,1.8,0.0,179.0,107.0,2708021,survey_fndds_food
"Cobbler, Peach",General,217.0,2.2,33.0,8.7,1.7,0.0,182.0,119.0,2708022,survey_fndds_food
"Crisp, Apple",General,215.0,2.8,30.2,9.6,2.7,0.0,119.0,119.0,2708023,survey_fndds_food
"Fritter, Plain",General,378.0,6.6,27.5,26.9,0.9,0.0,340.0,125.0,2708024,survey_fndds_food
"Fritter, Fruit",General,403.0,6.3,37.3,25.6,1.2,0.0,321.0,143.0,2708025,survey_fndds_food
"Crisp, Berry",General,228.0,3.4,32.8,9.8,5.0,0.0,119.0,158.0,2708026,survey_fndds_food
"Crisp, Cherry",General,234.0,3.1,34.7,9.6,2.8,0.0,119.0,147.0,2708027,survey_fndds_food
"Crisp, Peach",General,214.0,3.0,29.6,9.6,2.7,0.0,121.0,159.0,2708028,survey_fndds_food
"Cream Puff, Eclair, Custard Or Cream Filled",General,280.0,4.2,11.0,24.4,0.3,0.0,132.0,79.0,2708029,survey_fndds_food
"Cream Puff, No Filling Or Icing",General,360.0,9.0,22.8,25.9,0.8,0.0,483.0,97.0,2708033,survey_fndds_food
"Sopaipilla, Without Syrup Or Honey",General,367.0,5.8,41.5,20.2,1.4,0.0,898.0,73.0,2708034,survey_fndds_food
Sopaipilla With Syrup Or Honey,General,361.0,4.4,51.7,16.2,1.1,0.0,670.0,67.0,2708035,survey_fndds_food
"Crepe, Chocolate Filled",General,170.0,4.9,22.9,6.5,0.2,0.0,219.0,178.0,2708036,survey_fndds_food
"Crepe, Fruit Filled",General,188.0,4.6,26.6,7.1,1.2,0.0,176.0,117.0,2708037,survey_fndds_food
"Tamale, Sweet",General,259.0,2.2,35.6,12.6,2.3,0.0,265.0,73.0,2708038,survey_fndds_food
"Strudel, Apple",General,281.0,2.0,37.2,14.1,0.8,0.0,132.0,67.0,2708039,survey_fndds_food
"Strudel, Berry",General,291.0,2.4,39.2,14.2,2.7,0.0,131.0,98.0,2708040,survey_fndds_food
"Strudel, Cherry",General,296.0,2.2,40.7,14.1,1.0,0.0,131.0,89.0,2708041,survey_fndds_food
"Strudel, Cheese",General,358.0,5.8,39.1,19.8,0.4,0.0,190.0,105.0,2708042,survey_fndds_food
"Strudel, Peach",General,281.0,2.1,36.7,14.1,0.9,0.0,133.0,98.0,2708043,survey_fndds_food
Baklava,General,440.0,6.6,37.6,29.3,2.5,0.0,311.0,170.0,2708044,survey_fndds_food
Basbousa,General,282.0,4.8,43.8,9.9,0.8,0.0,81.0,148.0,2708045,survey_fndds_food
"Turnover, Fruit",General,316.0,3.0,42.6,16.1,2.6,0.0,333.0,65.0,2708046,survey_fndds_food
"Pastry, Fruit-Filled",General,400.0,4.8,54.4,19.6,4.0,0.0,8.0,366.0,2708047,survey_fndds_food
"Pastry, Made With Bean Or Lotus Seed Paste Filling, Baked",General,340.0,7.0,68.1,4.4,2.7,0.0,87.0,125.0,2708048,survey_fndds_food
"Pastry, Made With Bean Paste And Salted Egg Yolk Filling, Baked",General,339.0,8.6,57.0,8.6,2.2,0.0,545.0,123.0,2708049,survey_fndds_food
"Pastry, Chinese, Made With Rice Flour",General,242.0,2.8,45.0,6.0,0.5,0.0,9.0,55.0,2708050,survey_fndds_food
"Pastry, Cookie Type, Fried",General,397.0,6.0,35.5,25.7,1.0,0.0,67.0,127.0,2708051,survey_fndds_food
"Pastry, Italian, With Cheese",General,267.0,7.5,35.1,10.9,0.8,0.0,67.0,190.0,2708052,survey_fndds_food
"Pastry, Puff",General,558.0,7.4,45.7,38.5,1.5,0.0,253.0,62.0,2708053,survey_fndds_food
"Pastry, Puff, Custard Or Cream Filled",General,410.0,5.7,30.1,29.7,0.8,0.0,165.0,90.0,2708054,survey_fndds_food
Cheese Pastry Puffs,General,265.0,9.3,13.4,19.5,0.4,0.0,554.0,84.0,2708055,survey_fndds_food
"Pastry, Mainly Flour And Water, Fried",General,434.0,7.8,59.2,18.1,3.7,0.0,659.0,121.0,2708056,survey_fndds_food
"Empanada, Fruit",General,260.0,2.7,37.0,11.5,1.8,0.0,188.0,75.0,2708057,survey_fndds_food
"Breakfast Pastry, Nfs",General,371.0,5.4,47.8,18.5,1.9,0.0,445.0,83.0,2708058,survey_fndds_food
"Danish Pastry, Plain Or Spice",General,403.0,7.0,44.6,22.4,1.3,0.0,414.0,125.0,2708059,survey_fndds_food
"Danish Pastry, With Fruit",General,371.0,5.4,47.8,18.5,1.9,0.0,445.0,83.0,2708060,survey_fndds_food
"Danish Pastry, With Cheese",General,374.0,8.0,37.2,21.9,1.0,0.0,417.0,98.0,2708061,survey_fndds_food
"Doughnut, Nfs",General,426.0,5.5,49.5,22.9,1.8,0.0,378.0,113.0,2708062,survey_fndds_food
"Doughnut, Cake Type, Plain",General,434.0,5.3,47.1,24.9,1.7,0.0,477.0,134.0,2708063,survey_fndds_food
"Doughnut, Chocolate",General,417.0,5.2,52.0,22.4,3.7,0.0,388.0,207.0,2708064,survey_fndds_food
"Doughnut, Cake Type, Powdered Sugar",General,431.0,4.9,51.1,23.0,1.6,0.0,440.0,124.0,2708065,survey_fndds_food
"Doughnut, Cake Type, With Icing",General,431.0,4.2,51.2,23.2,1.4,0.0,418.0,114.0,2708066,survey_fndds_food
"Doughnut, Cake Type, Chocolate Icing",General,427.0,4.5,50.3,23.5,1.5,0.0,418.0,146.0,2708067,survey_fndds_food
"Doughnut, Chocolate, With Chocolate Icing",General,413.0,5.4,51.0,22.7,3.9,0.0,388.0,239.0,2708068,survey_fndds_food
Doughnut Holes,General,426.0,5.5,49.5,22.9,1.8,0.0,378.0,113.0,2708069,survey_fndds_food
Churros,General,419.0,6.0,48.9,22.2,2.6,0.0,309.0,105.0,2708070,survey_fndds_food
Beignet,General,417.0,5.5,53.7,20.2,1.9,0.0,281.0,91.0,2708071,survey_fndds_food
"Doughnut, Yeast Type",General,421.0,6.1,47.9,22.7,2.1,0.0,316.0,102.0,2708072,survey_fndds_food
"Doughnut, Yeast Type, With Chocolate Icing",General,416.0,5.1,51.0,21.7,1.9,0.0,289.0,121.0,2708073,survey_fndds_food
"Doughnut, Jelly",General,390.0,4.9,52.3,18.2,1.9,0.0,259.0,92.0,2708074,survey_fndds_food
"Doughnut, Custard-Filled",General,363.0,5.2,42.9,18.9,1.7,0.0,287.0,95.0,2708075,survey_fndds_food
"Doughnut, Custard-Filled, With Icing",General,368.0,4.5,46.2,18.7,1.6,0.0,270.0,112.0,2708076,survey_fndds_food
Breakfast Tart,General,385.0,4.0,71.8,9.0,1.8,0.0,311.0,86.0,2708077,survey_fndds_food
"Breakfast Tart, Lowfat",General,372.0,4.0,76.8,6.0,1.5,0.0,361.0,66.0,2708078,survey_fndds_food
"Coffee Cake, Crumb Or Quick-Bread Type",General,396.0,6.5,51.3,18.4,1.4,0.0,319.0,132.0,2708079,survey_fndds_food
"Coffee Cake, Crumb Or Quick-Bread Type, With Fruit",General,322.0,4.2,50.2,11.8,1.2,0.0,203.0,105.0,2708080,survey_fndds_food
"Coffee Cake, Crumb Or Quick-Bread Type, Cheese-Filled",General,365.0,6.8,45.1,17.6,1.2,0.0,291.0,150.0,2708081,survey_fndds_food
Cereal Or Granola Bar (General Mills Fiber One Chewy Bar),General,389.0,5.0,69.8,10.0,22.5,0.0,237.0,447.0,2708082,survey_fndds_food
Cereal Or Granola Bar (Kellogg'S Nutri-Grain Cereal Bar),General,365.0,4.2,67.6,8.7,3.0,0.0,354.0,247.0,2708083,survey_fndds_food
Cereal Or Granola Bar (Kellogg'S Nutri-Grain Yogurt Bar),General,365.0,4.2,67.6,8.7,3.0,0.0,354.0,247.0,2708084,survey_fndds_food
Cereal Or Granola Bar (Kellogg'S Nutri-Grain Fruit And Nut Bar),General,403.0,9.4,66.7,10.9,7.5,0.0,195.0,328.0,2708085,survey_fndds_food
Milk 'N Cereal Bar,General,413.0,6.5,72.0,11.0,0.4,0.0,319.0,254.0,2708086,survey_fndds_food
Cereal Or Granola Bar (Kellogg'S Special K Bar),General,409.0,9.1,72.7,9.1,1.8,0.0,428.0,143.0,2708087,survey_fndds_food
Cereal Or Granola Bar (Kashi Chewy),General,390.0,16.7,63.4,7.7,7.7,0.0,321.0,429.0,2708088,survey_fndds_food
Cereal Or Granola Bar (Kashi Crunchy),General,429.0,18.6,53.3,15.7,11.4,0.0,293.0,415.0,2708089,survey_fndds_food
Cereal Or Granola Bar (Kind Fruit And Nut Bar),General,502.0,13.9,43.7,32.3,5.8,0.0,45.0,460.0,2708090,survey_fndds_food
Cereal Or Granola Bar (General Mills Nature Valley Chewy Trail Mix),General,415.0,5.7,72.3,11.4,3.8,0.0,185.0,189.0,2708091,survey_fndds_food
"Cereal Or Granola Bar, With Yogurt Coating (General Mills Nature Valley Chewy Granola Bar)",General,423.0,5.7,74.3,11.4,4.4,0.0,271.0,168.0,2708092,survey_fndds_food
Cereal Or Granola Bar (General Mills Nature Valley Sweet And Salty Granola Bar),General,487.0,9.1,61.1,22.9,2.9,0.0,414.0,390.0,2708093,survey_fndds_food
Cereal Or Granola Bar (General Mills Nature Valley Crunchy Granola Bar),General,471.0,10.1,64.4,19.8,5.3,0.0,294.0,336.0,2708094,survey_fndds_food
Cereal Or Granola Bar (Quaker Chewy Granola Bar),General,418.0,5.6,70.2,16.6,3.8,0.0,291.0,237.0,2708095,survey_fndds_food
Cereal Or Granola Bar (Quaker Chewy 90 Calorie Granola Bar),General,408.0,4.2,79.2,8.3,4.2,0.0,313.0,224.0,2708096,survey_fndds_food
Cereal Or Granola Bar (Quaker Chewy 25% Less Sugar Granola Bar),General,412.0,5.6,69.4,12.5,3.1,0.0,312.0,199.0,2708097,survey_fndds_food
Cereal Or Granola Bar (Quaker Chewy Dipps Granola Bar),General,480.0,7.5,65.0,20.4,3.2,0.0,269.0,231.0,2708098,survey_fndds_food
Cereal Or Granola Bar (Quaker Granola Bites),General,451.0,7.2,66.3,17.5,5.7,0.0,167.0,285.0,2708099,survey_fndds_food
"Snack Bar, Oatmeal",General,389.0,6.7,75.5,6.7,4.6,0.0,367.0,238.0,2708100,survey_fndds_food
"Cereal Or Granola Bar, Nfs",General,471.0,10.1,64.4,19.8,5.3,0.0,294.0,336.0,2708101,survey_fndds_food
"Cereal Or Granola Bar, Lowfat, Nfs",General,408.0,4.2,79.2,8.3,4.2,0.0,313.0,224.0,2708102,survey_fndds_food
"Cereal Or Granola Bar, Nonfat",General,342.0,5.9,77.6,0.9,7.4,0.0,16.0,220.0,2708103,survey_fndds_food
"Cereal Or Granola Bar, Reduced Sugar, Nfs",General,412.0,5.6,69.4,12.5,3.1,0.0,312.0,199.0,2708104,survey_fndds_food
"Cereal Or Granola Bar, Fruit And Nut",General,502.0,13.9,43.7,32.3,5.8,0.0,45.0,460.0,2708105,survey_fndds_food
"Cereal Or Granola Bar, Peanuts, Oats",General,471.0,10.1,64.4,19.8,5.3,0.0,294.0,336.0,2708106,survey_fndds_food
"Cereal Or Granola Bar, Chocolate Coated, Nfs",General,480.0,7.5,65.0,20.4,3.2,0.0,269.0,231.0,2708107,survey_fndds_food
"Cereal Or Granola Bar, With Coconut, Chocolate Coated",General,531.0,5.2,55.2,32.2,6.2,0.0,152.0,254.0,2708108,survey_fndds_food
"Cereal Or Granola Bar With Nuts, Chocolate Coated",General,536.0,9.6,54.1,31.2,3.8,0.0,193.0,339.0,2708109,survey_fndds_food
"Cereal Or Granola Bar, Oats, Nuts",General,455.0,8.6,60.1,20.0,4.3,0.0,486.0,320.0,2708110,survey_fndds_food
"Cereal Or Granola Bar, Coated With Non-Chocolate Coating",General,508.0,10.2,53.4,31.1,2.8,0.0,193.0,339.0,2708111,survey_fndds_food
"Cereal Or Granola Bar, High Fiber, Coated With Non-Chocolate Yogurt Coating",General,389.0,5.0,69.8,10.0,22.5,0.0,237.0,447.0,2708112,survey_fndds_food
"Cereal Or Granola Bar, With Rice Cereal",General,417.0,3.4,80.5,9.0,0.0,0.0,351.0,39.0,2708113,survey_fndds_food
"Breakfast Bar, Nfs",General,376.0,4.4,72.8,7.5,2.1,0.0,337.0,197.0,2708114,survey_fndds_food
"Breakfast Bar, Date, With Yogurt Coating",General,348.0,3.7,70.9,7.3,4.6,0.0,350.0,207.0,2708115,survey_fndds_food
"Breakfast Bar, Cereal Crust With Fruit Filling, Lowfat",General,376.0,4.4,72.8,7.5,2.1,0.0,337.0,197.0,2708116,survey_fndds_food
Nutrition Bar (Balance Original Bar),General,415.0,28.0,48.7,12.0,3.1,0.0,253.0,678.0,2708117,survey_fndds_food
Nutrition Bar (Clif Bar),General,346.0,14.7,65.4,5.9,7.4,0.0,195.0,412.0,2708118,survey_fndds_food
Nutrition Bar (Clif Kids Organic Zbar),General,416.0,5.6,74.7,9.7,8.3,0.0,375.0,333.0,2708119,survey_fndds_food
Nutrition Bar (Powerbar),General,363.0,14.2,69.6,3.1,5.7,0.0,308.0,362.0,2708120,survey_fndds_food
Nutrition Bar (Slim Fast Original Meal Bar),General,386.0,16.2,60.2,8.9,5.1,0.0,253.0,289.0,2708121,survey_fndds_food
Nutrition Bar (Snickers Marathon Protein Bar),General,415.0,25.0,50.5,12.5,12.5,0.0,238.0,188.0,2708122,survey_fndds_food
Nutrition Bar (South Beach Living Meal Bar),General,386.0,16.2,60.2,8.9,5.1,0.0,253.0,289.0,2708123,survey_fndds_food
Nutrition Bar (South Beach Living High Protein Bar),General,412.0,30.3,38.4,15.2,7.3,0.0,436.0,793.0,2708124,survey_fndds_food
Nutrition Bar (Tiger'S Milk),General,387.0,16.8,56.5,14.3,2.3,0.0,168.0,294.0,2708125,survey_fndds_food
Nutrition Bar (Zone Perfect Classic Crunch),General,426.0,30.0,45.0,14.0,2.0,0.0,444.0,250.0,2708126,survey_fndds_food
"Nutrition Bar Or Meal Replacement Bar, Nfs",General,386.0,22.4,55.2,9.9,4.7,0.0,320.0,331.0,2708127,survey_fndds_food
"Baby Toddler Snack, Nfs",General,359.0,7.3,83.4,3.3,3.4,0.0,83.0,257.0,2708128,survey_fndds_food
Baby Toddler Bar,General,344.0,5.4,68.6,5.3,1.7,0.0,157.0,180.0,2708129,survey_fndds_food
Baby Toddler Cookie,General,420.0,9.9,69.8,11.2,3.0,0.0,280.0,410.0,2708130,survey_fndds_food
Baby Toddler Biscuit,General,395.0,11.4,80.5,3.0,1.5,0.0,300.0,458.0,2708131,survey_fndds_food
"Crackers, Nfs",General,510.0,6.6,61.3,26.4,2.3,0.0,726.0,118.0,2708132,survey_fndds_food
Graham Crackers,General,430.0,6.7,77.7,10.6,3.4,0.0,516.0,170.0,2708133,survey_fndds_food
Graham Crackers (Teddy Grahams),General,430.0,6.7,77.7,10.6,3.4,0.0,516.0,170.0,2708134,survey_fndds_food
"Graham Crackers, Chocolate Covered",General,500.0,4.0,66.8,25.8,2.2,0.0,265.0,267.0,2708135,survey_fndds_food
"Crackers, Oatmeal",General,455.0,7.3,70.7,16.4,6.9,0.0,699.0,283.0,2708136,survey_fndds_food
"Crackers, Cuban",General,430.0,5.6,73.8,12.8,1.0,0.0,459.0,346.0,2708137,survey_fndds_food
"Graham Crackers, Reduced Fat",General,386.0,5.7,78.0,5.7,5.7,0.0,629.0,171.0,2708138,survey_fndds_food
"Graham Crackers, Sandwich, With Filling",General,483.0,4.5,72.1,20.0,1.5,0.0,388.0,91.0,2708139,survey_fndds_food
"Crackers, Breakfast Biscuit",General,427.0,7.1,71.0,15.1,7.3,0.0,430.0,276.0,2708140,survey_fndds_food
"Crackers, Butter, Reduced Sodium",General,443.0,8.8,68.6,17.2,10.5,0.0,186.0,297.0,2708141,survey_fndds_food
"Crackers, Matzo, Reduced Sodium",General,395.0,10.0,83.7,1.4,3.0,0.0,0.0,112.0,2708142,survey_fndds_food
"Crackers, Saltine, Reduced Sodium",General,416.0,9.4,73.5,8.8,2.9,0.0,646.0,716.0,2708143,survey_fndds_food
"Crackers, Wheat, Reduced Sodium",General,443.0,8.8,68.6,17.2,10.5,0.0,186.0,297.0,2708144,survey_fndds_food
"Crackers, Woven Wheat, Reduced Sodium",General,443.0,8.8,68.6,17.2,10.5,0.0,186.0,297.0,2708145,survey_fndds_food
"Crackers, Butter, Plain",General,510.0,6.6,61.3,26.4,2.3,0.0,726.0,118.0,2708146,survey_fndds_food
"Crackers, Butter, Flavored",General,510.0,6.6,61.3,26.4,2.3,0.0,726.0,118.0,2708147,survey_fndds_food
"Crackers, Butter (Ritz)",General,510.0,6.6,61.3,26.4,2.3,0.0,726.0,118.0,2708148,survey_fndds_food
"Crackers, Butter, Reduced Fat",General,444.0,9.3,71.5,13.4,3.4,0.0,776.0,210.0,2708149,survey_fndds_food
"Crackers, Cheese",General,489.0,10.9,59.4,22.7,2.3,0.0,973.0,156.0,2708150,survey_fndds_food
"Crackers, Cheese (Cheez-It)",General,489.0,10.9,59.4,22.7,2.3,0.0,973.0,156.0,2708151,survey_fndds_food
"Crackers, Cheese (Goldfish)",General,489.0,10.9,59.4,22.7,2.3,0.0,973.0,156.0,2708152,survey_fndds_food
"Crackers, Cheese, Reduced Fat",General,418.0,10.0,68.2,11.7,3.3,0.0,1167.0,141.0,2708153,survey_fndds_food
"Crackers, Cheese, Reduced Sodium",General,503.0,10.1,58.2,25.3,2.4,0.0,458.0,106.0,2708154,survey_fndds_food
"Crackers, Cheese, Whole Grain",General,412.0,9.6,57.3,16.0,6.4,0.0,706.0,212.0,2708155,survey_fndds_food
"Crackers, Crispbread",General,366.0,7.9,82.2,1.3,16.5,0.0,410.0,319.0,2708156,survey_fndds_food
"Crackers, Flatbread",General,412.0,9.8,75.2,8.2,10.2,0.0,632.0,224.0,2708157,survey_fndds_food
"Crackers, Matzo",General,395.0,10.0,83.7,1.4,3.0,0.0,0.0,112.0,2708158,survey_fndds_food
"Crackers, Milk",General,446.0,7.6,71.7,13.8,3.4,0.0,687.0,114.0,2708159,survey_fndds_food
"Crackers, Oyster",General,418.0,9.5,74.0,8.6,2.8,0.0,941.0,152.0,2708160,survey_fndds_food
"Chips, Rice",General,384.0,8.2,81.5,2.8,4.2,0.0,326.0,290.0,2708161,survey_fndds_food
Rice Cake,General,392.0,7.1,81.1,4.3,4.2,0.0,71.0,428.0,2708162,survey_fndds_food
"Crackers, Rice",General,416.0,10.0,82.6,5.0,0.0,0.0,233.0,243.0,2708163,survey_fndds_food
"Crackers, Rice And Nuts",General,430.0,10.8,77.4,8.8,0.8,0.0,360.0,278.0,2708164,survey_fndds_food
Popcorn Cake,General,384.0,9.7,80.1,3.1,2.9,0.0,288.0,327.0,2708165,survey_fndds_food
Rice Paper,General,323.0,5.9,72.3,1.1,0.5,0.0,314.0,64.0,2708166,survey_fndds_food
"Crackers, Saltine",General,418.0,9.5,74.0,8.6,2.8,0.0,941.0,152.0,2708167,survey_fndds_food
"Crackers, Saltine, Reduced Fat",General,393.0,10.5,82.3,1.6,2.7,0.0,849.0,115.0,2708168,survey_fndds_food
"Crackers, Saltine, Multigrain",General,398.0,7.1,68.2,10.7,6.7,0.0,1214.0,221.0,2708169,survey_fndds_food
"Crackers, Multigrain",General,482.0,7.1,67.6,20.4,3.5,0.0,883.0,171.0,2708170,survey_fndds_food
"Crackers, Sandwich",General,494.0,11.5,58.4,24.5,2.3,0.0,801.0,215.0,2708171,survey_fndds_food
"Crackers, Sandwich, Peanut Butter Filled",General,494.0,11.5,58.4,24.5,2.3,0.0,801.0,215.0,2708172,survey_fndds_food
"Crackers, Sandwich, Peanut Butter Filled (Ritz)",General,482.0,7.5,57.1,25.0,2.5,0.0,575.0,110.0,2708173,survey_fndds_food
"Crackers, Sandwich, Reduced Fat",General,437.0,8.3,63.5,16.7,2.8,0.0,639.0,122.0,2708174,survey_fndds_food
"Crackers, Whole Grain, Sandwich",General,465.0,14.1,54.6,21.2,9.4,0.0,635.0,330.0,2708175,survey_fndds_food
"Crackers, Sandwich, Cheese Filled",General,477.0,9.3,61.7,21.1,1.9,0.0,978.0,429.0,2708176,survey_fndds_food
"Crackers, Sandwich, Cheese Filled (Ritz)",General,479.0,7.7,56.0,25.1,2.5,0.0,595.0,112.0,2708177,survey_fndds_food
"Crackers, Water",General,384.0,7.1,72.8,7.1,7.1,0.0,571.0,99.0,2708178,survey_fndds_food
"Crackers, Wonton",General,521.0,10.3,51.9,31.7,1.9,0.0,378.0,89.0,2708179,survey_fndds_food
"Crackers, Woven Wheat",General,441.0,8.9,70.1,15.3,8.6,0.0,750.0,314.0,2708180,survey_fndds_food
"Crackers, Woven Wheat, Plain (Triscuit)",General,441.0,8.9,70.1,15.3,8.6,0.0,750.0,314.0,2708181,survey_fndds_food
"Crackers, Woven Wheat, Flavored (Triscuit)",General,441.0,8.9,70.1,15.3,8.6,0.0,750.0,314.0,2708182,survey_fndds_food
"Crackers, Woven Wheat, Reduced Fat",General,416.0,11.3,75.5,7.6,10.9,0.0,745.0,373.0,2708183,survey_fndds_food
"Crackers, Wheat",General,441.0,8.9,70.1,15.3,8.6,0.0,750.0,314.0,2708184,survey_fndds_food
"Crackers, Wheat, Plain (Wheat Thins)",General,441.0,8.9,70.1,15.3,8.6,0.0,750.0,314.0,2708185,survey_fndds_food
"Crackers, Wheat, Flavored (Wheat Thins)",General,441.0,8.9,70.1,15.3,8.6,0.0,750.0,314.0,2708186,survey_fndds_food
"Crackers, Wheat, Reduced Fat",General,444.0,9.3,71.5,13.4,3.4,0.0,776.0,210.0,2708187,survey_fndds_food
"Crackers, Gluten Free, Plain",General,453.0,11.2,66.3,15.8,10.2,0.0,438.0,381.0,2708188,survey_fndds_food
"Crackers, Gluten Free, Flavored",General,453.0,11.2,66.3,15.8,10.2,0.0,438.0,381.0,2708189,survey_fndds_food
Baby Toddler Crackers,General,391.0,12.5,83.2,0.9,0.0,0.0,313.0,504.0,2708190,survey_fndds_food
"Baby Toddler Puffs, Fruit",General,344.0,6.2,85.8,2.3,3.8,0.0,13.0,196.0,2708191,survey_fndds_food
"Baby Toddler Puffs, Vegetable",General,344.0,6.2,85.8,2.3,3.8,0.0,13.0,196.0,2708192,survey_fndds_food
Baby Toddler Crunchies,General,462.0,3.2,69.1,19.2,1.2,0.0,250.0,164.0,2708193,survey_fndds_food
Baby Toddler Wheels,General,413.0,10.0,78.9,6.4,0.0,0.0,350.0,446.0,2708194,survey_fndds_food
Corn Nuts,General,446.0,8.5,71.9,15.6,6.9,0.0,564.0,278.0,2708195,survey_fndds_food
"Corn Chips, Plain",General,535.0,6.1,56.8,33.1,4.0,0.0,817.0,143.0,2708196,survey_fndds_food
"Corn Chips, Flavored",General,543.0,6.1,56.7,34.0,4.0,0.0,509.0,143.0,2708197,survey_fndds_food
"Corn Chips, Plain (Fritos)",General,539.0,6.2,57.3,33.4,4.0,0.0,514.0,144.0,2708198,survey_fndds_food
"Corn Chips, Flavored (Fritos)",General,536.0,6.1,57.0,33.2,4.0,0.0,704.0,143.0,2708199,survey_fndds_food
Cheese Flavored Corn Snacks,General,567.0,5.5,54.5,36.5,0.8,0.0,928.0,180.0,2708200,survey_fndds_food
"Cheese Flavored Corn Snacks, Reduced Fat",General,432.0,8.5,72.4,12.1,3.6,0.0,842.0,286.0,2708201,survey_fndds_food
"Tortilla Chips, Plain",General,472.0,7.1,67.8,20.7,5.4,0.0,328.0,182.0,2708202,survey_fndds_food
Cheese Flavored Corn Snacks (Cheetos),General,567.0,5.5,54.5,36.5,0.8,0.0,928.0,180.0,2708203,survey_fndds_food
"Tortilla Chips, Flavored",General,519.0,7.4,60.8,27.4,5.1,0.0,691.0,223.0,2708204,survey_fndds_food
"Corn Chips, Reduced Sodium",General,549.0,6.8,56.8,33.6,3.9,0.0,295.0,164.0,2708205,survey_fndds_food
"Tortilla Chips, Nacho Cheese Flavor (Doritos)",General,519.0,7.4,60.8,27.4,5.1,0.0,691.0,223.0,2708206,survey_fndds_food
"Tortilla Chips, Cool Ranch Flavor (Doritos)",General,470.0,7.1,67.4,20.6,5.4,0.0,519.0,181.0,2708207,survey_fndds_food
"Tortilla Chips, Other Flavors (Doritos)",General,519.0,7.4,60.8,27.4,5.1,0.0,691.0,223.0,2708208,survey_fndds_food
"Tortilla Chips, Reduced Fat, Plain",General,411.0,10.9,79.1,5.6,5.2,0.0,511.0,269.0,2708209,survey_fndds_food
"Tortilla Chips, Reduced Fat, Flavored",General,411.0,10.9,79.1,5.6,5.2,0.0,511.0,269.0,2708210,survey_fndds_food
"Tortilla Chips, Low Fat, Unsalted",General,416.0,11.0,80.1,5.7,5.3,0.0,15.0,272.0,2708211,survey_fndds_food
"Tortilla Chips, Reduced Sodium",General,489.0,9.4,68.1,19.8,4.5,0.0,13.0,231.0,2708212,survey_fndds_food
Snack Mix,General,504.0,6.9,63.1,25.8,3.1,0.0,729.0,180.0,2708213,survey_fndds_food
"Potato Chips, Restructured, Multigrain",General,505.0,5.3,65.3,24.7,2.7,0.0,544.0,330.0,2708214,survey_fndds_food
Pita Chips,General,457.0,11.8,68.3,15.2,3.8,0.0,854.0,129.0,2708215,survey_fndds_food
"Popcorn, Nfs",General,518.0,9.1,55.0,30.6,10.2,0.0,764.0,232.0,2708216,survey_fndds_food
"Popcorn, Movie Theater, With Added Butter",General,656.0,5.0,31.6,58.8,5.4,0.0,756.0,124.0,2708217,survey_fndds_food
"Popcorn, Movie Theater, No Butter Added",General,603.0,6.2,39.9,48.7,6.9,0.0,762.0,155.0,2708218,survey_fndds_food
"Popcorn, Air-Popped, No Butter Added",General,385.0,12.9,77.5,4.5,14.4,0.0,162.0,328.0,2708219,survey_fndds_food
"Popcorn, Air-Popped, With Added Butter",General,430.0,11.0,65.8,15.3,12.2,0.0,227.0,282.0,2708220,survey_fndds_food
"Popcorn, Popped In Oil, No Butter Added",General,498.0,9.0,57.9,28.0,10.0,0.0,157.0,224.0,2708221,survey_fndds_food
"Popcorn, Popped In Oil, With Added Butter",General,525.0,7.7,49.1,35.2,8.4,0.0,223.0,194.0,2708222,survey_fndds_food
"Popcorn, Microwave, Nfs",General,518.0,9.1,55.0,30.6,10.2,0.0,764.0,232.0,2708223,survey_fndds_food
"Popcorn, Microwave, Plain",General,518.0,9.1,55.0,30.6,10.2,0.0,764.0,232.0,2708224,survey_fndds_food
"Popcorn, Microwave, Low Sodium",General,496.0,8.9,57.6,27.9,9.9,0.0,310.0,223.0,2708226,survey_fndds_food
"Popcorn, Microwave, Butter Flavored",General,518.0,9.1,55.0,30.6,10.2,0.0,764.0,232.0,2708227,survey_fndds_food
"Popcorn, Microwave, Flavored",General,406.0,11.8,71.2,10.0,13.3,0.0,1030.0,301.0,2708228,survey_fndds_food
"Popcorn, Microwave, Cheese Flavored",General,516.0,9.1,54.8,30.4,10.2,0.0,916.0,231.0,2708229,survey_fndds_food
"Popcorn, Microwave, Kettle",General,504.0,9.4,58.0,27.5,10.5,0.0,601.0,238.0,2708230,survey_fndds_food
"Popcorn, Ready-To-Eat, Nfs",General,530.0,8.9,53.4,32.5,10.0,0.0,764.0,226.0,2708231,survey_fndds_food
"Popcorn, Ready-To-Eat, Plain",General,482.0,10.2,61.2,23.3,11.4,0.0,616.0,259.0,2708232,survey_fndds_food
"Popcorn, Ready-To-Eat, Low Sodium",General,486.0,10.3,61.7,23.4,11.5,0.0,313.0,261.0,2708234,survey_fndds_food
"Popcorn, Ready-To-Eat, Butter Flavored",General,530.0,8.9,53.4,32.5,10.0,0.0,764.0,226.0,2708235,survey_fndds_food
"Popcorn, Ready-To-Eat, Cheese Flavored",General,526.0,9.3,51.6,33.2,9.9,0.0,889.0,261.0,2708236,survey_fndds_food
"Popcorn, Ready-To-Eat, Flavored",General,435.0,11.3,67.8,14.8,12.6,0.0,766.0,287.0,2708237,survey_fndds_food
"Popcorn, Ready-To-Eat, Kettle",General,531.0,5.5,61.0,30.2,6.1,0.0,495.0,140.0,2708238,survey_fndds_food
"Popcorn, Caramel Coated",General,428.0,3.8,78.5,12.7,5.2,0.0,512.0,108.0,2708239,survey_fndds_food
"Popcorn, Caramel Coated, With Nuts",General,397.0,6.4,80.1,7.7,3.8,0.0,483.0,352.0,2708240,survey_fndds_food
"Popcorn, Chocolate Coated",General,407.0,5.3,76.4,12.8,8.3,0.0,493.0,249.0,2708241,survey_fndds_food
"Popcorn Chips, Plain",General,438.0,10.2,74.2,11.2,4.9,0.0,586.0,252.0,2708242,survey_fndds_food
"Popcorn Chips, Other Flavors",General,438.0,10.2,74.2,11.2,4.9,0.0,586.0,252.0,2708243,survey_fndds_food
"Popcorn Chips, Sweet Flavors",General,455.0,8.8,74.6,13.5,4.2,0.0,243.0,217.0,2708244,survey_fndds_food
Onion Flavored Rings,General,499.0,7.7,65.1,22.6,3.9,0.0,950.0,143.0,2708245,survey_fndds_food
Shrimp Chips,General,426.0,7.1,59.1,17.9,5.6,0.0,571.0,193.0,2708246,survey_fndds_food
"Pretzels, Nfs",General,384.0,10.0,80.4,2.9,3.4,0.0,1120.0,223.0,2708247,survey_fndds_food
"Pretzels, Hard, Nfs",General,384.0,10.0,80.4,2.9,3.4,0.0,1120.0,223.0,2708248,survey_fndds_food
"Pretzels, Hard, Plain",General,384.0,10.0,80.4,2.9,3.4,0.0,1120.0,223.0,2708249,survey_fndds_food
"Pretzels, Hard, Flavored",General,388.0,9.9,79.4,3.9,3.4,0.0,1183.0,220.0,2708252,survey_fndds_food
"Pretzels, Hard, Multigrain",General,381.0,10.2,80.1,3.0,4.2,0.0,1098.0,242.0,2708253,survey_fndds_food
"Pretzel Chips, Hard, Plain",General,375.0,9.8,78.4,2.9,3.3,0.0,2037.0,218.0,2708256,survey_fndds_food
"Pretzel Chips, Hard, Flavored",General,370.0,9.7,77.5,2.8,3.3,0.0,2461.0,215.0,2708257,survey_fndds_food
"Pretzel Chips, Hard, Gluten Free",General,380.0,3.4,76.7,6.5,3.2,0.0,2473.0,67.0,2708258,survey_fndds_food
"Pretzels, Hard, Coated",General,467.0,7.0,70.1,17.6,3.5,0.0,494.0,199.0,2708259,survey_fndds_food
"Pretzels, Hard, Chocolate Coated",General,467.0,7.0,70.1,17.6,3.5,0.0,494.0,199.0,2708260,survey_fndds_food
"Pretzels, Hard, White Chocolate Coated",General,445.0,5.9,74.7,14.2,1.2,0.0,442.0,172.0,2708261,survey_fndds_food
"Pretzels, Hard, Yogurt Coated",General,438.0,5.9,76.6,12.2,1.1,0.0,441.0,173.0,2708262,survey_fndds_food
"Pretzels, Hard, Filled",General,463.0,9.8,66.5,16.9,3.6,0.0,1117.0,130.0,2708264,survey_fndds_food
"Pretzels, Hard, Cheese Filled",General,463.0,9.8,66.5,16.9,3.6,0.0,1117.0,130.0,2708265,survey_fndds_food
"Pretzels, Hard, Peanut Butter Filled",General,454.0,14.0,60.8,19.0,3.9,0.0,1039.0,333.0,2708266,survey_fndds_food
"Pretzels, Soft, Nfs",General,345.0,8.0,69.4,4.0,1.7,0.0,775.0,86.0,2708267,survey_fndds_food
"Pretzels, Soft, Ready-To-Eat",General,345.0,8.0,69.4,4.0,1.7,0.0,775.0,86.0,2708268,survey_fndds_food
"Pretzels, Soft, From Frozen",General,345.0,8.0,69.4,4.0,1.7,0.0,775.0,86.0,2708277,survey_fndds_food
"Pretzels, Soft, Filled With Cheese",General,339.0,10.2,62.4,5.4,1.5,0.0,310.0,92.0,2708284,survey_fndds_food
"Pretzels, Soft, From School Lunch",General,339.0,8.6,70.7,3.2,3.7,0.0,240.0,140.0,2708285,survey_fndds_food
"Pretzels, Soft, Multigrain",General,337.0,8.5,70.3,3.1,3.6,0.0,495.0,139.0,2708286,survey_fndds_food
"Pretzels, Soft, Gluten Free",General,297.0,4.0,57.3,5.7,4.0,0.0,839.0,73.0,2708287,survey_fndds_food
Multigrain Chips (Sun Chips),General,491.0,8.0,67.3,21.1,8.8,0.0,423.0,232.0,2708290,survey_fndds_food
"Snack Mix, Plain (Chex Mix)",General,417.0,8.7,72.2,10.3,4.6,0.0,707.0,141.0,2708291,survey_fndds_food
Bagel Chips,General,451.0,12.3,66.4,15.1,4.1,0.0,233.0,140.0,2708292,survey_fndds_food
Cracker Chips,General,491.0,8.0,67.3,21.1,8.8,0.0,423.0,232.0,2708293,survey_fndds_food
"Pancakes, Nfs",General,282.0,7.4,35.3,12.1,2.1,0.0,508.0,174.0,2708294,survey_fndds_food
"Pancakes, Plain, Frozen",General,233.0,5.2,37.8,6.8,1.0,0.0,461.0,90.0,2708295,survey_fndds_food
"Pancakes, Fruit, Frozen",General,224.0,5.0,36.5,6.5,1.1,0.0,438.0,88.0,2708296,survey_fndds_food
"Pancakes, Chocolate, Frozen",General,248.0,5.4,38.8,8.0,1.1,0.0,442.0,104.0,2708297,survey_fndds_food
"Pancakes, Whole Grain, Frozen",General,232.0,5.5,38.6,6.8,2.3,0.0,447.0,123.0,2708298,survey_fndds_food
"Pancakes, Plain, Fast Food / Restaurant",General,307.0,7.2,34.1,15.5,2.1,0.0,544.0,168.0,2708299,survey_fndds_food
"Pancakes, Fruit, Fast Food / Restaurant",General,253.0,5.7,29.8,12.3,2.3,0.0,426.0,144.0,2708300,survey_fndds_food
"Pancakes, Chocolate, Fast Food / Restaurant",General,360.0,7.5,40.0,18.7,2.4,0.0,470.0,213.0,2708301,survey_fndds_food
"Pancakes, Whole Grain, Fast Food / Restaurant",General,299.0,7.6,31.8,15.8,3.1,0.0,751.0,243.0,2708302,survey_fndds_food
"Pancakes, School",General,231.0,6.3,40.4,6.6,5.2,0.0,415.0,199.0,2708303,survey_fndds_food
"Pancakes, Plain",General,282.0,7.4,35.3,12.1,2.1,0.0,508.0,174.0,2708304,survey_fndds_food
"Pancakes, Plain, Reduced Fat",General,264.0,7.6,36.1,9.7,2.2,0.0,519.0,178.0,2708305,survey_fndds_food
"Pancakes, Fruit",General,232.0,5.9,30.6,9.5,2.4,0.0,395.0,148.0,2708306,survey_fndds_food
"Pancakes, Pumpkin",General,241.0,6.4,31.0,10.1,2.3,0.0,423.0,186.0,2708307,survey_fndds_food
"Pancakes, Chocolate",General,341.0,7.7,41.2,15.9,2.4,0.0,438.0,219.0,2708308,survey_fndds_food
"Pancakes, Whole Grain",General,273.0,7.9,32.9,12.3,3.2,0.0,722.0,252.0,2708309,survey_fndds_food
"Pancakes, Whole Grain, Reduced Fat",General,256.0,8.0,33.6,9.9,3.3,0.0,738.0,258.0,2708310,survey_fndds_food
"Pancakes, Gluten Free",General,215.0,3.3,40.3,4.6,1.5,0.0,331.0,127.0,2708311,survey_fndds_food
"Waffle, Nfs",General,309.0,7.4,48.4,9.5,2.6,0.0,460.0,138.0,2708312,survey_fndds_food
"Waffle, Plain, Frozen",General,309.0,7.4,48.4,9.5,2.6,0.0,460.0,138.0,2708313,survey_fndds_food
"Waffle, Plain, Reduced Fat",General,292.0,9.7,46.8,7.4,1.5,0.0,505.0,201.0,2708314,survey_fndds_food
"Waffle, Fruit, Frozen",General,296.0,7.1,46.6,9.0,2.6,0.0,437.0,134.0,2708315,survey_fndds_food
"Waffle, Chocolate, Frozen",General,320.0,7.4,48.9,10.5,2.6,0.0,441.0,150.0,2708316,survey_fndds_food
"Waffle, Whole Grain, Frozen",General,289.0,6.8,46.7,8.4,4.1,0.0,529.0,156.0,2708317,survey_fndds_food
"Waffle, Whole Grain, Reduced Fat",General,257.0,7.1,49.2,3.6,4.3,0.0,557.0,164.0,2708318,survey_fndds_food
"Waffle, Whole Grain, Fruit",General,278.0,6.5,45.1,8.0,4.0,0.0,504.0,151.0,2708319,survey_fndds_food
"Waffle, Plain, Fast Food / Restaurant",General,428.0,8.2,38.9,26.4,2.4,0.0,620.0,192.0,2708320,survey_fndds_food
"Waffle, Chocolate, Fast Food / Restaurant",General,480.0,8.6,46.1,28.9,2.7,0.0,541.0,245.0,2708321,survey_fndds_food
"Waffle, Fruit, Fast Food / Restaurant",General,354.0,6.6,34.5,21.1,2.7,0.0,492.0,167.0,2708322,survey_fndds_food
"Waffle, Whole Grain, Fast Food / Restaurant",General,421.0,8.6,36.2,26.9,3.5,0.0,855.0,277.0,2708323,survey_fndds_food
"Waffle, School",General,257.0,7.1,49.2,3.6,4.3,0.0,557.0,164.0,2708324,survey_fndds_food
"Waffle, Plain",General,373.0,8.7,41.5,18.8,2.5,0.0,597.0,205.0,2708325,survey_fndds_food
"Waffle, Fruit",General,307.0,6.9,36.2,14.9,2.8,0.0,467.0,175.0,2708326,survey_fndds_food
"Waffle, Chocolate",General,437.0,9.1,48.6,22.7,2.9,0.0,517.0,258.0,2708327,survey_fndds_food
"Waffle, Cinnamon",General,373.0,8.7,41.7,18.8,2.7,0.0,596.0,205.0,2708328,survey_fndds_food
"Waffle, Whole Grain",General,364.0,9.2,38.6,19.2,3.8,0.0,847.0,295.0,2708329,survey_fndds_food
"Waffle, Gluten Free",General,263.0,2.7,43.0,8.8,1.4,0.0,505.0,124.0,2708330,survey_fndds_food
"French Toast, Nfs",General,273.0,10.4,32.3,11.4,1.2,0.0,302.0,135.0,2708331,survey_fndds_food
"French Toast, Frozen",General,183.0,7.2,29.9,3.8,1.1,0.0,243.0,115.0,2708332,survey_fndds_food
"French Toast, Fast Food / Restaurant",General,310.0,9.8,35.7,14.3,1.3,0.0,357.0,128.0,2708333,survey_fndds_food
"French Toast, School",General,162.0,9.2,22.6,3.8,2.9,0.0,245.0,187.0,2708334,survey_fndds_food
"French Toast, Plain",General,273.0,10.4,32.3,11.4,1.2,0.0,302.0,135.0,2708335,survey_fndds_food
"French Toast, Whole Grain",General,271.0,11.3,30.4,11.6,2.7,0.0,297.0,171.0,2708336,survey_fndds_food
"French Toast, Gluten Free",General,264.0,7.8,30.6,12.2,2.2,0.0,300.0,114.0,2708337,survey_fndds_food
French Toast Sticks,General,278.0,7.5,40.6,9.2,1.3,0.0,535.0,128.0,2708338,survey_fndds_food
"French Toast Sticks, Fast Food / Restaurant",General,400.0,7.1,48.5,20.9,1.6,0.0,471.0,131.0,2708339,survey_fndds_food
"French Toast Sticks, School",General,162.0,9.2,22.6,3.8,2.9,0.0,245.0,187.0,2708340,survey_fndds_food
"Crepe, Nfs",General,224.0,8.8,22.0,11.3,0.6,0.0,278.0,169.0,2708341,survey_fndds_food
"Crepe, Plain",General,224.0,8.8,22.0,11.3,0.6,0.0,278.0,169.0,2708342,survey_fndds_food
Chinese Pancake,General,207.0,4.0,45.4,0.4,0.7,0.0,5.0,62.0,2708343,survey_fndds_food
"Dumpling, No Meat",General,125.0,3.4,20.5,3.4,0.7,0.0,428.0,71.0,2708344,survey_fndds_food
Cake Made With Glutinous Rice,General,279.0,2.5,53.6,6.5,0.7,0.0,36.0,85.0,2708345,survey_fndds_food
Idli,General,128.0,6.4,25.0,0.4,5.8,0.0,252.0,233.0,2708346,survey_fndds_food
"Dosa, Plain",General,210.0,5.7,37.0,4.0,1.8,0.0,309.0,104.0,2708347,survey_fndds_food
Cake Made With Glutinous Rice And Dried Beans,General,185.0,7.8,36.1,0.6,3.4,0.0,942.0,241.0,2708348,survey_fndds_food
Funnel Cake With Sugar,General,353.0,7.9,43.5,16.6,1.0,0.0,278.0,174.0,2708349,survey_fndds_food
Funnel Cake With Sugar And Fruit,General,380.0,5.8,55.2,15.7,0.9,0.0,211.0,146.0,2708350,survey_fndds_food
"Pasta, Vegetable, Cooked",General,128.0,4.5,26.6,0.1,4.3,0.0,99.0,31.0,2708351,survey_fndds_food
"Noodles, Cooked",General,137.0,4.5,25.0,2.1,1.2,0.0,236.0,38.0,2708352,survey_fndds_food
"Noodles, Whole Grain, Cooked",General,148.0,6.0,29.9,1.7,3.9,0.0,210.0,95.0,2708353,survey_fndds_food
"Noodles, Chow Mein",General,521.0,10.3,51.9,31.7,1.9,0.0,378.0,89.0,2708354,survey_fndds_food
"Long Rice Noodles, Made From Mung Beans, Cooked",General,84.0,0.0,20.7,0.0,0.1,0.0,5.0,2.0,2708355,survey_fndds_food
"Rice Noodles, Cooked",General,107.0,1.8,23.9,0.2,1.0,0.0,250.0,4.0,2708356,survey_fndds_food
"Pasta, Cooked",General,157.0,5.8,30.7,0.9,1.8,0.0,232.0,44.0,2708357,survey_fndds_food
"Pasta, Whole Grain, Cooked",General,148.0,6.0,29.9,1.7,3.9,0.0,235.0,95.0,2708358,survey_fndds_food
"Pasta, Gluten Free",General,179.0,3.2,38.0,1.0,1.4,0.0,4.0,24.0,2708359,survey_fndds_food
"Cereal, Cooked, Nfs",General,64.0,2.2,11.4,1.1,1.7,0.0,70.0,58.0,2708360,survey_fndds_food
Barley,General,139.0,2.2,27.2,2.7,3.7,0.0,199.0,90.0,2708361,survey_fndds_food
Buckwheat Groats,General,118.0,3.2,19.0,4.0,2.6,0.0,170.0,85.0,2708362,survey_fndds_food
"Grits, Nfs",General,71.0,1.2,12.2,1.8,0.7,0.0,81.0,21.0,2708363,survey_fndds_food
"Grits, Regular Or Quick, Made With Water",General,71.0,1.2,12.2,1.8,0.7,0.0,81.0,21.0,2708364,survey_fndds_food
"Grits, With Cheese, Ns As To Fat",General,108.0,3.6,11.4,5.3,0.6,0.0,143.0,27.0,2708367,survey_fndds_food
"Grits, With Cheese, No Added Fat",General,97.0,3.6,11.5,3.9,0.7,0.0,134.0,27.0,2708368,survey_fndds_food
"Grits, With Cheese, Fat Added",General,108.0,3.6,11.4,5.3,0.6,0.0,143.0,27.0,2708369,survey_fndds_food
"Grits, Instant, Made With Water",General,65.0,1.4,14.8,0.4,0.8,0.0,215.0,26.0,2708370,survey_fndds_food
"Cornmeal Mush, Ns As To Fat",General,71.0,1.1,12.2,1.8,0.6,0.0,82.0,21.0,2708373,survey_fndds_food
"Cornmeal Mush, No Added Fat",General,58.0,1.1,12.5,0.3,0.6,0.0,71.0,21.0,2708374,survey_fndds_food
"Cornmeal Mush, Fat Added",General,71.0,1.1,12.2,1.8,0.6,0.0,82.0,21.0,2708375,survey_fndds_food
"Masa Harina, Cooked",General,97.0,2.3,20.5,1.0,1.7,0.0,283.0,70.0,2708376,survey_fndds_food
Millet,General,118.0,3.5,23.6,1.0,1.3,0.0,168.0,62.0,2708377,survey_fndds_food
"Oatmeal, Fast Food, Plain",General,80.0,2.6,11.9,2.5,1.7,0.0,93.0,74.0,2708378,survey_fndds_food
"Oatmeal, Fast Food, Flavored",General,110.0,2.4,20.3,2.3,1.6,0.0,163.0,81.0,2708379,survey_fndds_food
"Oatmeal, Nfs",General,76.0,2.2,11.2,2.6,1.7,0.0,81.0,57.0,2708380,survey_fndds_food
"Oatmeal, Regular Or Quick, Made With Water",General,64.0,2.2,11.4,1.1,1.7,0.0,70.0,58.0,2708381,survey_fndds_food
"Oatmeal, Regular Or Quick, Made With Milk",General,116.0,5.6,16.2,3.2,1.7,0.0,105.0,215.0,2708383,survey_fndds_food
"Oatmeal, Regular Or Quick, Made With Non-Dairy Milk",General,95.0,3.4,14.4,2.7,1.8,0.0,117.0,110.0,2708385,survey_fndds_food
"Oatmeal, Instant, Plain",General,68.0,2.3,13.2,1.3,1.9,0.0,45.0,69.0,2708387,survey_fndds_food
"Oatmeal, Instant, Maple Flavored",General,102.0,2.4,20.2,1.2,1.9,0.0,136.0,95.0,2708393,survey_fndds_food
"Oatmeal, Instant, Fruit Flavored",General,100.0,2.3,20.1,1.2,1.9,0.0,131.0,96.0,2708395,survey_fndds_food
"Oatmeal, Reduced Sugar",General,85.0,2.4,16.6,1.3,1.9,0.0,90.0,82.0,2708397,survey_fndds_food
"Oatmeal, Multigrain",General,56.0,2.1,12.2,0.5,2.0,0.0,70.0,51.0,2708398,survey_fndds_food
"Quinoa, Ns As To Fat",General,146.0,4.2,20.2,5.4,2.7,0.0,184.0,164.0,2708399,survey_fndds_food
"Quinoa, No Added Fat",General,120.0,4.4,21.2,1.9,2.8,0.0,163.0,171.0,2708400,survey_fndds_food
"Quinoa, Fat Added",General,146.0,4.2,20.2,5.4,2.7,0.0,184.0,164.0,2708401,survey_fndds_food
"Rice, Cooked, Nfs",General,129.0,2.7,28.0,0.3,0.4,0.0,245.0,35.0,2708402,survey_fndds_food
"Rice, White, Cooked",General,129.0,2.7,28.0,0.3,0.4,0.0,244.0,35.0,2708403,survey_fndds_food
"Rice, Brown, Cooked",General,123.0,2.4,25.8,1.1,1.0,0.0,201.0,80.0,2708409,survey_fndds_food
Cream Of Rice,General,69.0,1.2,15.3,0.1,0.1,0.0,69.0,25.0,2708415,survey_fndds_food
"Rice, Cooked, With Milk",General,144.0,5.1,25.0,2.3,0.3,0.0,357.0,183.0,2708416,survey_fndds_food
"Rice, Sweet, Cooked With Honey",General,139.0,2.5,31.1,0.3,0.4,0.0,344.0,36.0,2708417,survey_fndds_food
Congee,General,39.0,0.8,8.4,0.1,0.1,0.0,234.0,10.0,2708418,survey_fndds_food
"Yellow Rice, Cooked, Ns As To Fat",General,88.0,1.8,19.1,0.4,0.5,0.0,340.0,195.0,2708419,survey_fndds_food
"Yellow Rice, Cooked, No Added Fat",General,88.0,1.8,19.1,0.4,0.5,0.0,340.0,195.0,2708420,survey_fndds_food
"Yellow Rice, Cooked, Fat Added",General,103.0,1.8,18.7,2.4,0.4,0.0,351.0,191.0,2708421,survey_fndds_food
"Rice, Wild, 100%",General,122.0,3.9,20.6,3.1,1.7,0.0,231.0,98.0,2708423,survey_fndds_food
"Rice, White And Wild, Cooked",General,79.0,1.8,17.2,0.2,0.5,0.0,401.0,34.0,2708426,survey_fndds_food
"Rice, Brown And Wild, Cooked",General,120.0,2.9,24.9,0.9,1.6,0.0,206.0,87.0,2708427,survey_fndds_food
"Rice, White, Cooked With Fat",General,200.0,2.8,31.9,6.3,0.5,0.0,506.0,44.0,2708432,survey_fndds_food
"Cream Of Wheat, Nfs",General,65.0,1.4,10.4,1.8,0.5,0.0,83.0,16.0,2708433,survey_fndds_food
"Cream Of Wheat, Regular Or Quick, Made With Water",General,51.0,1.4,10.6,0.2,0.5,0.0,72.0,16.0,2708434,survey_fndds_food
"Cream Of Wheat, Instant, Made With Water",General,67.0,1.5,14.4,0.2,0.5,0.0,85.0,17.0,2708436,survey_fndds_food
"Bulgur, No Added Fat",General,83.0,3.1,18.5,0.2,4.5,0.0,219.0,68.0,2708438,survey_fndds_food
"Bulgur, Fat Added",General,121.0,2.9,17.3,5.1,4.2,0.0,243.0,65.0,2708439,survey_fndds_food
"Bulgur, Ns As To Fat",General,83.0,3.1,18.5,0.2,4.5,0.0,219.0,68.0,2708440,survey_fndds_food
"Couscous, Plain, Cooked",General,111.0,3.8,23.1,0.2,1.4,0.0,189.0,58.0,2708441,survey_fndds_food
"Whole Wheat Cereal, Cooked",General,47.0,1.6,10.4,0.3,1.3,0.0,71.0,51.0,2708442,survey_fndds_food
"Wheat Cereal, Chocolate Flavored, Cooked",General,49.0,1.8,11.0,0.5,1.8,0.0,337.0,72.0,2708443,survey_fndds_food
"Oat Bran Cereal, Cooked",General,46.0,3.2,12.3,1.3,2.9,0.0,69.0,100.0,2708444,survey_fndds_food
"Cereal, Ready-To-Eat, Nfs",General,379.0,7.7,77.7,4.0,6.6,0.0,527.0,193.0,2708445,survey_fndds_food
"Cereal, O'S, Flavored",General,385.0,8.6,76.0,5.4,7.6,0.0,580.0,238.0,2708446,survey_fndds_food
"Cereal, Crunch",General,398.0,4.3,82.1,5.5,2.7,0.0,701.0,97.0,2708447,survey_fndds_food
"Cereal, O'S, Plain",General,374.0,12.4,67.9,6.2,10.5,0.0,506.0,342.0,2708448,survey_fndds_food
"Cereal, Chocolate Puffs",General,388.0,5.4,81.0,5.0,5.0,0.0,425.0,152.0,2708449,survey_fndds_food
"Cereal, Cinnamon Toast",General,414.0,5.9,75.2,9.9,5.1,0.0,539.0,71.0,2708450,survey_fndds_food
"Cereal, Chocolate Crispy",General,380.0,5.4,81.8,4.2,1.4,0.0,547.0,89.0,2708451,survey_fndds_food
"Cereal, Corn Squares",General,369.0,7.9,77.1,2.6,5.4,0.0,729.0,124.0,2708452,survey_fndds_food
"Cereal, Corn Flakes, Plain",General,365.0,6.4,79.5,1.6,3.5,0.0,703.0,128.0,2708453,survey_fndds_food
"Cereal, Corn Puffs",General,371.0,7.7,77.8,2.6,7.3,0.0,525.0,122.0,2708454,survey_fndds_food
"Cereal, Rice Crispy, Plain",General,358.0,7.0,79.8,1.2,0.4,0.0,505.0,67.0,2708455,survey_fndds_food
"Cereal, Bran Flakes, Plain",General,361.0,9.6,75.0,2.4,20.5,0.0,585.0,121.0,2708456,survey_fndds_food
"Cereal, Shredded Wheat, Flavored",General,367.0,9.5,78.9,1.4,10.3,0.0,2.0,119.0,2708457,survey_fndds_food
"Cereal, Rice Crispy, Flavored",General,372.0,5.0,86.0,0.9,0.3,0.0,355.0,46.0,2708458,survey_fndds_food
"Cereal, Fruit Rings",General,383.0,5.1,82.2,3.2,5.4,0.0,504.0,94.0,2708459,survey_fndds_food
"Cereal, Fruit Crispy",General,384.0,4.3,82.9,3.9,0.3,0.0,542.0,47.0,2708460,survey_fndds_food
"Cereal, Granola",General,420.0,9.8,67.4,13.0,7.4,0.0,161.0,310.0,2708461,survey_fndds_food
"Cereal, Oat Bunches",General,392.0,7.4,76.2,6.1,4.6,0.0,428.0,141.0,2708462,survey_fndds_food
"Cereal, Corn Squares, Flavored",General,380.0,5.6,80.7,3.3,4.7,0.0,662.0,102.0,2708463,survey_fndds_food
"Cereal, O'S, Honey Nut",General,385.0,8.6,76.0,5.4,7.6,0.0,580.0,238.0,2708464,survey_fndds_food
"Cereal, Multigrain",General,373.0,11.6,74.0,3.6,14.6,0.0,233.0,158.0,2708465,survey_fndds_food
"Cereal, Oat Squares",General,379.0,10.4,73.3,5.2,8.0,0.0,388.0,287.0,2708466,survey_fndds_food
"Cereal, Frosted Oats With Marshmallows",General,372.0,8.2,76.6,4.1,6.1,0.0,639.0,221.0,2708467,survey_fndds_food
"Cereal, O'S, Multigrain",General,373.0,8.5,76.2,3.8,10.9,0.0,385.0,217.0,2708468,survey_fndds_food
"Cereal, Bran Flakes, Flavored",General,353.0,8.1,78.7,1.2,12.4,0.0,347.0,205.0,2708469,survey_fndds_food
"Cereal, Rice Squares",General,357.0,7.0,77.4,2.2,5.4,0.0,813.0,67.0,2708470,survey_fndds_food
"Cereal, K'S, Plain",General,356.0,19.0,68.0,1.6,3.2,0.0,680.0,92.0,2708471,survey_fndds_food
"Cereal, K'S, Flavored",General,363.0,7.3,80.9,1.2,8.0,0.0,617.0,78.0,2708472,survey_fndds_food
"Cereal, Flavored Puffs",General,380.0,5.7,83.8,2.2,2.2,0.0,424.0,90.0,2708473,survey_fndds_food
"Cereal, Corn Flakes, Flavored",General,375.0,4.8,84.7,1.3,2.6,0.0,516.0,96.0,2708474,survey_fndds_food
"Cereal, O'S, Nfs",General,379.0,10.5,72.0,5.8,9.1,0.0,543.0,290.0,2708475,survey_fndds_food
"Cereal, Wheat Squares",General,356.0,10.5,75.0,1.5,13.5,0.0,578.0,131.0,2708476,survey_fndds_food
Wheat Germ,General,382.0,29.1,49.6,10.7,15.1,0.0,4.0,947.0,2708477,survey_fndds_food
"Cereal, Plain Puffs",General,357.0,9.5,77.2,1.7,8.7,0.0,4.0,101.0,2708478,survey_fndds_food
"Cereal, Shredded Wheat, Plain",General,358.0,11.9,73.8,1.7,13.0,0.0,2.0,148.0,2708479,survey_fndds_food
"Cereal, Wheat Flakes",General,359.0,10.1,76.3,1.5,10.4,0.0,574.0,126.0,2708480,survey_fndds_food
"Cereal, Other, Nfs",General,381.0,6.9,78.5,4.4,4.8,0.0,530.0,154.0,2708481,survey_fndds_food
"Cereal, Other, Plain",General,370.0,9.4,73.7,3.9,7.0,0.0,605.0,235.0,2708482,survey_fndds_food
"Cereal, Other, Fruit Flavored",General,383.0,4.7,82.6,3.6,2.9,0.0,523.0,71.0,2708483,survey_fndds_food
"Cereal, Other, Chocolate",General,384.0,5.4,81.4,4.6,3.2,0.0,486.0,120.0,2708484,survey_fndds_food
"Cereal, Other, Peanut Butter",General,422.0,7.3,73.0,11.1,5.0,0.0,525.0,129.0,2708485,survey_fndds_food
"Cereal, Other, Honey",General,388.0,8.0,76.1,5.7,6.1,0.0,504.0,190.0,2708486,survey_fndds_food
"Cereal, Reduced Sugar",General,376.0,8.4,76.9,3.7,6.4,0.0,509.0,171.0,2708487,survey_fndds_food
Wheat Bran,General,216.0,15.6,64.5,4.2,42.8,0.0,2.0,1182.0,2708488,survey_fndds_food
"Oats, Raw",General,379.0,13.2,67.7,6.5,10.1,0.0,6.0,362.0,2708489,survey_fndds_food
"Cereal, Oat Bran, Ready-To-Eat",General,403.0,10.4,68.3,10.2,12.9,0.0,235.0,287.0,2708490,survey_fndds_food
"Baby Toddler Cereal, Barley, Dry",General,376.0,13.2,69.4,6.6,6.6,0.0,33.0,467.0,2708491,survey_fndds_food
"Baby Toddler Cereal, Oatmeal, Dry",General,394.0,11.0,73.5,6.4,7.3,0.0,21.0,549.0,2708492,survey_fndds_food
"Baby Toddler Cereal, Rice, Dry",General,390.0,6.6,83.1,2.2,1.3,0.0,32.0,281.0,2708493,survey_fndds_food
"Baby Toddler Cereal, Rice With Fruit, Dry",General,388.0,6.5,83.4,2.2,1.7,0.0,31.0,342.0,2708494,survey_fndds_food
"Baby Toddler Cereal, Multigrain With Fruit, Dry",General,404.0,6.5,80.5,6.4,6.9,0.0,32.0,518.0,2708495,survey_fndds_food
"Baby Toddler Cereal, Multigrain, Dry",General,407.0,6.7,80.1,6.7,6.7,0.0,33.0,467.0,2708496,survey_fndds_food
"Baby Toddler Cereal, Oatmeal With Fruit, Dry",General,392.0,10.6,74.2,6.1,7.4,0.0,20.0,596.0,2708497,survey_fndds_food
"Baby Toddler Cereal, Nfs",General,89.0,1.9,18.4,1.0,1.8,0.0,2.0,109.0,2708498,survey_fndds_food
"Baby Toddler Cereal, Rice, Ready-To-Eat",General,73.0,1.4,16.1,0.3,0.1,0.0,2.0,23.0,2708499,survey_fndds_food
"Baby Toddler Cereal, Oatmeal, Ready-To-Eat",General,76.0,2.5,13.8,1.3,1.9,0.0,2.0,80.0,2708500,survey_fndds_food
"Baby Toddler Cereal, Multigrain, Ready-To-Eat",General,75.0,1.9,15.0,0.9,1.1,0.0,2.0,54.0,2708501,survey_fndds_food
"Baby Toddler Cereal, Multigrain With Fruit, Ready-To-Eat",General,88.0,1.5,19.2,0.7,1.2,0.0,2.0,91.0,2708502,survey_fndds_food
"Baby Toddler Cereal, Oatmeal With Fruit, Ready-To-Eat",General,89.0,1.9,18.4,1.0,1.8,0.0,2.0,109.0,2708503,survey_fndds_food
"Baby Toddler Cereal, Rice With Fruit, Ready-To-Eat",General,87.0,1.1,20.0,0.3,0.6,0.0,2.0,70.0,2708504,survey_fndds_food
Chilaquiles,General,195.0,10.6,14.9,10.7,2.1,0.0,366.0,164.0,2708505,survey_fndds_food
Frito Pie,General,328.0,10.0,26.3,21.0,2.9,0.0,572.0,187.0,2708506,survey_fndds_food
Mexican Pizza,General,249.0,15.5,15.3,13.9,2.1,0.0,375.0,214.0,2708507,survey_fndds_food
Taco Or Tostada Salad With Meat,General,179.0,7.4,16.5,9.3,2.9,0.0,319.0,222.0,2708508,survey_fndds_food
Taco Or Tostada Salad With Chicken,General,167.0,7.8,16.3,8.0,2.8,0.0,315.0,220.0,2708509,survey_fndds_food
"Taco Or Tostada Salad, Meatless",General,163.0,5.3,19.3,7.4,3.7,0.0,268.0,231.0,2708510,survey_fndds_food
Taco Or Tostada Salad With Meat And Sour Cream,General,181.0,6.9,15.1,10.4,2.5,0.0,286.0,214.0,2708511,survey_fndds_food
Taco Or Tostada Salad With Chicken And Sour Cream,General,171.0,7.2,15.0,9.3,2.5,0.0,282.0,212.0,2708512,survey_fndds_food
"Taco Or Tostada Salad, Meatless With Sour Cream",General,167.0,5.0,17.6,8.7,3.3,0.0,241.0,221.0,2708513,survey_fndds_food
"Taco, Nfs",General,246.0,15.3,15.6,13.6,2.2,0.0,367.0,217.0,2708514,survey_fndds_food
"Taco, Corn Tortilla, Beef",General,249.0,15.5,15.3,13.9,2.1,0.0,375.0,214.0,2708515,survey_fndds_food
"Taco, Corn Tortilla, Pork",General,251.0,14.8,15.3,14.5,2.1,0.0,369.0,212.0,2708517,survey_fndds_food
"Taco, Corn Tortilla, Chicken",General,211.0,16.2,15.3,9.6,2.1,0.0,378.0,210.0,2708519,survey_fndds_food
"Taco, Corn Tortilla, With Beans",General,176.0,5.8,23.0,7.3,4.2,0.0,420.0,249.0,2708521,survey_fndds_food
"Taco, Flour Tortilla, Beef",General,257.0,16.7,18.9,12.3,1.3,0.0,444.0,199.0,2708522,survey_fndds_food
"Taco, Flour Tortilla, Pork",General,260.0,16.1,18.9,12.8,1.3,0.0,438.0,197.0,2708524,survey_fndds_food
"Taco, Flour Tortilla, Chicken",General,220.0,17.5,18.9,7.9,1.3,0.0,446.0,195.0,2708526,survey_fndds_food
"Taco, Flour Tortilla, With Beans",General,184.0,7.0,26.6,5.6,3.4,0.0,488.0,234.0,2708528,survey_fndds_food
"Taco, Fish",General,275.0,11.6,23.0,15.3,2.5,0.0,447.0,227.0,2708529,survey_fndds_food
"Taco, Meat, No Cheese",General,243.0,15.2,15.9,13.2,2.2,0.0,359.0,220.0,2708530,survey_fndds_food
"Taco, Meat, With Beans",General,205.0,10.1,20.0,9.7,3.4,0.0,382.0,238.0,2708531,survey_fndds_food
"Taco, With Beans, No Cheese",General,167.0,5.0,24.0,6.2,4.5,0.0,405.0,256.0,2708532,survey_fndds_food
"Taco, Cheese Only",General,275.0,12.2,27.8,13.4,3.8,0.0,311.0,149.0,2708533,survey_fndds_food
"Burrito, Nfs",General,219.0,11.1,23.9,8.5,2.5,0.0,486.0,212.0,2708534,survey_fndds_food
"Burrito, Beef, Cheese",General,267.0,13.3,28.3,10.7,2.0,0.0,454.0,165.0,2708535,survey_fndds_food
"Burrito, Beef, With Rice",General,231.0,10.4,28.2,8.0,1.5,0.0,445.0,127.0,2708536,survey_fndds_food
"Burrito, Beef, With Beans",General,219.0,11.1,23.9,8.5,2.5,0.0,486.0,212.0,2708537,survey_fndds_food
"Burrito, Beef, With Beans And Rice",General,225.0,10.8,26.0,8.3,2.0,0.0,465.0,169.0,2708538,survey_fndds_food
"Burrito, Pork, Cheese",General,268.0,12.9,28.3,11.0,2.0,0.0,451.0,163.0,2708539,survey_fndds_food
"Burrito, Pork, With Rice",General,232.0,10.2,28.2,8.3,1.5,0.0,442.0,126.0,2708540,survey_fndds_food
"Burrito, Pork, With Beans",General,220.0,10.8,23.9,8.8,2.5,0.0,483.0,211.0,2708541,survey_fndds_food
"Burrito, Pork, With Beans And Rice",General,226.0,10.5,26.0,8.5,2.0,0.0,463.0,168.0,2708542,survey_fndds_food
"Burrito, Chicken, Cheese",General,244.0,13.7,28.3,8.1,2.0,0.0,456.0,162.0,2708543,survey_fndds_food
"Burrito, Chicken, With Rice",General,215.0,10.8,28.2,6.2,1.5,0.0,446.0,125.0,2708544,survey_fndds_food
"Burrito, Chicken, With Beans",General,203.0,11.4,23.9,6.7,2.5,0.0,487.0,210.0,2708545,survey_fndds_food
"Burrito, Chicken, With Beans And Rice",General,209.0,11.1,26.0,6.4,2.0,0.0,466.0,168.0,2708546,survey_fndds_food
"Burrito, With Beans, No Cheese",General,188.0,7.4,30.8,4.0,5.1,0.0,436.0,251.0,2708547,survey_fndds_food
"Burrito, With Beans, Cheese",General,196.0,8.1,29.5,5.2,4.9,0.0,449.0,244.0,2708548,survey_fndds_food
"Burrito, With Beans And Rice, Cheese",General,202.0,6.9,32.2,4.9,3.2,0.0,430.0,158.0,2708549,survey_fndds_food
"Burrito, Meat, No Cheese",General,262.0,12.8,29.6,9.8,2.1,0.0,442.0,168.0,2708550,survey_fndds_food
"Burrito, Meat, With Rice",General,224.0,9.8,29.6,6.9,1.6,0.0,431.0,129.0,2708551,survey_fndds_food
"Burrito, Meat, With Beans",General,211.0,10.6,25.0,7.4,2.6,0.0,474.0,218.0,2708552,survey_fndds_food
"Burrito, Meat, With Beans And Rice",General,218.0,10.2,27.3,7.2,2.1,0.0,453.0,173.0,2708553,survey_fndds_food
"Burrito, Cheese Only",General,328.0,13.7,30.6,16.5,2.1,0.0,704.0,112.0,2708554,survey_fndds_food
"Burrito Bowl, Nfs",General,145.0,13.0,10.6,5.4,1.0,0.0,311.0,196.0,2708555,survey_fndds_food
"Burrito Bowl, Beef Or Pork",General,213.0,20.0,0.3,14.2,0.0,0.0,297.0,216.0,2708556,survey_fndds_food
"Burrito Bowl, Beef Or Pork, With Rice",General,181.0,11.9,14.2,8.0,0.2,0.0,276.0,128.0,2708557,survey_fndds_food
"Burrito Bowl, Beef Or Pork, With Beans",General,161.0,13.1,6.9,8.9,1.8,0.0,344.0,269.0,2708558,survey_fndds_food
"Burrito Bowl, Beef Or Pork, With Beans And Rice",General,171.0,12.5,10.6,8.5,1.0,0.0,310.0,199.0,2708559,survey_fndds_food
"Burrito Bowl, Chicken",General,161.0,21.0,0.3,8.1,0.0,0.0,301.0,211.0,2708560,survey_fndds_food
"Burrito Bowl, Chicken, With Rice",General,155.0,12.5,14.2,5.0,0.2,0.0,277.0,125.0,2708561,survey_fndds_food
"Burrito Bowl, Chicken, With Beans",General,135.0,13.6,6.9,5.9,1.8,0.0,345.0,267.0,2708562,survey_fndds_food
"Burrito Bowl, Chicken, With Beans And Rice",General,145.0,13.0,10.6,5.4,1.0,0.0,311.0,196.0,2708563,survey_fndds_food
"Burrito Bowl, With Beans",General,129.0,8.0,17.3,3.4,5.7,0.0,296.0,317.0,2708564,survey_fndds_food
"Enchilada, Nfs",General,178.0,10.0,14.6,9.0,2.3,0.0,459.0,190.0,2708565,survey_fndds_food
"Enchilada, Beef",General,191.0,9.8,14.6,10.5,2.3,0.0,458.0,192.0,2708566,survey_fndds_food
"Enchilada, Pork",General,192.0,9.5,14.6,10.7,2.3,0.0,456.0,191.0,2708567,survey_fndds_food
"Enchilada, Chicken",General,178.0,10.0,14.6,9.0,2.3,0.0,459.0,190.0,2708568,survey_fndds_food
"Enchilada, No Meat",General,165.0,6.4,17.3,8.2,3.1,0.0,474.0,204.0,2708569,survey_fndds_food
"Tamale, Nfs",General,174.0,7.4,15.8,9.0,2.4,0.0,473.0,152.0,2708570,survey_fndds_food
"Tamale, Beef",General,174.0,7.4,15.8,9.0,2.4,0.0,473.0,152.0,2708571,survey_fndds_food
"Tamale, Pork",General,174.0,7.4,15.8,9.0,2.4,0.0,473.0,152.0,2708572,survey_fndds_food
"Tamale, Chicken",General,174.0,7.4,15.8,9.0,2.4,0.0,473.0,152.0,2708573,survey_fndds_food
"Tamale, No Meat",General,186.0,3.5,26.7,7.2,3.2,0.0,277.0,186.0,2708574,survey_fndds_food
Tamale Casserole With Meat,General,174.0,7.4,15.8,9.0,2.4,0.0,473.0,152.0,2708575,survey_fndds_food
"Nachos, Nfs",General,265.0,7.6,23.8,15.8,1.7,0.0,488.0,112.0,2708576,survey_fndds_food
"Nachos, Cheese Only",General,266.0,4.5,27.8,15.7,2.0,0.0,547.0,79.0,2708577,survey_fndds_food
"Nachos, Beef Or Pork",General,265.0,10.7,19.9,16.0,1.4,0.0,429.0,145.0,2708578,survey_fndds_food
"Nachos, Beef Or Pork, With Beans",General,220.0,9.3,18.3,12.4,2.0,0.0,424.0,188.0,2708579,survey_fndds_food
"Nachos, Chicken",General,242.0,11.2,19.9,13.3,1.4,0.0,430.0,143.0,2708580,survey_fndds_food
"Nachos, Chicken, With Beans",General,203.0,9.6,18.3,10.5,2.0,0.0,425.0,186.0,2708581,survey_fndds_food
"Nachos, With Beans",General,210.0,4.6,23.3,11.4,2.5,0.0,434.0,155.0,2708582,survey_fndds_food
"Gordita, Cheese Only",General,324.0,10.6,22.4,21.6,1.7,0.0,490.0,102.0,2708583,survey_fndds_food
"Gordita, With Beans",General,207.0,5.8,20.2,11.8,2.9,0.0,365.0,214.0,2708584,survey_fndds_food
"Gordita, Meat",General,296.0,17.0,13.1,19.4,1.0,0.0,330.0,209.0,2708585,survey_fndds_food
"Gordita, Meat, With Beans",General,252.0,11.4,16.6,15.6,2.0,0.0,347.0,212.0,2708586,survey_fndds_food
"Chimichanga, Meat",General,324.0,12.1,25.8,18.8,1.8,0.0,413.0,150.0,2708587,survey_fndds_food
"Chimichanga, With Beans",General,260.0,7.4,26.8,13.8,4.4,0.0,409.0,222.0,2708588,survey_fndds_food
"Chimichanga, Chicken",General,304.0,12.5,25.8,16.4,1.8,0.0,414.0,147.0,2708589,survey_fndds_food
"Quesadilla, Nfs",General,316.0,13.4,28.6,16.2,2.0,0.0,676.0,107.0,2708590,survey_fndds_food
"Quesadilla, Cheese Only",General,316.0,13.4,28.6,16.2,2.0,0.0,676.0,107.0,2708591,survey_fndds_food
"Quesadilla, Beef Or Pork",General,305.0,14.1,27.3,15.1,1.9,0.0,600.0,155.0,2708592,survey_fndds_food
"Quesadilla, Chicken",General,287.0,14.4,27.3,13.0,1.9,0.0,601.0,153.0,2708593,survey_fndds_food
"Quesadilla, With Vegetables",General,253.0,8.1,29.2,11.3,2.2,0.0,524.0,128.0,2708594,survey_fndds_food
"Quesadilla, Beef Or Pork, With Vegetables",General,279.0,11.1,28.2,13.2,2.1,0.0,592.0,142.0,2708595,survey_fndds_food
"Quesadilla, Chicken, With Vegetables",General,270.0,11.3,28.2,12.1,2.1,0.0,592.0,141.0,2708596,survey_fndds_food
"Quesadilla, Egg",General,249.0,10.9,20.1,13.7,1.4,0.0,470.0,126.0,2708597,survey_fndds_food
"Quesadilla, Egg, With Meat",General,249.0,11.4,19.1,13.9,1.3,0.0,504.0,139.0,2708598,survey_fndds_food
"Taquito, Cheese Only",General,309.0,11.2,32.2,15.3,3.3,0.0,632.0,132.0,2708599,survey_fndds_food
"Taquito, Beef Or Pork",General,287.0,12.2,31.6,12.5,3.3,0.0,490.0,180.0,2708600,survey_fndds_food
"Taquito, Chicken",General,269.0,12.5,31.6,10.4,3.3,0.0,491.0,178.0,2708601,survey_fndds_food
"Taquito, Egg",General,281.0,9.9,29.2,13.6,2.0,0.0,555.0,137.0,2708602,survey_fndds_food
"Fajita, Nfs",General,219.0,11.7,18.0,11.0,1.5,0.0,455.0,190.0,2708603,survey_fndds_food
"Fajita, Chicken",General,206.0,11.3,18.0,9.8,1.5,0.0,451.0,188.0,2708604,survey_fndds_food
"Fajita, Beef Or Pork",General,231.0,12.1,18.0,12.2,1.5,0.0,459.0,193.0,2708605,survey_fndds_food
"Fajita, Shrimp",General,189.0,8.3,18.4,8.9,1.5,0.0,456.0,145.0,2708606,survey_fndds_food
"Fajita, Vegetable",General,166.0,3.2,20.4,7.8,2.0,0.0,343.0,160.0,2708607,survey_fndds_food
"Pupusa, Cheese Only",General,256.0,11.7,22.4,13.2,2.9,0.0,400.0,120.0,2708608,survey_fndds_food
"Pupusa, With Beans",General,229.0,5.6,31.5,9.0,5.8,0.0,305.0,305.0,2708609,survey_fndds_food
"Pupusa, Meat",General,232.0,11.5,23.0,10.4,2.6,0.0,426.0,255.0,2708610,survey_fndds_food
"Pupusa, Meat, With Beans",General,230.0,8.6,27.3,9.7,4.2,0.0,366.0,280.0,2708611,survey_fndds_food
"Pizza, Cheese, From Frozen",General,263.0,11.9,28.8,11.1,3.0,0.0,471.0,201.0,2708612,survey_fndds_food
"Pizza, Cheese, From Restaurant Or Fast Food",General,266.0,11.4,33.3,9.7,2.3,0.0,540.0,172.0,2708614,survey_fndds_food
"Pizza, Cheese, Stuffed Crust",General,274.0,12.2,30.0,11.6,1.7,0.0,615.0,229.0,2708618,survey_fndds_food
"Pizza, Cheese, From School Lunch",General,250.0,13.7,29.7,8.6,3.4,0.0,421.0,326.0,2708619,survey_fndds_food
"Pizza, Extra Cheese, Thin Crust",General,268.0,12.1,31.7,10.3,2.2,0.0,549.0,169.0,2708622,survey_fndds_food
"Pizza, Extra Cheese, Thick Crust",General,272.0,11.4,31.8,11.0,2.1,0.0,547.0,167.0,2708623,survey_fndds_food
"Pizza, Cheese, With Vegetables",General,240.0,9.2,26.5,10.8,2.1,0.0,393.0,154.0,2708624,survey_fndds_food
"Pizza, Cheese With Vegetables, From Frozen",General,253.0,9.8,27.7,11.5,2.1,0.0,418.0,153.0,2708625,survey_fndds_food
"Pizza With Cheese And Extra Vegetables, Thin Crust",General,208.0,8.7,26.0,7.8,2.1,0.0,441.0,180.0,2708629,survey_fndds_food
"Pizza With Cheese And Extra Vegetables, Medium Crust",General,221.0,9.3,27.6,8.2,2.1,0.0,463.0,178.0,2708630,survey_fndds_food
"Pizza With Cheese And Extra Vegetables, Thick Crust",General,240.0,9.5,29.4,9.5,2.1,0.0,490.0,174.0,2708631,survey_fndds_food
"Pizza, Cheese, With Fruit",General,230.0,9.5,30.0,8.1,2.1,0.0,447.0,164.0,2708632,survey_fndds_food
"Pizza With Pepperoni, From Frozen, Thin Crust",General,274.0,12.2,27.5,12.7,2.9,0.0,523.0,204.0,2708635,survey_fndds_food
"Pizza With Pepperoni, From Frozen, Medium Crust",General,275.0,11.5,27.8,13.1,2.5,0.0,504.0,180.0,2708636,survey_fndds_food
"Pizza With Pepperoni, From Frozen, Thick Crust",General,276.0,10.7,28.1,13.4,2.1,0.0,485.0,156.0,2708637,survey_fndds_food
"Pizza With Pepperoni, From Restaurant Or Fast Food, Ns As To Type Of Crust",General,282.0,11.7,32.0,11.9,2.3,0.0,620.0,195.0,2708638,survey_fndds_food
"Pizza With Pepperoni, From Restaurant Or Fast Food, Thin Crust",General,282.0,11.7,32.0,11.9,2.3,0.0,620.0,195.0,2708639,survey_fndds_food
"Pizza With Pepperoni, From Restaurant Or Fast Food, Medium Crust",General,282.0,11.7,32.0,11.9,2.3,0.0,620.0,195.0,2708640,survey_fndds_food
"Pizza With Pepperoni, From Restaurant Or Fast Food, Thick Crust",General,287.0,11.5,31.8,12.6,2.2,0.0,620.0,189.0,2708641,survey_fndds_food
"Pizza With Pepperoni, Stuffed Crust",General,296.0,12.9,27.2,15.0,1.5,0.0,709.0,233.0,2708642,survey_fndds_food
"Pizza With Pepperoni, From School Lunch, Thin Crust",General,254.0,12.8,31.2,8.6,4.3,0.0,495.0,382.0,2708643,survey_fndds_food
"Pizza, With Pepperoni, From School Lunch",General,256.0,13.6,29.8,9.2,4.3,0.0,484.0,345.0,2708644,survey_fndds_food
"Pizza With Pepperoni, From School Lunch, Thick Crust",General,259.0,14.4,28.3,9.8,4.3,0.0,474.0,308.0,2708645,survey_fndds_food
"Pizza With Meat Other Than Pepperoni, From Frozen, Thin Crust",General,267.0,12.3,27.0,12.1,2.8,0.0,491.0,208.0,2708646,survey_fndds_food
"Pizza With Meat Other Than Pepperoni, From Frozen, Medium Crust",General,269.0,11.6,27.3,12.5,2.4,0.0,477.0,184.0,2708647,survey_fndds_food
"Pizza With Meat Other Than Pepperoni, From Frozen, Thick Crust",General,270.0,10.8,27.7,13.0,2.1,0.0,463.0,160.0,2708648,survey_fndds_food
"Pizza With Meat Other Than Pepperoni, From Restaurant Or Fast Food, Ns As To Type Of Crust",General,280.0,11.5,30.6,12.4,2.3,0.0,570.0,197.0,2708649,survey_fndds_food
"Pizza With Meat Other Than Pepperoni, From Restaurant Or Fast Food, Thin Crust",General,280.0,11.5,30.6,12.4,2.3,0.0,570.0,197.0,2708650,survey_fndds_food
"Pizza With Meat Other Than Pepperoni, From Restaurant Or Fast Food, Medium Crust",General,280.0,11.5,30.6,12.4,2.3,0.0,570.0,197.0,2708651,survey_fndds_food
"Pizza With Meat Other Than Pepperoni, From Restaurant Or Fast Food, Thick Crust",General,282.0,11.1,30.4,12.9,2.3,0.0,570.0,190.0,2708652,survey_fndds_food
"Pizza, With Meat Other Than Pepperoni, Stuffed Crust",General,278.0,12.8,27.3,13.0,1.5,0.0,630.0,237.0,2708653,survey_fndds_food
"Pizza, With Meat Other Than Pepperoni, From School Lunch",General,254.0,12.9,31.4,8.4,4.0,0.0,445.0,334.0,2708654,survey_fndds_food
"Pizza With Extra Meat, Thin Crust",General,277.0,14.7,24.2,13.4,1.7,0.0,582.0,213.0,2708657,survey_fndds_food
"Pizza With Extra Meat, Medium Crust",General,274.0,13.8,26.6,12.4,1.8,0.0,571.0,202.0,2708658,survey_fndds_food
"Pizza With Extra Meat, Thick Crust",General,278.0,13.3,26.6,13.0,1.8,0.0,571.0,199.0,2708659,survey_fndds_food
"Pizza With Meat And Vegetables, From Frozen, Thin Crust",General,276.0,11.3,25.1,14.4,2.2,0.0,555.0,209.0,2708660,survey_fndds_food
"Pizza With Meat And Vegetables, From Frozen, Medium Crust",General,276.0,11.3,25.1,14.4,2.2,0.0,555.0,209.0,2708661,survey_fndds_food
"Pizza With Meat And Vegetables, From Frozen, Thick Crust",General,276.0,11.3,25.1,14.4,2.2,0.0,555.0,209.0,2708662,survey_fndds_food
"Pizza With Meat And Vegetables, From Restaurant Or Fast Food, Thin Crust",General,241.0,11.6,26.6,9.9,1.9,0.0,464.0,193.0,2708663,survey_fndds_food
"Pizza With Meat And Vegetables, From Restaurant Or Fast Food, Medium Crust",General,248.0,11.5,28.4,9.8,2.0,0.0,484.0,188.0,2708664,survey_fndds_food
"Pizza With Meat And Vegetables, From Restaurant Or Fast Food, Thick Crust",General,259.0,10.9,30.1,10.5,2.0,0.0,505.0,179.0,2708665,survey_fndds_food
"Pizza With Extra Meat And Extra Vegetables, Thin Crust",General,222.0,11.4,23.7,9.2,1.9,0.0,452.0,201.0,2708666,survey_fndds_food
"Pizza With Extra Meat And Extra Vegetables, Thick Crust",General,239.0,11.0,26.4,10.0,1.9,0.0,478.0,190.0,2708667,survey_fndds_food
"Pizza With Extra Meat And Extra Vegetables, Medium Crust",General,233.0,11.4,26.0,9.3,2.0,0.0,473.0,194.0,2708668,survey_fndds_food
"Pizza With Meat And Fruit, Thin Crust",General,227.0,10.9,27.0,8.3,1.8,0.0,565.0,182.0,2708669,survey_fndds_food
"Pizza With Meat And Fruit, Medium Crust",General,234.0,11.0,28.2,8.6,1.9,0.0,560.0,180.0,2708670,survey_fndds_food
"Pizza With Meat And Fruit, Thick Crust",General,245.0,10.6,29.1,9.5,1.9,0.0,556.0,176.0,2708671,survey_fndds_food
"Pizza With Beans And Vegetables, Thin Crust",General,203.0,9.3,26.9,6.6,3.2,0.0,401.0,221.0,2708672,survey_fndds_food
"Pizza With Beans And Vegetables, Thick Crust",General,225.0,9.5,28.6,8.2,2.8,0.0,441.0,204.0,2708673,survey_fndds_food
"Pizza, No Cheese, Thin Crust",General,276.0,7.5,31.0,13.7,1.8,0.0,551.0,195.0,2708674,survey_fndds_food
"Pizza, No Cheese, Thick Crust",General,293.0,7.6,38.3,12.3,1.9,0.0,514.0,171.0,2708675,survey_fndds_food
"White Pizza, Cheese, Thin Crust",General,285.0,12.4,27.6,13.7,1.1,0.0,521.0,135.0,2708676,survey_fndds_food
"White Pizza, Cheese, Thick Crust",General,280.0,11.8,31.8,11.4,1.3,0.0,541.0,133.0,2708677,survey_fndds_food
"White Pizza, Cheese, With Vegetables",General,241.0,10.1,23.6,11.7,1.2,0.0,466.0,131.0,2708678,survey_fndds_food
"White Pizza, Cheese, With Meat",General,304.0,13.6,22.8,17.4,0.9,0.0,622.0,165.0,2708680,survey_fndds_food
"White Pizza, Cheese, With Meat And Vegetables",General,272.0,12.1,21.1,15.3,1.0,0.0,548.0,165.0,2708682,survey_fndds_food
"Calzone, With Cheese, Meatless",General,389.0,17.6,29.5,22.5,1.3,0.0,672.0,135.0,2708684,survey_fndds_food
"Calzone, With Meat And Cheese",General,343.0,14.8,31.3,17.7,1.4,0.0,434.0,169.0,2708685,survey_fndds_food
Pizza Rolls,General,345.0,9.2,53.4,10.5,1.3,0.0,631.0,317.0,2708686,survey_fndds_food
"Pizza, Cheese, Whole Wheat Thin Crust",General,267.0,11.8,28.6,12.4,3.5,0.0,543.0,202.0,2708687,survey_fndds_food
"Pizza, Cheese, Whole Wheat Thick Crust",General,265.0,11.4,33.0,10.4,3.9,0.0,548.0,203.0,2708688,survey_fndds_food
"Pizza, With Meat, Whole Wheat Thin Crust",General,289.0,13.0,23.6,16.4,2.9,0.0,641.0,220.0,2708689,survey_fndds_food
"Pizza, With Meat, Whole Wheat Thick Crust",General,284.0,12.5,28.1,14.0,3.3,0.0,628.0,218.0,2708690,survey_fndds_food
"Pizza, Cheese And Vegetables, Whole Wheat Thin Crust",General,226.0,9.6,24.4,10.6,3.1,0.0,483.0,184.0,2708691,survey_fndds_food
"Pizza, Cheese And Vegetables, Whole Wheat Thick Crust",General,231.0,9.7,28.7,9.3,3.5,0.0,498.0,188.0,2708692,survey_fndds_food
"Pizza, Cheese, Gluten-Free Thin Crust",General,264.0,8.7,26.5,13.6,2.5,0.0,485.0,120.0,2708693,survey_fndds_food
"Pizza, Cheese, Gluten-Free Thick Crust",General,261.0,7.8,30.5,11.9,2.9,0.0,477.0,111.0,2708694,survey_fndds_food
"Pizza, With Meat, Gluten-Free Thin Crust",General,287.0,10.6,21.9,17.4,2.1,0.0,594.0,154.0,2708695,survey_fndds_food
"Pizza, With Meat, Gluten-Free Thick Crust",General,280.0,9.5,26.1,15.2,2.5,0.0,568.0,140.0,2708696,survey_fndds_food
"Pizza, Cheese And Vegetables, Gluten-Free Thin Crust",General,223.0,7.2,22.7,11.6,2.3,0.0,437.0,119.0,2708697,survey_fndds_food
"Pizza, Cheese And Vegetables, Gluten-Free Thick Crust",General,228.0,6.7,26.7,10.5,2.7,0.0,439.0,111.0,2708698,survey_fndds_food
Breakfast Pizza With Egg,General,292.0,14.0,25.6,14.5,1.1,0.0,594.0,132.0,2708699,survey_fndds_food
"Egg Roll, Meatless",General,270.0,5.6,30.0,14.1,2.3,0.0,463.0,210.0,2708700,survey_fndds_food
"Egg Roll, With Shrimp",General,258.0,6.7,27.1,13.6,2.0,0.0,440.0,202.0,2708701,survey_fndds_food
"Egg Roll, With Beef And/Or Pork",General,272.0,7.6,27.0,14.7,2.0,0.0,447.0,221.0,2708702,survey_fndds_food
"Egg Roll, With Chicken Or Turkey",General,266.0,7.6,27.0,14.1,2.0,0.0,449.0,215.0,2708703,survey_fndds_food
"Roll With Meat And/Or Shrimp, Vegetables And Rice Paper, Not Fried",General,112.0,5.6,17.2,2.6,1.9,0.0,395.0,208.0,2708704,survey_fndds_food
"Wonton, Dumpling Or Pot Sticker, Fried",General,192.0,8.8,14.0,11.1,1.5,0.0,467.0,301.0,2708705,survey_fndds_food
"Puffs, Fried, Crab Meat And Cream Cheese Filled",General,314.0,9.4,35.1,15.1,1.2,0.0,840.0,145.0,2708707,survey_fndds_food
"Wonton, Dumpling Or Pot Sticker, Steamed",General,113.0,6.9,11.1,4.6,1.2,0.0,368.0,237.0,2708708,survey_fndds_food
"Empanada, Nfs",General,291.0,7.2,29.9,16.0,2.0,0.0,446.0,176.0,2708709,survey_fndds_food
"Empanada, No Meat",General,265.0,5.8,31.5,13.2,3.4,0.0,399.0,197.0,2708710,survey_fndds_food
"Empanada, Beef",General,333.0,12.1,27.4,19.2,1.6,0.0,459.0,187.0,2708711,survey_fndds_food
"Empanada, Beef, With Vegetables",General,291.0,7.2,29.9,16.0,2.0,0.0,446.0,176.0,2708712,survey_fndds_food
"Empanada, Chicken",General,309.0,12.6,27.4,16.5,1.6,0.0,460.0,185.0,2708713,survey_fndds_food
"Empanada, Chicken, With Vegetables",General,283.0,7.4,29.9,15.1,2.0,0.0,446.0,175.0,2708714,survey_fndds_food
"Cornmeal Stick, Puerto Rican Style",General,415.0,6.9,48.4,21.0,2.4,0.0,414.0,100.0,2708715,survey_fndds_food
"Kibby, Puerto Rican Style",General,168.0,8.8,18.0,7.2,3.1,0.0,558.0,206.0,2708716,survey_fndds_food
Bacalaitos Fritos,General,281.0,14.4,36.1,8.6,1.2,0.0,233.0,208.0,2708717,survey_fndds_food
"Hayacas, Puerto Rican Style",General,157.0,5.8,9.4,10.8,1.1,0.0,176.0,174.0,2708718,survey_fndds_food
"Crepe, With Meat",General,173.0,12.9,7.7,10.1,0.3,0.0,384.0,159.0,2708719,survey_fndds_food
Pierogi,General,195.0,5.3,29.6,6.1,0.9,0.0,474.0,107.0,2708720,survey_fndds_food
"Gnocchi, Cheese",General,178.0,8.5,9.4,12.0,0.2,0.0,263.0,83.0,2708721,survey_fndds_food
"Gnocchi, Potato",General,135.0,2.4,17.2,6.3,1.0,0.0,279.0,139.0,2708722,survey_fndds_food
Knish,General,345.0,10.5,31.9,19.7,1.1,0.0,445.0,124.0,2708723,survey_fndds_food
Bao Bun,General,273.0,11.2,39.8,7.6,1.2,0.0,354.0,162.0,2708724,survey_fndds_food
"Bao Bun, No Meat",General,268.0,6.7,54.3,2.9,3.4,0.0,268.0,174.0,2708725,survey_fndds_food
"Pastry, Cheese-Filled",General,274.0,9.9,15.4,19.2,0.4,0.0,531.0,115.0,2708726,survey_fndds_food
"Pastry, Egg And Cheese Filled",General,349.0,8.4,43.8,15.7,1.6,0.0,216.0,123.0,2708727,survey_fndds_food
"Pastry, Meat / Poultry-Filled",General,341.0,11.5,30.9,19.2,1.1,0.0,398.0,190.0,2708728,survey_fndds_food
Spanakopita,General,212.0,8.3,10.4,15.2,1.0,0.0,392.0,264.0,2708729,survey_fndds_food
Samosa,General,310.0,5.1,33.2,17.5,1.8,0.0,388.0,166.0,2708730,survey_fndds_food
"Quiche With Meat, Poultry Or Fish",General,387.0,15.5,12.1,30.6,0.7,0.0,570.0,178.0,2708731,survey_fndds_food
"Spinach Quiche, Meatless",General,299.0,10.3,11.7,23.5,1.0,0.0,317.0,216.0,2708732,survey_fndds_food
"Cheese Quiche, Meatless",General,365.0,11.9,13.7,29.2,0.8,0.0,361.0,117.0,2708733,survey_fndds_food
"Turnover Or Hot Pocket, Nfs",General,260.0,10.3,27.9,11.9,1.6,0.0,536.0,157.0,2708734,survey_fndds_food
"Turnover Or Hot Pocket, Meatless",General,198.0,5.1,27.0,7.8,1.6,0.0,504.0,126.0,2708735,survey_fndds_food
"Turnover Or Hot Pocket, Beef",General,233.0,10.4,24.5,10.2,1.3,0.0,455.0,156.0,2708736,survey_fndds_food
"Turnover Or Hot Pocket, Ham",General,256.0,9.3,27.8,11.8,1.5,0.0,562.0,160.0,2708737,survey_fndds_food
"Turnover Or Hot Pocket, Pizza Pocket, Meat",General,260.0,10.3,27.9,11.9,1.6,0.0,536.0,157.0,2708738,survey_fndds_food
"Turnover Or Hot Pocket, Pizza Pocket",General,244.0,9.7,29.7,9.6,1.7,0.0,466.0,149.0,2708739,survey_fndds_food
"Turnover Or Hot Pocket, Chicken",General,215.0,10.7,24.5,8.2,1.3,0.0,456.0,154.0,2708740,survey_fndds_food
"Turnover, Seafood",General,207.0,9.4,24.6,7.9,1.3,0.0,382.0,161.0,2708741,survey_fndds_food
Turnover Or Lean Pocket,General,208.0,10.6,24.4,7.5,1.4,0.0,378.0,168.0,2708742,survey_fndds_food
"Turnover Or Breakfast Pocket, Egg",General,265.0,10.0,30.9,11.3,1.5,0.0,483.0,128.0,2708743,survey_fndds_food
Biscuit With Gravy,General,224.0,6.2,17.0,14.7,0.8,0.0,451.0,152.0,2708744,survey_fndds_food
Chicken Cornbread,General,167.0,13.8,9.4,8.2,0.4,0.0,458.0,152.0,2708745,survey_fndds_food
Cornmeal Dressing With Chicken Or Turkey And Vegetables,General,237.0,7.6,19.3,14.4,1.2,0.0,561.0,147.0,2708746,survey_fndds_food
Dressing With Oysters,General,189.0,5.0,18.4,10.8,1.2,0.0,503.0,136.0,2708747,survey_fndds_food
Dressing With Chicken Or Turkey And Vegetables,General,217.0,8.2,21.0,11.2,1.4,0.0,509.0,128.0,2708748,survey_fndds_food
Dressing With Meat And Vegetables,General,243.0,7.9,20.4,14.6,1.3,0.0,635.0,158.0,2708749,survey_fndds_food
Lasagna With Meat,General,139.0,7.4,16.2,5.0,1.6,0.0,390.0,207.0,2708750,survey_fndds_food
"Lasagna With Meat, Canned",General,97.0,3.2,13.3,3.4,1.5,0.0,283.0,178.0,2708751,survey_fndds_food
"Lasagna With Meat, From Restaurant",General,185.0,10.8,11.4,10.7,1.5,0.0,466.0,255.0,2708752,survey_fndds_food
"Lasagna With Meat, Home Recipe",General,206.0,13.6,13.1,10.9,1.1,0.0,416.0,168.0,2708753,survey_fndds_food
"Lasagna With Meat, Frozen",General,124.0,6.6,14.4,4.4,1.4,0.0,347.0,184.0,2708754,survey_fndds_food
Lasagna With Meat And Spinach,General,207.0,13.3,13.8,10.8,1.1,0.0,412.0,209.0,2708755,survey_fndds_food
Lasagna With Chicken Or Turkey,General,205.0,13.7,14.0,10.4,1.0,0.0,387.0,198.0,2708756,survey_fndds_food
"Lasagna, With Chicken Or Turkey, And Spinach",General,201.0,13.5,13.8,10.1,1.1,0.0,381.0,208.0,2708757,survey_fndds_food
"Lasagna, Meatless",General,130.0,6.5,13.8,5.3,1.7,0.0,284.0,182.0,2708758,survey_fndds_food
"Lasagna, Meatless, With Vegetables",General,188.0,11.2,14.5,9.4,1.2,0.0,384.0,206.0,2708759,survey_fndds_food
"Ravioli, Ns As To Filling, No Sauce",General,185.0,10.3,19.9,7.0,0.7,0.0,284.0,142.0,2708760,survey_fndds_food
"Ravioli, Ns As To Filling, With Tomato Sauce",General,138.0,6.9,14.6,5.9,0.9,0.0,393.0,176.0,2708761,survey_fndds_food
"Ravioli, Ns As To Filling, With Cream Sauce",General,169.0,8.1,15.2,8.4,0.5,0.0,234.0,147.0,2708762,survey_fndds_food
"Ravioli, Meat-Filled, No Sauce",General,190.0,12.6,17.7,7.4,0.6,0.0,770.0,148.0,2708763,survey_fndds_food
"Ravioli, Meat-Filled, With Tomato Sauce Or Meat Sauce",General,148.0,8.7,14.5,6.2,1.0,0.0,593.0,217.0,2708764,survey_fndds_food
"Ravioli, Meat-Filled, With Cream Sauce",General,176.0,10.2,13.7,8.8,0.4,0.0,576.0,155.0,2708766,survey_fndds_food
"Ravioli, Cheese-Filled, No Sauce",General,173.0,7.4,21.7,6.2,0.7,0.0,646.0,129.0,2708767,survey_fndds_food
"Ravioli, Cheese-Filled, With Tomato Sauce",General,98.0,4.0,15.2,2.3,1.2,0.0,246.0,205.0,2708768,survey_fndds_food
"Ravioli, Cheese-Filled, With Meat Sauce",General,137.0,6.4,14.3,6.1,0.8,0.0,598.0,176.0,2708770,survey_fndds_food
"Ravioli, Cheese-Filled, With Cream Sauce",General,160.0,6.1,16.2,7.9,0.5,0.0,475.0,138.0,2708771,survey_fndds_food
"Ravioli, Cheese And Spinach-Filled, No Sauce",General,150.0,6.6,20.8,4.5,1.0,0.0,528.0,185.0,2708772,survey_fndds_food
"Ravioli, Cheese And Spinach-Filled, With Cream Sauce",General,145.0,5.6,15.7,6.7,0.7,0.0,398.0,176.0,2708773,survey_fndds_food
"Ravioli, Cheese And Spinach Filled, With Tomato Sauce",General,117.0,5.2,16.8,3.4,1.2,0.0,535.0,229.0,2708774,survey_fndds_food
"Manicotti, Cheese-Filled, No Sauce",General,207.0,10.4,20.4,9.3,0.6,0.0,443.0,156.0,2708775,survey_fndds_food
"Manicotti, Cheese-Filled, With Tomato Sauce",General,153.0,7.6,16.2,6.6,0.9,0.0,436.0,193.0,2708776,survey_fndds_food
"Manicotti, Cheese-Filled, With Meat Sauce",General,160.0,8.8,15.1,7.3,0.8,0.0,432.0,200.0,2708777,survey_fndds_food
"Manicotti, Vegetable- And Cheese-Filled, With Tomato Sauce",General,135.0,6.4,15.9,5.2,1.0,0.0,394.0,223.0,2708778,survey_fndds_food
"Stuffed Shells, Cheese-Filled, No Sauce",General,205.0,9.9,22.2,8.5,0.7,0.0,428.0,151.0,2708779,survey_fndds_food
"Stuffed Shells, Cheese-Filled, With Tomato Sauce",General,146.0,7.0,16.9,5.8,0.9,0.0,422.0,192.0,2708780,survey_fndds_food
"Stuffed Shells, Cheese-Filled, With Meat Sauce",General,158.0,8.5,16.6,6.5,1.0,0.0,300.0,238.0,2708781,survey_fndds_food
"Stuffed Shells, Cheese- And Spinach- Filled, No Sauce",General,187.0,9.6,22.4,6.6,1.0,0.0,439.0,209.0,2708782,survey_fndds_food
"Stuffed Shells, With Chicken, With Tomato Sauce",General,136.0,10.8,16.3,3.4,1.1,0.0,277.0,251.0,2708783,survey_fndds_food
"Stuffed Shells, With Fish And/Or Shellfish, With Tomato Sauce",General,116.0,8.8,16.1,1.9,1.1,0.0,330.0,222.0,2708784,survey_fndds_food
"Tortellini, Meat-Filled, With Tomato Sauce",General,134.0,6.6,15.8,4.9,1.0,0.0,618.0,124.0,2708785,survey_fndds_food
"Tortellini, Cheese-Filled, Meatless",General,149.0,6.2,23.0,3.6,1.6,0.0,279.0,160.0,2708787,survey_fndds_food
"Tortellini, Meat-Filled, No Sauce",General,190.0,12.3,18.0,7.5,0.6,0.0,434.0,131.0,2708790,survey_fndds_food
"Tortellini, Cheese-Filled, With Cream Sauce",General,153.0,5.8,16.7,7.0,0.5,0.0,576.0,132.0,2708791,survey_fndds_food
"Tortellini, Cheese-Filled, No Sauce",General,236.0,10.4,36.2,5.6,1.5,0.0,156.0,21.0,2708792,survey_fndds_food
"Tortellini, Spinach-Filled, With Tomato Sauce",General,121.0,4.5,16.1,4.4,1.2,0.0,596.0,145.0,2708793,survey_fndds_food
"Tortellini, Spinach-Filled, No Sauce",General,188.0,8.9,21.4,7.4,0.9,0.0,201.0,134.0,2708794,survey_fndds_food
"Cannelloni, Cheese- And Spinach-Filled, No Sauce",General,157.0,6.3,18.4,6.5,1.1,0.0,618.0,225.0,2708795,survey_fndds_food
Chow Fun Noodles With Meat And Vegetables,General,102.0,7.1,11.5,2.7,0.9,0.0,162.0,145.0,2708796,survey_fndds_food
"Chow Fun Noodles With Vegetables, Meatless",General,74.0,1.6,14.5,1.0,1.1,0.0,189.0,73.0,2708797,survey_fndds_food
"Lo Mein, Nfs",General,121.0,4.8,20.2,2.4,1.3,0.0,430.0,105.0,2708798,survey_fndds_food
"Lo Mein, Meatless",General,121.0,4.8,20.2,2.4,1.3,0.0,430.0,105.0,2708799,survey_fndds_food
"Lo Mein, With Shrimp",General,121.0,8.6,16.2,2.2,1.0,0.0,363.0,119.0,2708800,survey_fndds_food
"Lo Mein, With Pork",General,138.0,9.5,16.2,3.8,1.0,0.0,357.0,168.0,2708801,survey_fndds_food
"Lo Mein, With Beef",General,129.0,9.7,16.2,2.8,1.0,0.0,358.0,160.0,2708802,survey_fndds_food
"Lo Mein, With Chicken",General,130.0,9.2,16.2,3.2,1.0,0.0,413.0,140.0,2708803,survey_fndds_food
"Pad Thai, Nfs",General,154.0,8.1,14.4,7.5,1.2,0.0,384.0,152.0,2708804,survey_fndds_food
"Pad Thai, Meatless",General,165.0,5.8,16.3,9.2,1.8,0.0,344.0,126.0,2708805,survey_fndds_food
Pad Thai With Chicken,General,154.0,8.1,14.4,7.5,1.2,0.0,384.0,152.0,2708806,survey_fndds_food
Pad Thai With Seafood,General,147.0,6.8,15.0,6.8,1.2,0.0,349.0,130.0,2708807,survey_fndds_food
Pad Thai With Meat,General,160.0,8.2,14.7,7.9,1.2,0.0,337.0,144.0,2708808,survey_fndds_food
"Adobo, With Noodles",General,172.0,16.9,8.1,7.7,0.4,0.0,510.0,200.0,2708809,survey_fndds_food
"Macaroni With Tuna, Puerto Rican Style",General,147.0,7.7,18.1,4.7,0.9,0.0,359.0,124.0,2708810,survey_fndds_food
Macaroni Or Noodles With Cheese,General,223.0,8.7,23.1,10.5,1.2,0.0,358.0,103.0,2708811,survey_fndds_food
"Macaroni Or Noodles With Cheese, From Restaurant",General,151.0,5.4,18.8,6.1,1.1,0.0,361.0,135.0,2708812,survey_fndds_food
"Macaroni Or Noodles With Cheese, Made From Packaged Mix",General,179.0,4.6,22.2,8.0,1.0,0.0,161.0,49.0,2708813,survey_fndds_food
"Macaroni Or Noodles With Cheese, Canned",General,82.0,3.4,11.5,2.5,0.5,0.0,302.0,84.0,2708814,survey_fndds_food
"Macaroni Or Noodles With Cheese, Easy Mac Type",General,110.0,3.3,20.1,1.9,0.5,0.0,259.0,99.0,2708815,survey_fndds_food
"Macaroni Or Noodles With Cheese, Made From Reduced Fat Packaged Mix",General,131.0,4.6,17.3,4.8,0.6,0.0,172.0,36.0,2708816,survey_fndds_food
Macaroni Or Noodles With Cheese And Tuna,General,164.0,7.6,18.2,6.8,0.8,0.0,176.0,75.0,2708817,survey_fndds_food
Macaroni Or Noodles With Cheese And Meat,General,210.0,11.8,15.1,11.2,0.7,0.0,238.0,135.0,2708818,survey_fndds_food
"Macaroni Or Noodles With Cheese And Meat, Prepared From Hamburger Helper Mix",General,144.0,8.2,10.3,7.6,0.3,0.0,284.0,129.0,2708819,survey_fndds_food
Macaroni Or Noodles With Cheese And Tomato,General,148.0,3.9,18.7,6.5,1.1,0.0,131.0,90.0,2708820,survey_fndds_food
Macaroni Or Noodles With Cheese And Frankfurters Or Hot Dogs,General,209.0,6.2,18.7,12.2,0.8,0.0,299.0,106.0,2708821,survey_fndds_food
Macaroni Or Noodles With Cheese And Egg,General,185.0,5.9,19.0,9.5,0.8,0.0,176.0,62.0,2708822,survey_fndds_food
Macaroni Or Noodles With Cheese And Chicken Or Turkey,General,178.0,12.5,14.8,7.6,0.7,0.0,229.0,131.0,2708823,survey_fndds_food
"Macaroni Or Noodles With Cheese, Whole Grain",General,219.0,8.8,22.7,10.9,2.2,0.0,360.0,128.0,2708824,survey_fndds_food
"Pasta With Tomato-Based Sauce, Cheese And Meat",General,147.0,7.6,13.3,7.1,0.8,0.0,325.0,184.0,2708825,survey_fndds_food
Pasta With Tomato-Based Sauce And Cheese,General,119.0,3.7,15.0,4.8,1.7,0.0,403.0,212.0,2708826,survey_fndds_food
"Pasta With Vegetables, No Sauce Or Dressing",General,144.0,4.5,23.1,3.5,2.3,0.0,148.0,102.0,2708827,survey_fndds_food
"Pasta With Sauce, Nfs",General,125.0,5.9,19.2,2.6,1.6,0.0,199.0,175.0,2708828,survey_fndds_food
"Pasta With Sauce, Meatless, School Lunch",General,102.0,3.8,19.4,1.6,2.9,0.0,88.0,203.0,2708829,survey_fndds_food
"Pasta With Tomato-Based Sauce, Restaurant",General,160.0,3.4,18.4,8.0,1.7,0.0,387.0,163.0,2708830,survey_fndds_food
"Pasta With Tomato-Based Sauce, Home Recipe",General,106.0,3.7,19.9,1.2,1.8,0.0,202.0,176.0,2708831,survey_fndds_food
"Pasta With Tomato-Based Sauce, Ready-To-Heat",General,120.0,3.6,19.4,3.0,1.8,0.0,338.0,173.0,2708832,survey_fndds_food
"Pasta With Tomato-Based Sauce, And Added Vegetables, Restaurant",General,158.0,3.5,18.1,7.8,1.6,0.0,343.0,162.0,2708833,survey_fndds_food
"Pasta With Tomato-Based Sauce, And Added Vegetables, Home Recipe",General,104.0,3.7,19.6,1.1,1.8,0.0,155.0,175.0,2708834,survey_fndds_food
"Pasta With Tomato-Based Sauce, And Added Vegetables, Ready-To-Heat",General,118.0,3.7,19.2,2.8,1.7,0.0,292.0,171.0,2708835,survey_fndds_food
"Pasta With Sauce And Meat, From School Lunch",General,117.0,6.0,17.5,3.1,2.6,0.0,117.0,213.0,2708836,survey_fndds_food
"Pasta With Tomato-Based Sauce And Meat, Restaurant",General,178.0,5.4,17.7,9.2,1.5,0.0,383.0,162.0,2708837,survey_fndds_food
"Pasta With Tomato-Based Sauce And Meat, Home Recipe",General,125.0,5.9,19.2,2.6,1.6,0.0,199.0,175.0,2708838,survey_fndds_food
"Pasta With Tomato-Based Sauce And Meat, Ready-To-Heat",General,139.0,5.7,18.7,4.3,1.6,0.0,335.0,171.0,2708839,survey_fndds_food
"Pasta With Tomato-Based Sauce, Meat, And Added Vegetables",General,176.0,5.5,17.5,9.2,1.5,0.0,348.0,161.0,2708840,survey_fndds_food
"Pasta With Tomato-Based Sauce And Poultry, Restaurant",General,171.0,5.6,17.7,8.5,1.5,0.0,382.0,161.0,2708843,survey_fndds_food
"Pasta With Tomato-Based Sauce And Poultry, Home Recipe",General,118.0,6.0,19.2,1.7,1.6,0.0,198.0,174.0,2708844,survey_fndds_food
"Pasta With Tomato-Based Sauce And Poultry, Ready-To-Heat",General,132.0,5.9,18.7,3.5,1.6,0.0,334.0,170.0,2708845,survey_fndds_food
"Pasta With Tomato-Based Sauce, Poultry, And Added Vegetables",General,169.0,5.6,17.5,8.4,1.5,0.0,347.0,160.0,2708846,survey_fndds_food
"Pasta With Tomato-Based Sauce And Seafood, Restaurant",General,166.0,5.2,18.0,8.0,1.5,0.0,393.0,166.0,2708849,survey_fndds_food
"Pasta With Tomato-Based Sauce And Seafood, Home Recipe",General,113.0,5.6,19.4,1.2,1.6,0.0,209.0,180.0,2708850,survey_fndds_food
"Pasta With Tomato-Based Sauce And Seafood, Ready-To-Heat",General,127.0,5.4,19.0,3.0,1.6,0.0,344.0,176.0,2708851,survey_fndds_food
"Pasta With Tomato-Based Sauce, Seafood, And Added Vegetables",General,164.0,5.2,17.8,7.9,1.5,0.0,357.0,165.0,2708852,survey_fndds_food
"Pasta With Cream Sauce, Restaurant",General,204.0,3.7,15.6,14.0,0.9,0.0,577.0,39.0,2708855,survey_fndds_food
"Pasta With Cream Sauce, Home Recipe",General,154.0,4.0,16.8,7.7,0.9,0.0,266.0,42.0,2708856,survey_fndds_food
"Pasta With Cream Sauce, Ready-To-Heat",General,167.0,3.9,16.5,9.4,0.9,0.0,401.0,41.0,2708857,survey_fndds_food
"Pasta With Cream Sauce And Added Vegetables, Restaurant",General,191.0,3.7,16.0,12.4,1.0,0.0,519.0,67.0,2708858,survey_fndds_food
"Pasta With Cream Sauce And Added Vegetables, From Home Recipe",General,141.0,4.0,17.3,6.0,1.1,0.0,204.0,72.0,2708859,survey_fndds_food
"Pasta With Cream Sauce And Added Vegetables, Ready-To-Heat",General,154.0,3.9,16.9,7.7,1.1,0.0,340.0,71.0,2708860,survey_fndds_food
"Pasta With Cream Sauce And Meat, Restaurant",General,213.0,5.7,15.4,14.1,0.9,0.0,562.0,60.0,2708861,survey_fndds_food
"Pasta With Cream Sauce And Meat, Home Recipe",General,164.0,6.1,16.7,7.9,0.9,0.0,251.0,65.0,2708862,survey_fndds_food
"Pasta With Cream Sauce And Meat, Ready-To-Heat",General,177.0,6.0,16.3,9.5,0.9,0.0,386.0,64.0,2708863,survey_fndds_food
"Pasta With Cream Sauce, Meat, And Added Vegetables",General,203.0,5.6,15.7,12.8,1.0,0.0,516.0,83.0,2708864,survey_fndds_food
"Pasta With Cream Sauce And Poultry, Restaurant",General,206.0,5.8,15.4,13.3,0.9,0.0,561.0,60.0,2708867,survey_fndds_food
"Pasta With Cream Sauce And Poultry, Home Recipe",General,157.0,6.3,16.7,7.0,0.9,0.0,250.0,65.0,2708868,survey_fndds_food
"Pasta With Cream Sauce And Poultry, Ready-To-Heat",General,170.0,6.2,16.3,8.7,0.9,0.0,385.0,63.0,2708869,survey_fndds_food
"Pasta With Cream Sauce, Poultry, And Added Vegetables",General,196.0,5.8,15.7,12.1,1.0,0.0,515.0,82.0,2708870,survey_fndds_food
"Pasta With Cream Sauce And Seafood, Restaurant",General,202.0,5.4,15.7,12.8,0.9,0.0,572.0,65.0,2708873,survey_fndds_food
"Pasta With Cream Sauce And Seafood, Home Recipe",General,152.0,5.9,17.0,6.5,0.9,0.0,261.0,70.0,2708874,survey_fndds_food
"Pasta With Cream Sauce And Seafood, Ready-To-Heat",General,165.0,5.7,16.6,8.2,0.9,0.0,395.0,69.0,2708875,survey_fndds_food
"Pasta With Cream Sauce, Seafood, And Added Vegetables",General,191.0,5.4,16.0,11.6,1.0,0.0,525.0,88.0,2708876,survey_fndds_food
"Pasta, Whole Grain, With Tomato-Based Sauce",General,156.0,3.5,18.0,8.3,2.7,0.0,388.0,188.0,2708879,survey_fndds_food
"Pasta, Whole Grain, With Tomato-Based Sauce And Added Vegetables",General,154.0,3.6,17.8,8.2,2.6,0.0,344.0,187.0,2708882,survey_fndds_food
"Pasta, Whole Grain, With Tomato-Based Sauce And Meat",General,174.0,5.5,17.4,9.6,2.5,0.0,385.0,187.0,2708885,survey_fndds_food
"Pasta, Whole Grain, With Tomato-Based Sauce And Poultry",General,167.0,5.7,17.4,8.8,2.5,0.0,384.0,186.0,2708891,survey_fndds_food
"Pasta, Whole Grain, With Tomato-Based Sauce And Seafood",General,162.0,5.3,17.6,8.3,2.5,0.0,394.0,191.0,2708897,survey_fndds_food
"Pasta, Whole Grain, With Cream Sauce",General,200.0,3.8,15.2,14.3,1.9,0.0,578.0,63.0,2708903,survey_fndds_food
"Pasta, Whole Grain, With Cream Sauce And Meat",General,209.0,5.8,15.0,14.5,1.9,0.0,564.0,85.0,2708909,survey_fndds_food
"Pasta, Whole Grain, With Cream Sauce And Poultry",General,202.0,5.9,15.0,13.7,1.9,0.0,563.0,85.0,2708915,survey_fndds_food
"Pasta, Whole Grain, With Cream Sauce And Seafood",General,197.0,5.5,15.3,13.2,1.9,0.0,573.0,90.0,2708921,survey_fndds_food
Pasta With Tomato-Based Sauce And Beans Or Lentils,General,125.0,5.2,20.9,2.3,3.0,0.0,250.0,275.0,2708927,survey_fndds_food
"Macaroni Or Noodles, Creamed, With Cheese",General,158.0,4.7,22.0,5.5,1.3,0.0,260.0,43.0,2708928,survey_fndds_food
"Macaroni Or Noodles, Creamed, With Cheese And Tuna",General,143.0,7.8,17.4,4.5,1.0,0.0,252.0,72.0,2708929,survey_fndds_food
Flavored Pasta,General,87.0,2.5,14.4,2.2,0.4,0.0,174.0,21.0,2708930,survey_fndds_food
"Yat Ga Mein With Meat, Fish, Or Poultry",General,134.0,10.4,11.2,5.6,1.5,0.0,354.0,198.0,2708931,survey_fndds_food
"Macaroni Or Pasta Salad, Made With Mayonnaise",General,221.0,4.5,24.6,11.5,1.4,0.0,204.0,49.0,2708932,survey_fndds_food
"Macaroni Or Pasta Salad, Made With Light Mayonnaise",General,159.0,4.3,25.7,4.2,1.4,0.0,239.0,50.0,2708933,survey_fndds_food
"Macaroni Or Pasta Salad, Made With Mayonnaise-Type Salad Dressing",General,160.0,4.4,26.6,4.0,1.4,0.0,211.0,51.0,2708934,survey_fndds_food
"Macaroni Or Pasta Salad, Made With Light Mayonnaise-Type Salad Dressing",General,159.0,4.3,25.7,4.2,1.4,0.0,239.0,50.0,2708935,survey_fndds_food
"Macaroni Or Pasta Salad, Made With Italian Dressing",General,133.0,3.7,20.9,3.7,1.6,0.0,226.0,101.0,2708936,survey_fndds_food
"Macaroni Or Pasta Salad, Made With Light Italian Dressing",General,116.0,3.7,20.6,2.0,1.6,0.0,216.0,102.0,2708937,survey_fndds_food
"Macaroni Or Pasta Salad, Made With Creamy Dressing",General,156.0,3.8,20.1,6.6,1.6,0.0,206.0,98.0,2708938,survey_fndds_food
"Macaroni Or Pasta Salad, Made With Light Creamy Dressing",General,123.0,3.8,20.2,2.9,1.6,0.0,210.0,95.0,2708939,survey_fndds_food
"Macaroni Or Pasta Salad, Made With Any Type Of Fat Free Dressing",General,134.0,4.2,26.5,1.1,1.7,0.0,239.0,53.0,2708940,survey_fndds_food
Macaroni Or Pasta Salad With Egg,General,215.0,5.2,22.5,11.4,1.3,0.0,197.0,56.0,2708941,survey_fndds_food
Macaroni Or Pasta Salad With Tuna,General,200.0,6.7,20.9,9.9,1.2,0.0,206.0,69.0,2708942,survey_fndds_food
Macaroni Or Pasta Salad With Crab Meat,General,201.0,6.5,20.9,9.9,1.2,0.0,233.0,81.0,2708943,survey_fndds_food
Macaroni Or Pasta Salad With Shrimp,General,203.0,6.9,20.9,10.0,1.2,0.0,304.0,54.0,2708944,survey_fndds_food
Macaroni Or Pasta Salad With Tuna And Egg,General,197.0,7.1,19.4,10.0,1.1,0.0,200.0,73.0,2708945,survey_fndds_food
Macaroni Or Pasta Salad With Chicken,General,213.0,7.8,20.9,10.8,1.2,0.0,225.0,84.0,2708946,survey_fndds_food
Macaroni Or Pasta Salad With Cheese,General,246.0,6.9,21.8,14.4,1.3,0.0,262.0,53.0,2708947,survey_fndds_food
Macaroni Or Pasta Salad With Meat,General,211.0,7.6,20.8,10.6,1.2,0.0,378.0,90.0,2708948,survey_fndds_food
Noodle Pudding,General,209.0,5.9,31.0,7.4,1.6,0.0,68.0,141.0,2708949,survey_fndds_food
"Bibimbap, Korean",General,76.0,5.5,8.1,2.4,1.1,0.0,435.0,244.0,2708950,survey_fndds_food
"Rice, Fried, Meatless",General,174.0,3.8,32.5,3.2,1.1,0.0,361.0,69.0,2708951,survey_fndds_food
"Rice, Fried, Nfs",General,174.0,3.8,32.5,3.2,1.1,0.0,361.0,69.0,2708952,survey_fndds_food
"Rice, Fried, With Chicken",General,173.0,7.3,27.6,3.7,0.9,0.0,359.0,100.0,2708953,survey_fndds_food
"Rice, Fried, With Pork",General,179.0,7.6,27.6,4.2,0.9,0.0,316.0,122.0,2708954,survey_fndds_food
"Rice, Fried, With Beef",General,178.0,7.9,27.6,4.1,0.9,0.0,313.0,96.0,2708955,survey_fndds_food
"Rice, Fried, With Shrimp",General,166.0,6.7,27.8,3.0,0.9,0.0,324.0,84.0,2708956,survey_fndds_food
"Dukboki Or Tteokbokki, Korean",General,131.0,4.1,19.6,4.0,0.8,0.0,198.0,104.0,2708957,survey_fndds_food
"Adobo, With Rice",General,181.0,17.7,8.9,7.9,0.2,0.0,522.0,216.0,2708958,survey_fndds_food
"Sushi, Nfs",General,94.0,2.9,18.4,0.7,1.0,0.0,428.0,48.0,2708959,survey_fndds_food
"Sushi Roll, Avocado",General,93.0,1.8,17.6,1.5,1.4,0.0,361.0,71.0,2708960,survey_fndds_food
"Sushi Roll, California",General,94.0,2.9,18.4,0.7,1.0,0.0,428.0,48.0,2708961,survey_fndds_food
"Sushi Roll, Eel",General,116.0,6.0,15.3,3.0,0.7,0.0,343.0,78.0,2708962,survey_fndds_food
"Sushi Roll, Salmon",General,103.0,6.9,15.3,1.3,0.7,0.0,350.0,101.0,2708963,survey_fndds_food
"Sushi Roll, Shrimp",General,100.0,7.0,15.7,0.6,0.7,0.0,358.0,53.0,2708964,survey_fndds_food
Sushi Roll Tuna,General,97.0,7.4,15.3,0.3,0.7,0.0,342.0,119.0,2708965,survey_fndds_food
"Sushi Roll, Vegetable",General,93.0,1.8,17.6,1.5,1.4,0.0,361.0,71.0,2708966,survey_fndds_food
"Sushi, Topped With Crab",General,95.0,3.8,18.6,0.3,0.8,0.0,474.0,37.0,2708967,survey_fndds_food
"Sushi, Topped With Eel",General,126.0,7.6,13.4,4.2,0.6,0.0,308.0,100.0,2708968,survey_fndds_food
"Sushi, Topped With Salmon",General,107.0,8.9,13.4,1.7,0.6,0.0,317.0,133.0,2708969,survey_fndds_food
"Sushi, Topped With Shrimp",General,103.0,9.1,13.9,0.7,0.6,0.0,329.0,65.0,2708970,survey_fndds_food
"Sushi, Topped With Tuna",General,100.0,9.7,13.4,0.3,0.6,0.0,306.0,159.0,2708971,survey_fndds_food
"Sushi, Topped With Egg",General,119.0,7.3,10.2,5.2,0.4,0.0,338.0,75.0,2708972,survey_fndds_food
"Seafood Paella, Puerto Rican Style",General,146.0,7.6,15.7,5.6,0.9,0.0,231.0,113.0,2708973,survey_fndds_food
"Soupy Rice With Chicken, Puerto Rican Style",General,151.0,12.1,16.5,4.0,1.4,0.0,754.0,191.0,2708974,survey_fndds_food
"Soupy Rice Mixture With Chicken And Potatoes, Puerto Rican Style",General,112.0,6.3,12.1,4.3,0.9,0.0,290.0,218.0,2708975,survey_fndds_food
"Stewed Rice, Puerto Rican Style",General,224.0,4.0,33.4,7.8,0.7,0.0,654.0,81.0,2708976,survey_fndds_food
"Rice With Squid, Puerto Rican Style",General,264.0,8.9,29.3,11.8,0.8,0.0,559.0,198.0,2708977,survey_fndds_food
"Rice With Vienna Sausage, Puerto Rican Style",General,269.0,6.5,33.5,11.6,0.8,0.0,959.0,115.0,2708978,survey_fndds_food
"Rice With Spanish Sausage, Puerto Rican Style",General,289.0,8.4,32.4,13.6,0.8,0.0,943.0,189.0,2708979,survey_fndds_food
"Rice With Stewed Beans, Puerto Rican Style",General,138.0,3.7,23.0,3.2,1.5,0.0,464.0,134.0,2708980,survey_fndds_food
"Congee, With Meat, Poultry",General,58.0,4.3,7.0,1.3,0.1,0.0,246.0,55.0,2708981,survey_fndds_food
"Congee, With Vegetables",General,38.0,1.1,7.9,0.1,0.4,0.0,235.0,69.0,2708983,survey_fndds_food
"Congee, With Egg",General,60.0,3.1,6.9,2.1,0.1,0.0,213.0,35.0,2708984,survey_fndds_food
Biryani With Vegetables,General,109.0,1.9,17.9,3.2,1.2,0.0,177.0,102.0,2708985,survey_fndds_food
"Beans And Rice, From Fast Food / Restaurant",General,185.0,6.3,24.4,7.0,3.6,0.0,299.0,317.0,2708986,survey_fndds_food
"Kidney Beans And Rice, From Fast Food / Restaurant",General,179.0,5.7,23.2,7.1,4.2,0.0,296.0,231.0,2708987,survey_fndds_food
"Black Beans And Rice, From Fast Food / Restaurant",General,182.0,5.8,23.7,7.1,4.9,0.0,296.0,205.0,2708988,survey_fndds_food
"Pinto Beans And Rice, From Fast Food / Restaurant",General,188.0,5.9,25.0,7.2,5.0,0.0,296.0,249.0,2708989,survey_fndds_food
Beans And White Rice,General,164.0,6.5,25.2,4.2,3.7,0.0,231.0,327.0,2708990,survey_fndds_food
"Beans And Rice, With Tomatoes",General,137.0,4.7,21.9,3.5,3.8,0.0,309.0,227.0,2708991,survey_fndds_food
"Beans And Rice, With Meat",General,162.0,7.5,23.5,4.2,4.4,0.0,263.0,240.0,2708992,survey_fndds_food
Kidney Beans And White Rice,General,158.0,5.9,23.9,4.3,4.3,0.0,229.0,239.0,2708993,survey_fndds_food
Black Beans And White Rice,General,160.0,6.0,24.4,4.3,5.0,0.0,228.0,212.0,2708994,survey_fndds_food
Pinto Beans And White Rice,General,167.0,6.1,25.8,4.4,5.2,0.0,228.0,257.0,2708995,survey_fndds_food
"Rice, White, With Corn",General,134.0,2.6,25.2,2.5,0.9,0.0,178.0,84.0,2708996,survey_fndds_food
"Rice, White, With Peas",General,133.0,3.2,24.0,2.4,1.4,0.0,197.0,52.0,2708999,survey_fndds_food
"Rice, White, With Carrots",General,123.0,2.2,22.6,2.4,1.0,0.0,195.0,82.0,2709002,survey_fndds_food
"Rice, White, With Peas And Carrots",General,128.0,2.7,23.2,2.4,1.2,0.0,225.0,65.0,2709005,survey_fndds_food
"Rice, White, With Tomatoes And/Or Tomato-Based Sauce",General,107.0,2.0,19.4,2.2,0.9,0.0,198.0,85.0,2709008,survey_fndds_food
"Rice, White, With Dark Green Vegetables",General,125.0,2.6,22.2,2.4,0.9,0.0,190.0,102.0,2709011,survey_fndds_food
"Rice, White, With Carrots And Tomatoes And/Or Tomato-Based Sauce",General,114.0,2.1,20.9,2.3,0.9,0.0,196.0,84.0,2709014,survey_fndds_food
"Rice, White, With Dark Green Vegetables And Tomatoes And/Or Tomato-Based Sauce",General,115.0,2.3,20.8,2.3,0.9,0.0,194.0,92.0,2709017,survey_fndds_food
"Rice, White, With Carrots And Dark Green Vegetables",General,124.0,2.4,22.5,2.4,0.9,0.0,193.0,91.0,2709020,survey_fndds_food
"Rice, White, With Other Vegetables",General,124.0,2.3,22.7,2.4,0.8,0.0,181.0,76.0,2709026,survey_fndds_food
"Rice, White, With Lentils",General,150.0,5.5,21.4,4.8,4.1,0.0,189.0,207.0,2709029,survey_fndds_food
"Rice, Cooked With Coconut Milk",General,267.0,3.6,26.6,17.2,1.9,0.0,182.0,219.0,2709032,survey_fndds_food
Beans And Brown Rice,General,162.0,6.4,24.3,4.5,3.9,0.0,213.0,345.0,2709033,survey_fndds_food
Kidney Beans And Brown Rice,General,155.0,5.8,23.0,4.6,4.5,0.0,211.0,257.0,2709034,survey_fndds_food
Black Beans And Brown Rice,General,158.0,5.9,23.5,4.6,5.3,0.0,211.0,230.0,2709035,survey_fndds_food
Pinto Beans And Brown Rice,General,164.0,6.0,24.9,4.7,5.4,0.0,211.0,275.0,2709036,survey_fndds_food
"Rice, Brown, With Corn",General,128.0,2.6,23.7,2.7,1.7,0.0,155.0,116.0,2709037,survey_fndds_food
"Rice, Brown, With Peas",General,127.0,3.2,22.6,2.6,2.2,0.0,171.0,89.0,2709040,survey_fndds_food
"Rice, Brown, With Carrots",General,119.0,2.3,21.4,2.6,1.9,0.0,168.0,115.0,2709043,survey_fndds_food
"Rice, Brown, With Peas And Carrots",General,123.0,2.7,22.0,2.7,2.0,0.0,195.0,99.0,2709046,survey_fndds_food
"Rice, Brown, With Tomatoes And/Or Tomato Based Sauce",General,105.0,2.1,18.8,2.4,1.7,0.0,174.0,114.0,2709049,survey_fndds_food
"Rice, Brown, With Dark Green Vegetables",General,120.0,2.7,21.1,2.7,1.7,0.0,164.0,131.0,2709052,survey_fndds_food
"Rice, Brown, With Carrots And Tomatoes And/Or Tomato-Based Sauce",General,111.0,2.2,20.0,2.5,1.7,0.0,171.0,114.0,2709055,survey_fndds_food
"Rice, Brown, With Dark Green Vegetables And Tomatoes And/Or Tomato-Based Sauce",General,112.0,2.4,19.9,2.5,1.7,0.0,170.0,122.0,2709058,survey_fndds_food
"Rice, Brown, With Carrots And Dark Green Vegetables",General,120.0,2.5,21.3,2.7,1.8,0.0,167.0,122.0,2709061,survey_fndds_food
Grape Leaves Stuffed With Rice,General,168.0,2.3,13.9,12.0,3.1,0.0,166.0,152.0,2709064,survey_fndds_food
"Rice, Brown, With Other Vegetables",General,119.0,2.4,21.5,2.6,1.6,0.0,157.0,108.0,2709068,survey_fndds_food
Rice Croquette,General,154.0,3.4,20.1,6.6,0.9,0.0,416.0,130.0,2709071,survey_fndds_food
"Stuffed Pepper, With Meat",General,198.0,9.2,4.2,15.9,0.7,0.0,288.0,190.0,2709072,survey_fndds_food
"Stuffed Pepper, With Rice And Meat",General,178.0,7.8,9.9,11.7,0.7,0.0,320.0,174.0,2709073,survey_fndds_food
"Stuffed Pepper, With Rice, Meatless",General,166.0,3.8,12.0,11.3,0.7,0.0,186.0,122.0,2709074,survey_fndds_food
"Stuffed Tomato, With Rice And Meat",General,99.0,4.8,9.9,4.5,1.0,0.0,183.0,214.0,2709075,survey_fndds_food
"Stuffed Tomato, With Rice, Meatless",General,77.0,1.6,13.0,2.2,1.1,0.0,123.0,182.0,2709076,survey_fndds_food
Rice Pilaf,General,137.0,3.3,24.1,3.0,0.4,0.0,414.0,56.0,2709077,survey_fndds_food
Dirty Rice,General,112.0,5.1,17.2,2.2,0.6,0.0,316.0,85.0,2709078,survey_fndds_food
Flavored Rice Mixture,General,127.0,1.9,19.8,4.3,0.4,0.0,296.0,33.0,2709079,survey_fndds_food
Flavored Rice Mixture With Cheese,General,124.0,3.0,25.2,1.2,0.6,0.0,389.0,102.0,2709080,survey_fndds_food
"Flavored Rice, Brown And Wild",General,106.0,2.7,19.3,2.2,1.1,0.0,292.0,81.0,2709081,survey_fndds_food
Flavored Rice And Pasta Mixture,General,118.0,2.7,19.1,3.5,0.3,0.0,255.0,37.0,2709082,survey_fndds_food
"Flavored Rice And Pasta Mixture, Reduced Sodium",General,111.0,2.6,17.3,3.4,0.6,0.0,157.0,60.0,2709083,survey_fndds_food
"Spanish Rice, From Restaurant",General,185.0,3.3,31.2,5.3,1.2,0.0,528.0,116.0,2709084,survey_fndds_food
"Spanish Rice, Fat Added",General,115.0,2.9,19.6,2.6,1.1,0.0,310.0,123.0,2709085,survey_fndds_food
"Spanish Rice, No Added Fat",General,101.0,2.9,19.9,1.0,1.1,0.0,314.0,125.0,2709086,survey_fndds_food
"Spanish Rice, Ns As To Fat",General,115.0,2.9,19.6,2.6,1.1,0.0,310.0,123.0,2709087,survey_fndds_food
Spanish Rice With Ground Beef,General,163.0,9.7,14.8,6.9,0.8,0.0,346.0,181.0,2709088,survey_fndds_food
Rice Dressing,General,110.0,2.0,17.6,3.3,0.6,0.0,600.0,59.0,2709089,survey_fndds_food
Rice With Raisins,General,162.0,2.6,32.1,2.6,0.8,0.0,447.0,104.0,2709090,survey_fndds_food
Rice Dessert Or Salad With Fruit,General,154.0,1.4,20.8,7.3,0.6,0.0,7.0,92.0,2709091,survey_fndds_food
"Rice, White, With Cheese And/Or Cream Based Sauce",General,166.0,5.2,20.0,7.0,0.3,0.0,322.0,70.0,2709092,survey_fndds_food
"Rice, White, With Gravy",General,117.0,2.0,20.0,3.0,0.3,0.0,287.0,36.0,2709095,survey_fndds_food
"Rice, White, With Soy-Based Sauce",General,117.0,2.0,21.5,2.2,0.3,0.0,482.0,33.0,2709098,survey_fndds_food
"Rice, Brown, With Cheese And/Or Cream Based Sauce",General,157.0,4.9,19.3,6.6,1.1,0.0,282.0,100.0,2709101,survey_fndds_food
"Rice, Brown, With Gravy",General,114.0,2.1,19.3,3.1,1.1,0.0,252.0,72.0,2709104,survey_fndds_food
"Rice, Brown, With Soy-Based Sauce",General,114.0,2.1,20.6,2.4,1.1,0.0,420.0,69.0,2709107,survey_fndds_food
"Rice, White, With Vegetables",General,146.0,4.7,18.6,5.7,1.1,0.0,265.0,89.0,2709110,survey_fndds_food
"Rice, White, With Vegetables And Gravy",General,107.0,2.2,18.6,2.4,1.1,0.0,237.0,63.0,2709113,survey_fndds_food
"Rice, Brown, With Vegetables",General,140.0,4.5,18.2,5.5,1.7,0.0,238.0,113.0,2709119,survey_fndds_food
"Rice, Brown, With Vegetables And Gravy",General,105.0,2.2,18.2,2.6,1.7,0.0,213.0,89.0,2709122,survey_fndds_food
Upma,General,87.0,2.0,13.8,2.6,1.3,0.0,98.0,111.0,2709128,survey_fndds_food
"Dosa, With Filling",General,184.0,5.5,30.8,4.3,2.2,0.0,330.0,137.0,2709129,survey_fndds_food
Vada,General,266.0,12.8,33.2,9.7,5.8,0.0,315.0,373.0,2709130,survey_fndds_food
Tabbouleh,General,127.0,1.6,9.6,9.7,1.8,0.0,495.0,154.0,2709131,survey_fndds_food
Vegetable Sandwich On White,General,120.0,3.9,21.5,2.1,1.6,0.0,374.0,146.0,2709132,survey_fndds_food
"Vegetable Sandwich On White, With Cheese",General,147.0,5.8,19.6,5.1,1.4,0.0,446.0,147.0,2709133,survey_fndds_food
Vegetable Sandwich On Wheat,General,119.0,4.7,20.1,2.2,2.7,0.0,370.0,172.0,2709134,survey_fndds_food
"Vegetable Sandwich On Wheat, With Cheese",General,146.0,6.5,18.4,5.2,2.4,0.0,443.0,170.0,2709135,survey_fndds_food
Vegetable Sandwich Wrap,General,160.0,5.4,19.7,6.6,1.8,0.0,528.0,149.0,2709136,survey_fndds_food
"Jelly Sandwich, Nfs",General,267.0,5.7,57.5,2.2,1.8,0.0,282.0,92.0,2709137,survey_fndds_food
"Jelly Sandwich, On White Bread",General,267.0,5.7,57.5,2.2,1.8,0.0,282.0,92.0,2709138,survey_fndds_food
"Jelly Sandwich, On Wheat Bread",General,265.0,6.9,55.2,2.4,3.6,0.0,276.0,135.0,2709139,survey_fndds_food
"Noodles With Vegetables In Tomato-Based Sauce, Diet Frozen Meal",General,70.0,3.6,10.8,1.6,1.7,0.0,134.0,280.0,2709140,survey_fndds_food
"Spaghetti And Meatballs Dinner, Nfs, Frozen Meal",General,113.0,5.6,15.1,3.4,1.5,0.0,295.0,179.0,2709141,survey_fndds_food
"Spaghetti With Meat Sauce, Diet Frozen Meal",General,113.0,5.6,15.1,3.4,1.5,0.0,295.0,179.0,2709142,survey_fndds_food
"Pancakes And Sausage, Frozen Meal",General,272.0,9.0,27.9,13.8,0.6,0.0,574.0,177.0,2709143,survey_fndds_food
"Soup, Nfs",General,49.0,3.5,6.1,1.3,1.8,0.0,247.0,169.0,2709144,survey_fndds_food
"Soup, Noodle, Nfs",General,90.0,5.5,10.1,3.0,0.8,0.0,290.0,102.0,2709145,survey_fndds_food
"Soup, Rice",General,51.0,3.5,6.8,1.2,0.5,0.0,247.0,106.0,2709146,survey_fndds_food
"Soup, Barley",General,58.0,3.3,6.7,2.1,1.1,0.0,247.0,117.0,2709147,survey_fndds_food
"Soup, Chicken Noodle, Canned",General,42.0,2.4,6.0,1.0,0.8,0.0,267.0,96.0,2709148,survey_fndds_food
"Soup, Chicken Noodle",General,53.0,3.8,6.2,1.4,0.7,0.0,248.0,108.0,2709149,survey_fndds_food
"Soup, Matzo Ball",General,73.0,3.1,10.7,2.0,0.9,0.0,264.0,88.0,2709151,survey_fndds_food
"Soup, Ramen Noodles, Water Added",General,66.0,1.5,9.0,2.6,0.4,0.0,282.0,27.0,2709152,survey_fndds_food
"Ramen Bowl, Nfs",General,127.0,7.1,14.0,4.6,0.9,0.0,333.0,96.0,2709153,survey_fndds_food
Ramen Bowl With Beef,General,137.0,6.8,15.4,5.2,1.0,0.0,353.0,92.0,2709154,survey_fndds_food
Ramen Bowl With Chicken,General,126.0,7.0,15.4,3.9,1.0,0.0,354.0,91.0,2709155,survey_fndds_food
Ramen Bowl With Fish,General,112.0,5.8,15.4,2.9,1.0,0.0,359.0,94.0,2709156,survey_fndds_food
"Ramen Bowl, Vegetarian",General,108.0,4.0,15.6,3.3,1.1,0.0,344.0,64.0,2709157,survey_fndds_food
Ramen Bowl With Meat And Egg,General,127.0,7.1,14.0,4.6,0.9,0.0,333.0,96.0,2709158,survey_fndds_food
"Ramen Bowl, Vegetarian With Egg",General,112.0,4.8,14.1,4.0,1.0,0.0,322.0,71.0,2709159,survey_fndds_food
"Soup, Wonton",General,33.0,2.4,3.0,1.3,0.3,0.0,370.0,86.0,2709160,survey_fndds_food
"Soup, Sopa De Fideo Aguada",General,95.0,2.5,13.7,3.3,1.1,0.0,267.0,89.0,2709161,survey_fndds_food
"Soup, Tortilla",General,102.0,4.2,12.6,4.2,1.3,0.0,257.0,129.0,2709162,survey_fndds_food
"Meat Substitute, Cereal- And Vegetable Protein-Based, Fried",General,359.0,12.8,61.2,7.2,8.9,0.0,282.0,379.0,2709163,survey_fndds_food
"Clementine, Raw",General,53.0,0.8,13.3,0.3,1.8,0.0,2.0,166.0,2709164,survey_fndds_food
"Grapefruit, Raw",General,42.0,0.8,10.7,0.1,1.6,0.0,0.0,135.0,2709165,survey_fndds_food
"Grapefruit, Canned",General,36.0,0.6,9.2,0.1,0.4,0.0,2.0,132.0,2709166,survey_fndds_food
"Kumquat, Raw",General,71.0,1.9,15.9,0.9,6.5,0.0,10.0,186.0,2709167,survey_fndds_food
"Lemon, Raw",General,29.0,1.1,9.3,0.3,2.8,0.0,2.0,138.0,2709168,survey_fndds_food
Lemon Pie Filling,General,354.0,4.7,68.9,6.9,0.4,0.0,73.0,75.0,2709169,survey_fndds_food
"Lime, Raw",General,30.0,0.7,10.5,0.2,2.8,0.0,2.0,102.0,2709170,survey_fndds_food
"Orange, Raw",General,50.0,0.9,11.8,0.1,2.2,0.0,4.0,174.0,2709171,survey_fndds_food
"Orange, Canned, Nfs",General,46.0,0.6,11.8,0.0,0.7,0.0,5.0,130.0,2709172,survey_fndds_food
"Orange, Canned, Juice Pack",General,37.0,0.6,9.6,0.0,0.7,0.0,5.0,133.0,2709173,survey_fndds_food
"Orange, Canned, In Syrup",General,55.0,0.6,14.1,0.0,0.7,0.0,5.0,126.0,2709174,survey_fndds_food
"Tangerine, Raw",General,53.0,0.8,13.3,0.3,1.8,0.0,2.0,166.0,2709175,survey_fndds_food
"Grapefruit Juice, 100%, Freshly Squeezed",General,39.0,0.5,9.2,0.1,0.1,0.0,1.0,162.0,2709176,survey_fndds_food
"Grapefruit Juice, 100%, Ns As To Form",General,40.0,0.6,8.4,0.5,0.2,0.0,1.0,134.0,2709177,survey_fndds_food
"Grapefruit Juice, 100%, Canned",General,40.0,0.6,8.4,0.5,0.2,0.0,1.0,134.0,2709178,survey_fndds_food
"Grapefruit Juice, 100%, With Calcium Added",General,39.0,0.5,7.7,0.7,0.3,0.0,2.0,132.0,2709179,survey_fndds_food
"Lemon Juice, 100%, Ns As To Form",General,22.0,0.4,6.9,0.2,0.3,0.0,1.0,103.0,2709180,survey_fndds_food
"Lemon Juice, 100%, Freshly Squeezed",General,22.0,0.4,6.9,0.2,0.3,0.0,1.0,103.0,2709181,survey_fndds_food
"Lemon Juice, 100%, Canned Or Bottled",General,17.0,0.4,5.6,0.1,0.7,0.0,24.0,109.0,2709182,survey_fndds_food
"Lime Juice, 100%, Ns As To Form",General,25.0,0.4,8.4,0.1,0.4,0.0,2.0,117.0,2709183,survey_fndds_food
"Lime Juice, 100%, Freshly Squeezed",General,25.0,0.4,8.4,0.1,0.4,0.0,2.0,117.0,2709184,survey_fndds_food
"Lime Juice, 100%, Canned Or Bottled",General,21.0,0.2,6.7,0.2,0.4,0.0,16.0,75.0,2709185,survey_fndds_food
"Orange Juice, 100%, Nfs",General,47.0,0.8,10.2,0.3,0.3,0.0,2.0,181.0,2709186,survey_fndds_food
"Orange Juice, 100%, Freshly Squeezed",General,47.0,0.8,10.0,0.4,0.3,0.0,0.0,183.0,2709187,survey_fndds_food
"Orange Juice, 100%, Canned",General,47.0,0.8,10.2,0.3,0.3,0.0,2.0,182.0,2709188,survey_fndds_food
"Orange Juice, 100%, With Calcium Added",General,47.0,0.8,10.2,0.3,0.3,0.0,2.0,181.0,2709189,survey_fndds_food
"Orange Juice, 100%, Frozen",General,42.0,0.7,10.0,0.1,0.3,0.0,5.0,180.0,2709190,survey_fndds_food
"Tangerine Juice, 100%",General,43.0,0.5,10.1,0.2,0.2,0.0,1.0,178.0,2709193,survey_fndds_food
"Fruit Juice Blend, Citrus, 100% Juice",General,47.0,0.8,10.2,0.3,0.3,0.0,2.0,182.0,2709194,survey_fndds_food
"Dried, Fruit, Nfs",General,298.0,2.3,78.6,0.6,4.8,0.0,32.0,531.0,2709195,survey_fndds_food
"Apple, Dried",General,243.0,0.9,65.9,0.3,8.7,0.0,87.0,450.0,2709196,survey_fndds_food
"Apricot, Dried",General,241.0,3.4,62.6,0.5,7.3,0.0,10.0,1162.0,2709197,survey_fndds_food
"Blueberries, Dried",General,317.0,2.5,80.0,2.5,7.5,0.0,3.0,214.0,2709198,survey_fndds_food
"Cherries, Dried",General,333.0,1.2,80.4,0.7,2.5,0.0,13.0,376.0,2709199,survey_fndds_food
Banana Chips,General,519.0,2.3,58.4,33.6,7.7,0.0,6.0,536.0,2709200,survey_fndds_food
"Currants, Dried",General,290.0,3.4,77.0,0.2,4.4,0.0,43.0,777.0,2709201,survey_fndds_food
"Cranberries, Dried",General,308.0,0.2,82.8,1.1,5.3,0.0,5.0,49.0,2709202,survey_fndds_food
Date,General,282.0,2.4,75.0,0.4,8.0,0.0,2.0,656.0,2709203,survey_fndds_food
"Fig, Dried",General,277.0,3.3,63.9,0.9,9.8,0.0,10.0,680.0,2709204,survey_fndds_food
"Mango, Dried",General,319.0,2.4,78.6,1.2,2.4,0.0,162.0,279.0,2709205,survey_fndds_food
"Papaya, Dried",General,302.0,1.2,75.4,0.8,4.5,0.0,22.0,484.0,2709206,survey_fndds_food
"Peach, Dried",General,239.0,3.6,61.3,0.8,8.2,0.0,7.0,996.0,2709207,survey_fndds_food
"Pear, Dried",General,262.0,1.9,69.7,0.6,7.5,0.0,6.0,533.0,2709208,survey_fndds_food
"Persimmon, Dried",General,374.0,1.5,96.1,0.7,9.6,0.0,3.0,429.0,2709209,survey_fndds_food
"Pineapple, Dried",General,347.0,1.2,84.1,0.7,2.4,0.0,0.0,365.0,2709210,survey_fndds_food
"Prune, Dried",General,240.0,2.2,63.9,0.4,7.1,0.0,2.0,732.0,2709211,survey_fndds_food
Raisins,General,299.0,3.3,79.3,0.2,4.5,0.0,26.0,744.0,2709212,survey_fndds_food
"Fruit, Nfs",General,68.0,0.7,16.2,0.2,1.8,0.0,1.0,206.0,2709213,survey_fndds_food
"Fruit, Pickled",General,63.0,0.6,15.3,0.2,1.4,0.0,957.0,103.0,2709214,survey_fndds_food
"Apple, Raw",General,61.0,0.2,14.8,0.2,2.1,0.0,0.0,104.0,2709215,survey_fndds_food
"Applesauce, Regular",General,75.0,0.2,18.0,0.2,1.0,0.0,1.0,101.0,2709216,survey_fndds_food
"Applesauce, Unsweetened",General,52.0,0.3,12.3,0.2,1.1,0.0,1.0,108.0,2709217,survey_fndds_food
"Applesauce, Flavored",General,75.0,0.2,18.0,0.2,1.0,0.0,1.0,101.0,2709218,survey_fndds_food
Apple Pie Filling,General,100.0,0.1,26.1,0.1,1.0,0.0,47.0,45.0,2709219,survey_fndds_food
"Apple, Baked",General,113.0,0.3,22.7,3.1,2.5,0.0,4.0,114.0,2709220,survey_fndds_food
"Apricot, Raw",General,48.0,1.4,11.1,0.4,2.0,0.0,1.0,259.0,2709221,survey_fndds_food
"Apricot, Canned",General,57.0,0.6,13.8,0.2,1.5,0.0,3.0,177.0,2709222,survey_fndds_food
"Avocado, Raw",General,160.0,2.0,8.5,14.7,6.7,0.0,7.0,485.0,2709223,survey_fndds_food
"Banana, Raw",General,97.0,0.7,22.7,0.3,1.7,0.0,0.0,326.0,2709224,survey_fndds_food
"Banana, Baked",General,161.0,0.8,32.4,3.2,1.8,0.0,3.0,322.0,2709225,survey_fndds_food
"Cantaloupe, Raw",General,38.0,0.8,8.2,0.2,0.8,0.0,30.0,157.0,2709226,survey_fndds_food
"Melon, Frozen",General,35.0,0.7,8.3,0.2,0.7,0.0,16.0,166.0,2709227,survey_fndds_food
"Starfruit, Raw",General,31.0,1.0,6.7,0.3,2.8,0.0,2.0,133.0,2709228,survey_fndds_food
"Cherries, Maraschino",General,165.0,0.2,42.0,0.2,3.2,0.0,4.0,21.0,2709229,survey_fndds_food
Cherry Pie Filling,General,122.0,0.6,28.6,0.9,0.9,0.0,52.0,76.0,2709230,survey_fndds_food
"Cherries, Raw",General,71.0,1.0,16.2,0.2,2.1,0.0,0.0,230.0,2709231,survey_fndds_food
"Cherries, Canned",General,74.0,0.7,18.8,0.1,1.4,0.0,1.0,121.0,2709232,survey_fndds_food
"Cherries, Frozen",General,71.0,1.0,16.2,0.2,2.1,0.0,0.0,230.0,2709233,survey_fndds_food
Dragon Fruit,General,68.0,0.7,16.2,0.2,1.8,0.0,1.0,206.0,2709234,survey_fndds_food
"Fig, Raw",General,74.0,0.8,19.2,0.3,2.9,0.0,1.0,232.0,2709235,survey_fndds_food
"Fig, Canned",General,76.0,0.6,19.4,0.2,2.2,0.0,1.0,157.0,2709236,survey_fndds_food
"Grapes, Raw",General,83.0,0.9,19.4,0.2,0.9,0.0,5.0,224.0,2709237,survey_fndds_food
"Guava, Raw",General,68.0,2.6,14.3,1.0,5.4,0.0,2.0,417.0,2709238,survey_fndds_food
"Kiwi Fruit, Raw",General,64.0,1.1,14.0,0.4,3.0,0.0,5.0,198.0,2709239,survey_fndds_food
Lychee,General,66.0,0.8,16.5,0.4,1.3,0.0,1.0,171.0,2709240,survey_fndds_food
"Honeydew Melon, Raw",General,36.0,0.5,9.1,0.1,0.8,0.0,18.0,228.0,2709241,survey_fndds_food
"Mango, Raw",General,60.0,0.8,15.0,0.4,1.6,0.0,1.0,168.0,2709242,survey_fndds_food
"Mango, Canned",General,65.0,0.6,16.2,0.3,1.2,0.0,1.0,114.0,2709243,survey_fndds_food
"Mango, Frozen",General,60.0,0.8,15.0,0.4,1.6,0.0,1.0,168.0,2709244,survey_fndds_food
"Nectarine, Raw",General,43.0,1.1,9.2,0.3,1.5,0.0,13.0,131.0,2709245,survey_fndds_food
"Papaya, Raw",General,43.0,0.5,10.8,0.3,1.7,0.0,8.0,182.0,2709246,survey_fndds_food
"Papaya, Canned",General,52.0,0.4,13.1,0.2,1.3,0.0,7.0,123.0,2709247,survey_fndds_food
"Passion Fruit, Raw",General,97.0,2.2,23.4,0.7,10.4,0.0,28.0,348.0,2709248,survey_fndds_food
"Peach, Raw",General,46.0,0.9,10.1,0.3,1.5,0.0,13.0,122.0,2709249,survey_fndds_food
"Peach, Canned, Nfs",General,48.0,0.4,11.9,0.1,1.2,0.0,4.0,116.0,2709250,survey_fndds_food
"Peach, Canned, In Syrup",General,54.0,0.4,13.6,0.1,1.2,0.0,3.0,91.0,2709251,survey_fndds_food
"Peach, Canned, Juice Pack",General,41.0,0.4,10.3,0.1,1.2,0.0,6.0,141.0,2709252,survey_fndds_food
"Peach, Frozen",General,46.0,0.9,10.1,0.3,1.5,0.0,13.0,122.0,2709253,survey_fndds_food
"Pear, Raw",General,59.0,0.4,15.2,0.2,3.1,0.0,3.0,104.0,2709254,survey_fndds_food
"Pear, Asian, Raw",General,42.0,0.5,10.6,0.2,3.6,0.0,0.0,121.0,2709255,survey_fndds_food
"Pear, Canned, Nfs",General,52.0,0.2,13.5,0.1,1.5,0.0,3.0,75.0,2709256,survey_fndds_food
"Pear, Canned, In Syrup",General,59.0,0.2,15.2,0.0,1.5,0.0,2.0,49.0,2709257,survey_fndds_food
"Pear, Canned, Juice Pack",General,45.0,0.2,11.8,0.1,1.5,0.0,5.0,100.0,2709258,survey_fndds_food
"Persimmon, Raw",General,70.0,0.6,18.6,0.2,3.6,0.0,1.0,161.0,2709259,survey_fndds_food
"Pineapple, Raw",General,60.0,0.5,14.1,0.2,0.9,0.0,0.0,137.0,2709260,survey_fndds_food
"Pineapple, Canned, Nfs",General,55.0,0.4,13.9,0.1,0.7,0.0,2.0,141.0,2709261,survey_fndds_food
"Pineapple, Canned, In Syrup",General,62.0,0.4,15.6,0.1,0.7,0.0,1.0,117.0,2709262,survey_fndds_food
"Pineapple, Canned, Juice Pack",General,48.0,0.4,12.2,0.1,0.8,0.0,4.0,166.0,2709263,survey_fndds_food
"Pineapple, Frozen",General,60.0,0.5,14.1,0.2,0.9,0.0,0.0,137.0,2709264,survey_fndds_food
"Plum, Raw",General,46.0,0.7,11.4,0.3,1.4,0.0,0.0,157.0,2709265,survey_fndds_food
"Plum, Canned",General,55.0,0.5,13.5,0.2,1.0,0.0,1.0,106.0,2709266,survey_fndds_food
"Pomegranate, Raw",General,83.0,1.7,18.7,1.2,4.0,0.0,3.0,236.0,2709267,survey_fndds_food
Rhubarb,General,73.0,0.8,17.4,0.2,1.6,0.0,4.0,233.0,2709268,survey_fndds_food
Tamarind,General,239.0,2.8,62.5,0.6,5.1,0.0,28.0,628.0,2709269,survey_fndds_food
"Watermelon, Raw",General,30.0,0.6,7.6,0.2,0.4,0.0,1.0,112.0,2709270,survey_fndds_food
"Berries, Nfs",General,44.0,0.7,9.9,0.2,2.0,0.0,0.0,138.0,2709271,survey_fndds_food
"Berries, Frozen",General,52.0,0.8,12.5,0.3,4.1,0.0,1.0,124.0,2709272,survey_fndds_food
"Blackberries, Raw",General,43.0,1.4,9.6,0.5,5.3,0.0,1.0,162.0,2709273,survey_fndds_food
"Blackberries, Frozen",General,64.0,1.2,15.7,0.4,5.0,0.0,1.0,140.0,2709274,survey_fndds_food
"Blueberries, Raw",General,64.0,0.7,14.6,0.3,2.4,0.0,0.0,86.0,2709275,survey_fndds_food
"Bluberries, Canned",General,88.0,1.0,22.7,0.4,2.6,0.0,3.0,54.0,2709276,survey_fndds_food
"Blueberries, Frozen",General,51.0,0.4,12.2,0.6,2.7,0.0,1.0,54.0,2709277,survey_fndds_food
Blueberry Pie Filling,General,181.0,0.4,44.4,0.2,2.6,0.0,12.0,115.0,2709278,survey_fndds_food
"Cranberries, Raw",General,46.0,0.5,12.0,0.1,3.6,0.0,2.0,80.0,2709279,survey_fndds_food
Cranberry Sauce,General,159.0,0.9,40.4,0.2,1.1,0.0,5.0,28.0,2709280,survey_fndds_food
"Raspberries, Raw",General,57.0,1.0,12.9,0.2,6.5,0.0,0.0,156.0,2709281,survey_fndds_food
"Raspberries, Frozen",General,57.0,1.0,12.9,0.2,6.5,0.0,0.0,156.0,2709282,survey_fndds_food
"Strawberries, Raw",General,36.0,0.6,8.0,0.2,1.8,0.0,0.0,161.0,2709283,survey_fndds_food
"Strawberries, Canned",General,92.0,0.6,23.5,0.3,1.7,0.0,4.0,86.0,2709284,survey_fndds_food
"Strawberries, Frozen",General,35.0,0.4,9.1,0.1,2.1,0.0,2.0,148.0,2709285,survey_fndds_food
Ambrosia,General,75.0,0.8,16.4,1.0,2.0,0.0,1.0,201.0,2709286,survey_fndds_food
"Fruit Salad, Fresh Or Raw, Excluding Citrus Fruits",General,59.0,0.6,13.9,0.2,1.5,0.0,4.0,190.0,2709287,survey_fndds_food
"Fruit Salad, Fresh Or Raw, Including Citrus Fruits",General,56.0,0.7,13.5,0.2,1.7,0.0,4.0,188.0,2709288,survey_fndds_food
"Fruit Cocktail, Canned, Nfs",General,55.0,0.4,14.1,0.1,0.9,0.0,5.0,112.0,2709289,survey_fndds_food
"Fruit Cocktail, Canned, In Syrup",General,62.0,0.4,15.8,0.1,0.9,0.0,4.0,87.0,2709290,survey_fndds_food
"Fruit Cocktail, Canned, Juice Pack",General,48.0,0.4,12.4,0.1,0.9,0.0,7.0,136.0,2709291,survey_fndds_food
"Fruit Mixture, Frozen",General,48.0,0.7,11.3,0.2,1.4,0.0,9.0,146.0,2709292,survey_fndds_food
Apple Salad With Dressing,General,180.0,1.4,12.2,14.2,2.0,0.0,87.0,148.0,2709293,survey_fndds_food
"Apple, Candied",General,134.0,1.3,29.6,2.2,1.8,0.0,62.0,134.0,2709294,survey_fndds_food
"Fruit, Chocolate Covered",General,133.0,1.4,20.1,6.7,2.7,0.0,2.0,205.0,2709295,survey_fndds_food
"Fruit Salad, Excluding Citrus Fruits, With Salad Dressing Or Mayonnaise",General,247.0,1.8,13.6,20.7,1.5,0.0,127.0,181.0,2709296,survey_fndds_food
"Fruit Salad, Excluding Citrus Fruits, With Whipped Cream",General,164.0,2.0,15.2,10.6,1.6,0.0,3.0,206.0,2709297,survey_fndds_food
"Fruit Salad, Excluding Citrus Fruits, With Nondairy Whipped Topping",General,153.0,1.9,17.3,8.7,1.7,0.0,3.0,205.0,2709298,survey_fndds_food
"Fruit Salad, Excluding Citrus Fruits, With Marshmallows",General,251.0,1.8,17.5,19.5,1.4,0.0,124.0,171.0,2709299,survey_fndds_food
"Fruit Salad, Including Citrus Fruits, With Pudding",General,133.0,2.0,17.5,6.3,1.8,0.0,39.0,195.0,2709300,survey_fndds_food
"Fruit Salad, Excluding Citrus Fruits, With Pudding",General,137.0,1.9,18.1,6.5,1.4,0.0,40.0,186.0,2709301,survey_fndds_food
"Fruit Salad, Including Citrus Fruits, With Salad Dressing Or Mayonnaise",General,240.0,1.9,13.0,20.3,1.8,0.0,124.0,191.0,2709302,survey_fndds_food
"Fruit Salad, Including Citrus Fruit, With Whipped Cream",General,158.0,2.1,14.6,10.4,2.0,0.0,3.0,216.0,2709303,survey_fndds_food
"Fruit Salad, Including Citrus Fruits, With Nondairy Whipped Topping",General,148.0,2.0,16.6,8.4,2.1,0.0,3.0,216.0,2709304,survey_fndds_food
"Fruit Salad, Including Citrus Fruits, With Marshmallows",General,244.0,1.9,17.0,19.1,1.7,0.0,122.0,180.0,2709305,survey_fndds_food
Lime Souffle,General,328.0,8.8,39.8,15.0,0.8,0.0,79.0,143.0,2709306,survey_fndds_food
"Guacamole, Nfs",General,155.0,2.0,8.4,14.2,6.5,0.0,344.0,472.0,2709307,survey_fndds_food
Guacamole With Tomatoes,General,145.0,1.9,8.1,13.1,6.1,0.0,317.0,454.0,2709308,survey_fndds_food
Chutney,General,246.0,0.3,60.6,0.1,1.0,0.0,802.0,68.0,2709309,survey_fndds_food
Pineapple Salad With Dressing,General,105.0,0.5,12.8,5.8,0.8,0.0,48.0,128.0,2709310,survey_fndds_food
"Soup, Fruit",General,30.0,0.5,7.0,0.1,0.8,0.0,8.0,108.0,2709311,survey_fndds_food
Frozen Fruit Juice Bar,General,106.0,0.8,25.4,0.1,0.5,0.0,6.0,73.0,2709312,survey_fndds_food
"Frozen Fruit Juice Bar, No Sugar Added",General,30.0,0.1,7.4,0.0,0.1,0.0,9.0,15.0,2709313,survey_fndds_food
Sorbet,General,110.0,0.8,27.1,0.0,0.5,0.0,13.0,28.0,2709314,survey_fndds_food
"Fruit Juice, Nfs",General,51.0,0.3,12.1,0.3,0.2,0.0,5.0,104.0,2709315,survey_fndds_food
"Fruit Juice Blend, 100% Juice",General,50.0,0.2,12.5,0.1,0.2,0.0,7.0,96.0,2709316,survey_fndds_food
"Cranberry Juice Blend, 100% Juice",General,46.0,0.1,11.2,0.2,0.2,0.0,7.0,90.0,2709317,survey_fndds_food
"Cranberry Juice Blend, 100% Juice, With Calcium Added",General,45.0,0.3,10.9,0.1,0.1,0.0,6.0,76.0,2709318,survey_fndds_food
Apple Cider,General,46.0,0.1,11.3,0.1,0.2,0.0,4.0,101.0,2709319,survey_fndds_food
"Apple Juice, 100%",General,48.0,0.1,11.3,0.2,0.2,0.0,5.0,97.0,2709320,survey_fndds_food
"Apple Juice, 100%, With Calcium Added",General,48.0,0.1,11.5,0.2,0.3,0.0,5.0,184.0,2709321,survey_fndds_food
"Blackberry Juice, 100%",General,38.0,0.3,7.8,0.6,0.1,0.0,1.0,135.0,2709322,survey_fndds_food
Blueberry Juice,General,42.0,0.5,9.5,0.2,1.6,0.0,1.0,56.0,2709323,survey_fndds_food
"Cranberry Juice, 100%, Not A Blend",General,32.0,0.0,7.3,0.3,0.1,0.0,6.0,71.0,2709324,survey_fndds_food
"Grape Juice, 100%",General,66.0,0.2,15.7,0.3,0.2,0.0,6.0,50.0,2709325,survey_fndds_food
"Grape Juice, 100%, With Calcium Added",General,62.0,0.4,14.8,0.1,0.2,0.0,5.0,104.0,2709326,survey_fndds_food
"Papaya Juice, 100%",General,57.0,0.2,14.5,0.2,0.6,0.0,5.0,31.0,2709327,survey_fndds_food
"Passion Fruit Juice, 100%",General,51.0,0.4,13.6,0.0,0.2,0.0,6.0,278.0,2709328,survey_fndds_food
"Pineapple Juice, 100%",General,53.0,0.4,12.9,0.1,0.2,0.0,2.0,130.0,2709329,survey_fndds_food
"Pomegranate Juice, 100%",General,54.0,0.2,13.1,0.3,0.1,0.0,9.0,214.0,2709330,survey_fndds_food
"Prune Juice, 100%",General,71.0,0.6,17.4,0.0,1.0,0.0,4.0,276.0,2709331,survey_fndds_food
"Strawberry Juice, 100%",General,23.0,0.4,5.2,0.1,1.2,0.0,1.0,105.0,2709332,survey_fndds_food
"Watermelon Juice, 100%",General,30.0,0.6,7.6,0.2,0.4,0.0,1.0,112.0,2709333,survey_fndds_food
"Fruit Smoothie, With Whole Fruit, No Dairy",General,54.0,0.6,12.7,0.4,1.5,0.0,2.0,171.0,2709334,survey_fndds_food
"Fruit Smoothie, With Whole Fruit, Non-Dairy",General,60.0,1.4,11.6,1.1,1.1,0.0,23.0,104.0,2709336,survey_fndds_food
"Fruit Smoothie Juice Drink, No Dairy",General,51.0,0.6,11.9,0.2,1.0,0.0,2.0,184.0,2709337,survey_fndds_food
"Fruit Smoothie, Light",General,53.0,2.6,9.7,0.6,1.0,0.0,31.0,184.0,2709338,survey_fndds_food
"Fruit Smoothie, Bottled",General,50.0,0.5,11.7,0.3,0.6,0.0,2.0,201.0,2709339,survey_fndds_food
"Fruit Nectar, Nfs",General,51.0,0.1,13.1,0.1,0.3,0.0,5.0,24.0,2709340,survey_fndds_food
Apricot Nectar,General,56.0,0.2,13.6,0.4,0.1,0.0,8.0,67.0,2709341,survey_fndds_food
Banana Nectar,General,74.0,0.3,18.0,0.1,0.6,0.0,2.0,115.0,2709342,survey_fndds_food
Cantaloupe Nectar,General,65.0,0.3,15.6,0.1,0.3,0.0,13.0,57.0,2709343,survey_fndds_food
Guava Nectar,General,48.0,0.3,13.3,0.1,1.2,0.0,6.0,33.0,2709344,survey_fndds_food
Mango Nectar,General,51.0,0.1,13.1,0.1,0.3,0.0,5.0,24.0,2709345,survey_fndds_food
Peach Nectar,General,49.0,0.1,11.6,0.6,0.1,0.0,11.0,30.0,2709346,survey_fndds_food
Papaya Nectar,General,57.0,0.2,14.5,0.2,0.6,0.0,5.0,31.0,2709347,survey_fndds_food
Passion Fruit Nectar,General,69.0,0.2,17.4,0.1,0.1,0.0,4.0,112.0,2709348,survey_fndds_food
Pear Nectar,General,60.0,0.1,15.8,0.0,0.6,0.0,4.0,13.0,2709349,survey_fndds_food
"Soursop, Nectar",General,59.0,0.1,14.9,0.2,0.1,0.0,8.0,25.0,2709350,survey_fndds_food
Vinegar,General,21.0,0.0,0.9,0.0,0.0,0.0,5.0,73.0,2709351,survey_fndds_food
"Baby Toddler Fruit, Nfs",General,68.0,0.7,16.4,0.2,1.7,0.0,2.0,199.0,2709352,survey_fndds_food
"Baby Toddler Multiple Fruit, Stage 2",General,68.0,0.7,16.4,0.2,1.7,0.0,2.0,199.0,2709353,survey_fndds_food
"Baby Toddler Multiple Fruit, Stage 3",General,68.0,0.7,16.4,0.2,1.7,0.0,2.0,199.0,2709354,survey_fndds_food
"Baby Toddler Fruit, With Grain",General,78.0,1.1,18.0,0.4,2.0,0.0,2.0,202.0,2709355,survey_fndds_food
"Baby Toddler Fruit, With Yogurt",General,76.0,1.9,13.4,1.8,1.1,0.0,17.0,183.0,2709356,survey_fndds_food
"Baby Toddler Fruit And Vegetables, Stage 2",General,59.0,1.0,13.7,0.2,1.7,0.0,14.0,192.0,2709357,survey_fndds_food
"Baby Toddler Fruit And Vegetables, Stage 3",General,59.0,1.0,13.7,0.2,1.7,0.0,14.0,192.0,2709358,survey_fndds_food
"Baby Toddler Fruit And Vegetables, With Grain",General,69.0,1.5,15.3,0.5,2.0,0.0,16.0,199.0,2709359,survey_fndds_food
"Baby Toddler Fruit And Vegetables, With Yogurt",General,69.0,2.1,11.3,1.8,1.0,0.0,26.0,178.0,2709360,survey_fndds_food
"Baby Toddler Fruit, Vegetables, And Meat",General,75.0,2.6,14.1,1.1,1.8,0.0,19.0,195.0,2709361,survey_fndds_food
Baby Toddler Fruit And Meat,General,82.0,2.3,16.4,1.0,1.8,0.0,6.0,198.0,2709362,survey_fndds_food
"Baby Toddler Apples, Stage 1",General,41.0,0.2,10.8,0.2,1.7,0.0,0.0,71.0,2709363,survey_fndds_food
"Baby Toddler Apples, Stage 2",General,37.0,0.0,10.3,0.0,1.7,0.0,1.0,77.0,2709364,survey_fndds_food
"Baby Toddler Bananas, Stage 1",General,91.0,1.0,21.3,0.2,1.6,0.0,2.0,290.0,2709365,survey_fndds_food
"Baby Toddler Bananas, Stage 2",General,91.0,1.0,21.3,0.2,1.6,0.0,2.0,290.0,2709366,survey_fndds_food
"Baby Toddler Peaches, Stage 1",General,65.0,0.9,14.5,0.3,1.3,0.0,4.0,195.0,2709367,survey_fndds_food
"Baby Toddler Peaches, Stage 2",General,65.0,0.9,14.5,0.3,1.3,0.0,4.0,195.0,2709368,survey_fndds_food
"Baby Toddler Pears, Stage 1",General,42.0,0.3,10.8,0.2,2.8,0.0,1.0,130.0,2709369,survey_fndds_food
"Baby Toddler Pears, Stage 2",General,44.0,0.3,11.6,0.1,2.8,0.0,1.0,115.0,2709370,survey_fndds_food
Baby Toddler Prunes,General,100.0,1.0,23.5,0.2,2.7,0.0,1.0,306.0,2709371,survey_fndds_food
Baby Toddler Mangoes,General,60.0,0.8,15.0,0.4,1.6,0.0,1.0,151.0,2709372,survey_fndds_food
"Baby Toddler Juice, Nfs",General,47.0,0.0,11.7,0.1,0.1,0.0,8.0,91.0,2709373,survey_fndds_food
"Baby Toddler Juice, Apple",General,47.0,0.0,11.7,0.1,0.1,0.0,8.0,91.0,2709374,survey_fndds_food
"Baby Toddler Juice, Grape",General,62.0,0.0,15.4,0.0,0.0,0.0,10.0,90.0,2709375,survey_fndds_food
"Baby Toddler Juice, Mixed Fruit",General,47.0,0.0,11.7,0.1,0.1,0.0,8.0,91.0,2709376,survey_fndds_food
"Baby Toddler Juice, Pear",General,43.0,0.0,11.9,0.0,0.1,0.0,8.0,130.0,2709377,survey_fndds_food
"Baby Toddler Juice, Fruit And Vegetable",General,47.0,0.3,11.4,0.1,0.5,0.0,5.0,137.0,2709378,survey_fndds_food
"Baby Toddler Juice, Fruit And Yogurt Blend",General,69.0,1.6,12.7,1.5,1.0,0.0,14.0,178.0,2709379,survey_fndds_food
Baby Toddler Pudding,General,86.0,1.8,17.6,1.0,0.2,0.0,26.0,68.0,2709380,survey_fndds_food
Baby Toddler Yogurt Melts,General,380.0,14.3,71.8,4.0,2.3,0.0,286.0,714.0,2709381,survey_fndds_food
"Potato, Nfs",General,126.0,1.9,20.4,4.2,1.4,0.0,166.0,372.0,2709382,survey_fndds_food
"Potato, Baked, Nfs",General,93.0,2.0,21.4,0.1,1.5,0.0,181.0,389.0,2709383,survey_fndds_food
"Potato, Baked, Peel Not Eaten",General,93.0,2.0,21.4,0.1,1.5,0.0,181.0,389.0,2709384,survey_fndds_food
"Potato, Boiled, Nfs",General,126.0,1.9,20.4,4.2,1.4,0.0,166.0,372.0,2709385,survey_fndds_food
"Potato, Boiled, Ready-To-Heat",General,126.0,1.9,20.4,4.2,1.4,0.0,166.0,372.0,2709386,survey_fndds_food
"Potato, Boiled, From Fresh",General,126.0,1.9,20.4,4.2,1.4,0.0,166.0,372.0,2709387,survey_fndds_food
"Potato, Canned, Ns As To Fat",General,94.0,1.3,12.9,4.4,2.3,0.0,166.0,218.0,2709399,survey_fndds_food
"Potato, Canned, Fat Added",General,94.0,1.3,12.9,4.4,2.3,0.0,166.0,218.0,2709400,survey_fndds_food
"Potato, Canned, No Added Fat",General,60.0,1.4,13.6,0.2,2.4,0.0,159.0,228.0,2709401,survey_fndds_food
"Potato, Roasted, Nfs",General,126.0,1.9,20.4,4.2,1.4,0.0,166.0,372.0,2709402,survey_fndds_food
"Potato, Roasted, From Fresh",General,126.0,2.4,20.1,4.3,2.1,0.0,170.0,508.0,2709403,survey_fndds_food
"Potato, Roasted, Ready-To-Heat",General,126.0,1.9,20.4,4.2,1.4,0.0,166.0,372.0,2709415,survey_fndds_food
"Stewed Potatoes, Puerto Rican Style",General,115.0,2.1,18.8,3.7,1.8,0.0,299.0,326.0,2709416,survey_fndds_food
"Potato Only From Puerto Rican Mixed Dishes, Gravy And Other Components Reported Separately",General,85.0,1.7,19.9,0.1,1.8,0.0,242.0,326.0,2709417,survey_fndds_food
"Potato From Puerto Rican Style Stuffed Pot Roast, With Gravy",General,74.0,2.5,14.4,0.9,1.3,0.0,235.0,238.0,2709418,survey_fndds_food
"Potato From Puerto Rican Beef Stew, With Gravy",General,74.0,2.5,14.4,0.9,1.3,0.0,235.0,238.0,2709419,survey_fndds_food
"Potato From Puerto Rican Chicken Fricassee, With Sauce",General,72.0,1.3,14.6,1.0,1.2,0.0,145.0,223.0,2709420,survey_fndds_food
"Potato Chips, Nfs",General,532.0,6.4,53.8,34.0,3.1,0.0,527.0,1196.0,2709421,survey_fndds_food
"Potato Chips, Plain",General,532.0,6.4,53.8,34.0,3.1,0.0,527.0,1196.0,2709422,survey_fndds_food
"Potato Chips, Barbecue Flavored",General,487.0,6.5,55.9,31.1,3.8,0.0,545.0,1186.0,2709423,survey_fndds_food
"Potato Chips, Sour Cream And Onion Flavored",General,487.0,6.5,55.9,31.1,3.8,0.0,545.0,1186.0,2709424,survey_fndds_food
"Potato Chips, Cheese Flavored",General,487.0,6.5,55.9,31.1,3.8,0.0,545.0,1186.0,2709425,survey_fndds_food
"Potato Chips, Other Flavored",General,487.0,6.5,55.9,31.1,3.8,0.0,545.0,1186.0,2709426,survey_fndds_food
"Potato Chips, Ruffled, Plain",General,532.0,6.4,53.8,34.0,3.1,0.0,527.0,1196.0,2709427,survey_fndds_food
"Potato Chips, Ruffled, Barbecue Flavored",General,487.0,6.5,55.9,31.1,3.8,0.0,545.0,1186.0,2709428,survey_fndds_food
"Potato Chips, Ruffled, Sour Cream And Onion Flavored",General,487.0,6.5,55.9,31.1,3.8,0.0,545.0,1186.0,2709429,survey_fndds_food
"Potato Chips, Ruffled, Cheese Flavored",General,487.0,6.5,55.9,31.1,3.8,0.0,545.0,1186.0,2709430,survey_fndds_food
"Potato Chips, Ruffled, Other Flavored",General,487.0,6.5,55.9,31.1,3.8,0.0,545.0,1186.0,2709431,survey_fndds_food
"Potato Chips, Restructured, Plain",General,543.0,4.6,55.2,35.2,2.9,0.0,643.0,635.0,2709432,survey_fndds_food
"Potato Chips, Restructured, Flavored",General,542.0,4.6,55.0,35.1,2.9,0.0,757.0,633.0,2709433,survey_fndds_food
"Potato Chips, Baked, Plain",General,469.0,5.0,71.4,18.2,4.8,0.0,536.0,721.0,2709434,survey_fndds_food
"Potato Chips, Baked, Flavored",General,467.0,5.0,71.0,18.1,4.8,0.0,726.0,717.0,2709435,survey_fndds_food
"Potato Chips, Reduced Fat",General,482.0,7.0,67.1,20.6,6.0,0.0,391.0,1727.0,2709436,survey_fndds_food
"Potato Chips, Restructured, Reduced Fat",General,502.0,4.6,64.8,26.1,3.2,0.0,450.0,760.0,2709437,survey_fndds_food
"Potato Chips, Unsalted",General,537.0,6.2,59.7,30.3,5.4,0.0,7.0,1535.0,2709438,survey_fndds_food
"Potato Chips, Lightly Salted",General,559.0,6.7,53.4,35.3,4.2,0.0,264.0,1301.0,2709439,survey_fndds_food
"Potato Chips, Restructured, Lightly Salted",General,559.0,6.7,53.4,35.3,4.2,0.0,264.0,1301.0,2709440,survey_fndds_food
"Potato Chips, Popped, Plain",General,469.0,5.0,71.4,18.2,4.8,0.0,536.0,721.0,2709441,survey_fndds_food
"Potato Chips, Popped, Flavored",General,467.0,5.0,71.0,18.1,4.8,0.0,726.0,717.0,2709442,survey_fndds_food
"Potato Chips, Popped, Nfs",General,469.0,5.0,71.4,18.2,4.8,0.0,536.0,721.0,2709443,survey_fndds_food
"Potato Sticks, Plain",General,522.0,6.7,53.3,34.4,3.4,0.0,633.0,1237.0,2709444,survey_fndds_food
"Potato Sticks, Flavored",General,517.0,6.6,52.8,34.1,3.4,0.0,1010.0,1225.0,2709445,survey_fndds_food
"Potato Sticks, Fry Shaped",General,517.0,6.6,52.8,34.1,3.4,0.0,1010.0,1225.0,2709446,survey_fndds_food
Vegetable Chips,General,495.0,4.7,59.2,26.6,7.8,0.0,329.0,1052.0,2709447,survey_fndds_food
"Potato, Scalloped, Nfs",General,168.0,7.1,13.5,9.6,0.8,0.0,322.0,251.0,2709448,survey_fndds_food
"Potato, Scalloped, From Fast Food Or Restaurant",General,206.0,6.7,13.0,14.3,0.7,0.0,408.0,230.0,2709449,survey_fndds_food
"Potato, Scalloped, From Fresh",General,168.0,7.1,13.5,9.6,0.8,0.0,322.0,251.0,2709450,survey_fndds_food
"Potato, Scalloped, From Dry Mix",General,169.0,6.9,13.5,9.8,0.8,0.0,414.0,243.0,2709452,survey_fndds_food
"Potato, Scalloped, Ready-To-Heat",General,178.0,6.8,13.3,11.0,0.7,0.0,400.0,239.0,2709454,survey_fndds_food
"Potato, French Fries, Nfs",General,225.0,2.5,23.2,14.1,1.8,0.0,295.0,435.0,2709456,survey_fndds_food
"Potato, French Fries, Ns As To Fresh Or Frozen",General,225.0,2.5,23.2,14.1,1.8,0.0,295.0,435.0,2709457,survey_fndds_food
"Potato, French Fries, From Fresh",General,198.0,1.9,18.5,13.1,1.6,0.0,141.0,401.0,2709458,survey_fndds_food
"Potato, French Fries, From Frozen",General,158.0,2.8,25.6,5.5,2.0,0.0,324.0,478.0,2709460,survey_fndds_food
"Potato, French Fries, Fast Food",General,312.0,3.4,41.4,14.7,3.8,0.0,210.0,579.0,2709461,survey_fndds_food
"Potato, French Fries, Restaurant",General,289.0,3.5,37.2,14.0,3.9,0.0,357.0,545.0,2709462,survey_fndds_food
"Potato, French Fries, School",General,166.0,2.0,19.3,9.2,1.7,0.0,147.0,419.0,2709464,survey_fndds_food
"Potato, French Fries, With Cheese",General,260.0,3.3,29.8,14.2,2.6,0.0,365.0,387.0,2709465,survey_fndds_food
"Potato, French Fries, With Chili",General,241.0,5.2,30.8,10.8,3.6,0.0,261.0,473.0,2709467,survey_fndds_food
"Potato, French Fries, With Chili And Cheese",General,221.0,4.7,24.9,11.4,2.7,0.0,363.0,358.0,2709468,survey_fndds_food
"Potato, Home Fries, Nfs",General,197.0,1.9,18.4,13.0,1.6,0.0,340.0,399.0,2709472,survey_fndds_food
"Potato, Home Fries, From Restaurant / Fast Food",General,213.0,1.9,17.9,15.2,1.6,0.0,396.0,388.0,2709473,survey_fndds_food
"Potato, Home Fries, From Fresh",General,185.0,2.0,18.8,11.5,1.6,0.0,279.0,407.0,2709474,survey_fndds_food
"Potato, Home Fries, Ready-To-Heat",General,197.0,1.9,18.4,13.0,1.6,0.0,340.0,399.0,2709475,survey_fndds_food
"Potato, Home Fries, With Vegetables",General,173.0,1.7,15.6,11.8,1.5,0.0,382.0,345.0,2709476,survey_fndds_food
"Potato, Hash Brown, Nfs",General,217.0,2.6,28.2,11.5,3.2,0.0,398.0,491.0,2709477,survey_fndds_food
"Potato, Hash Brown, From Fast Food",General,272.0,2.6,28.9,17.0,2.7,0.0,566.0,355.0,2709478,survey_fndds_food
"Potato, Hash Brown, From Restaurant",General,272.0,2.6,28.9,17.0,2.7,0.0,566.0,355.0,2709480,survey_fndds_food
"Potato, Hash Brown, From School Lunch",General,218.0,2.6,28.4,11.5,3.2,0.0,169.0,494.0,2709482,survey_fndds_food
"Potato, Hash Brown, From Fresh",General,190.0,1.9,18.6,12.3,1.6,0.0,343.0,403.0,2709483,survey_fndds_food
"Potato, Hash Brown, From Dry Mix",General,217.0,2.6,28.2,11.5,3.2,0.0,398.0,491.0,2709485,survey_fndds_food
"Potato, Hash Brown, Ready-To-Heat",General,217.0,2.6,28.2,11.5,3.2,0.0,398.0,491.0,2709486,survey_fndds_food
Potato Skins Without Topping,General,151.0,2.1,19.5,7.4,1.8,0.0,363.0,445.0,2709488,survey_fndds_food
"Potato Skins, With Cheese",General,199.0,6.1,16.3,12.4,1.5,0.0,417.0,376.0,2709489,survey_fndds_food
"Potato Skins, With Cheese And Bacon",General,215.0,7.6,15.5,13.7,1.4,0.0,488.0,383.0,2709490,survey_fndds_food
"Potato Skins, Nfs",General,199.0,6.1,16.3,12.4,1.5,0.0,417.0,376.0,2709491,survey_fndds_food
"Potato, Mashed, Nfs",General,114.0,2.2,17.6,4.1,1.2,0.0,210.0,330.0,2709492,survey_fndds_food
"Potato, Mashed, From Fast Food",General,89.0,1.6,14.6,2.8,1.3,0.0,306.0,286.0,2709493,survey_fndds_food
"Potato, Mashed, Ready-To-Heat",General,106.0,2.0,13.3,5.0,1.9,0.0,298.0,274.0,2709495,survey_fndds_food
"Potato, Mashed, From Fresh",General,114.0,2.2,17.6,4.1,1.2,0.0,210.0,330.0,2709496,survey_fndds_food
"Potato, Mashed, From Restaurant",General,138.0,2.1,16.8,7.2,1.1,0.0,370.0,315.0,2709500,survey_fndds_food
"Potato, Mashed, From School Lunch",General,77.0,2.1,13.2,1.9,1.0,0.0,201.0,203.0,2709502,survey_fndds_food
"Potato, Mashed, From Dry Mix",General,117.0,2.0,12.6,6.7,0.9,0.0,252.0,192.0,2709503,survey_fndds_food
Potato Patty,General,171.0,3.9,13.5,11.3,1.5,0.0,219.0,219.0,2709510,survey_fndds_food
"Potato Tots, Nfs",General,237.0,1.9,24.4,15.5,2.3,0.0,421.0,243.0,2709511,survey_fndds_food
"Potato Tots, Fast Food / Restaurant",General,236.0,1.9,24.3,15.4,2.3,0.0,571.0,242.0,2709512,survey_fndds_food
"Potato Tots, School",General,166.0,2.0,19.3,9.2,1.7,0.0,147.0,419.0,2709513,survey_fndds_food
"Potato Tots, From Fresh, Fried Or Baked",General,237.0,1.9,24.4,15.5,2.3,0.0,421.0,243.0,2709514,survey_fndds_food
"Potato Tots, Frozen, Baked",General,187.0,2.0,26.1,9.2,2.4,0.0,451.0,260.0,2709515,survey_fndds_food
"Potato Tots, Frozen, Fried",General,237.0,1.9,24.4,15.5,2.3,0.0,421.0,243.0,2709516,survey_fndds_food
"Potato Tots, Frozen, Ns As To Fried Or Baked",General,237.0,1.9,24.4,15.5,2.3,0.0,421.0,243.0,2709517,survey_fndds_food
"Potato, Baked, Peel Eaten",General,93.0,2.5,21.0,0.1,2.2,0.0,186.0,533.0,2709524,survey_fndds_food
"Potato Salad With Egg, From Restaurant",General,175.0,3.0,15.4,11.4,1.1,0.0,333.0,286.0,2709531,survey_fndds_food
"Potato Salad With Egg, Made With Mayonnaise",General,157.0,2.0,16.2,9.4,1.3,0.0,329.0,242.0,2709532,survey_fndds_food
"Potato Salad With Egg, Made With Light Mayonnaise",General,111.0,2.7,15.1,4.5,1.3,0.0,205.0,244.0,2709533,survey_fndds_food
"Potato Salad With Egg, Made With Mayonnaise-Type Salad Dressing",General,112.0,2.8,15.9,4.3,1.3,0.0,179.0,246.0,2709534,survey_fndds_food
"Potato Salad With Egg, Made With Light Mayonnaise-Type Salad Dressing",General,111.0,2.7,15.1,4.5,1.3,0.0,205.0,244.0,2709535,survey_fndds_food
"Potato Salad With Egg, Made With Creamy Dressing",General,142.0,2.9,14.9,7.9,1.3,0.0,188.0,259.0,2709536,survey_fndds_food
"Potato Salad With Egg, Made With Light Creamy Dressing",General,102.0,3.0,15.0,3.5,1.3,0.0,193.0,254.0,2709537,survey_fndds_food
"Potato Salad With Egg, Made With Italian Dressing",General,114.0,2.8,15.8,4.4,1.3,0.0,212.0,263.0,2709538,survey_fndds_food
"Potato Salad With Egg, Made With Light Italian Dressing",General,94.0,2.8,15.5,2.4,1.3,0.0,200.0,263.0,2709539,survey_fndds_food
"Potato Salad With Egg, Made With Any Type Of Fat Free Dressing",General,89.0,2.7,16.0,1.7,1.6,0.0,205.0,245.0,2709540,survey_fndds_food
"Potato Salad, German Style",General,108.0,2.9,17.2,3.2,1.9,0.0,181.0,446.0,2709541,survey_fndds_food
"Potato Salad, From Restaurant",General,178.0,1.7,17.3,11.4,1.3,0.0,361.0,308.0,2709542,survey_fndds_food
"Potato Salad, Made With Mayonnaise",General,168.0,1.5,15.8,11.1,1.5,0.0,179.0,261.0,2709543,survey_fndds_food
"Potato Salad, Made With Light Mayonnaise",General,105.0,1.4,17.0,3.6,1.5,0.0,215.0,260.0,2709544,survey_fndds_food
"Potato Salad, Made With Mayonnaise-Type Salad Dressing",General,107.0,1.5,17.9,3.5,1.5,0.0,186.0,262.0,2709545,survey_fndds_food
"Potato Salad, Made With Light Mayonnaise-Type Salad Dressing",General,105.0,1.4,17.0,3.6,1.5,0.0,215.0,260.0,2709546,survey_fndds_food
"Potato Salad, Made With Creamy Dressing",General,140.0,1.6,16.8,7.5,1.5,0.0,197.0,278.0,2709547,survey_fndds_food
"Potato Salad, Made With Light Creamy Dressing",General,95.0,1.6,17.0,2.5,1.5,0.0,203.0,272.0,2709548,survey_fndds_food
"Potato Salad, Made With Italian Dressing",General,108.0,1.4,17.9,3.6,1.5,0.0,225.0,282.0,2709549,survey_fndds_food
"Potato Salad, Made With Light Italian Dressing",General,85.0,1.4,17.5,1.2,1.5,0.0,210.0,282.0,2709550,survey_fndds_food
"Potato Salad, Made With Any Type Of Fat Free Dressing",General,81.0,1.4,17.9,0.6,1.8,0.0,215.0,261.0,2709551,survey_fndds_food
Potato Pancake,General,196.0,4.5,20.6,10.8,2.2,0.0,402.0,448.0,2709552,survey_fndds_food
Lefse,General,218.0,4.4,36.4,6.3,2.0,0.0,172.0,271.0,2709553,survey_fndds_food
Stewed Potatoes,General,103.0,2.0,16.3,3.4,2.1,0.0,147.0,435.0,2709554,survey_fndds_food
Stewed Potatoes With Tomatoes,General,87.0,1.7,12.9,3.3,1.9,0.0,146.0,386.0,2709555,survey_fndds_food
"Soup, Potato",General,90.0,1.5,10.5,4.7,1.2,0.0,240.0,227.0,2709556,survey_fndds_food
"Soup, Potato With Meat",General,109.0,3.8,8.8,6.4,1.0,0.0,246.0,210.0,2709557,survey_fndds_food
"Plantain, Cooked, No Added Fat",General,122.0,1.3,31.8,0.4,1.7,0.0,120.0,486.0,2709558,survey_fndds_food
"Plantain, Cooked With Oil",General,144.0,1.3,30.9,3.2,1.6,0.0,116.0,471.0,2709559,survey_fndds_food
"Plantain, Raw",General,122.0,1.3,31.9,0.4,1.7,0.0,4.0,487.0,2709560,survey_fndds_food
"Plantain, Cooked, Fat Added",General,141.0,1.3,30.9,2.9,1.6,0.0,125.0,472.0,2709561,survey_fndds_food
"Plantain, Cooked With Butter Or Margarine",General,138.0,1.3,30.9,2.5,1.6,0.0,133.0,472.0,2709562,survey_fndds_food
Plantain Chips,General,531.0,2.3,63.8,29.6,3.5,0.0,202.0,786.0,2709563,survey_fndds_food
"Cassava, Cooked",General,191.0,1.4,39.6,3.0,1.9,0.0,145.0,282.0,2709564,survey_fndds_food
Yuca Fries,General,269.0,1.2,34.7,13.9,1.6,0.0,154.0,247.0,2709565,survey_fndds_food
"Casabe, Cassava Bread",General,299.0,2.5,71.2,0.5,3.4,0.0,1185.0,507.0,2709566,survey_fndds_food
"Taro, Cooked",General,141.0,1.6,27.6,3.0,4.3,0.0,142.0,616.0,2709567,survey_fndds_food
Fufu,General,166.0,1.5,33.6,3.0,3.1,0.0,143.0,449.0,2709568,survey_fndds_food
Taro Chips,General,498.0,2.3,68.1,24.9,7.2,0.0,342.0,755.0,2709569,survey_fndds_food
"Beet Greens, Raw",General,22.0,2.2,4.3,0.1,3.7,0.0,226.0,762.0,2709570,survey_fndds_food
"Beet Greens, Cooked",General,48.0,2.3,4.5,2.9,3.9,0.0,365.0,794.0,2709571,survey_fndds_food
"Broccoli Raab, Raw",General,22.0,3.2,2.8,0.5,2.7,0.0,33.0,196.0,2709572,survey_fndds_food
"Broccoli Raab, Cooked",General,46.0,3.2,2.9,3.2,2.7,0.0,159.0,198.0,2709573,survey_fndds_food
"Chard, Raw",General,19.0,1.8,3.7,0.2,1.6,0.0,213.0,379.0,2709574,survey_fndds_food
"Chard, Cooked",General,44.0,1.9,3.9,3.0,1.7,0.0,352.0,395.0,2709575,survey_fndds_food
"Collards, Raw",General,32.0,3.0,5.4,0.6,4.0,0.0,17.0,213.0,2709576,survey_fndds_food
"Collards, Fresh, Cooked",General,34.0,3.2,5.8,0.6,4.3,0.0,143.0,228.0,2709577,survey_fndds_food
"Collards, Frozen, Cooked",General,36.0,3.0,7.1,0.4,2.8,0.0,166.0,250.0,2709578,survey_fndds_food
"Collards, Ns As To Form, Cooked",General,58.0,3.2,5.6,3.4,4.2,0.0,148.0,222.0,2709579,survey_fndds_food
"Collards, Fresh, Cooked With Oil",General,61.0,3.1,5.6,3.8,4.2,0.0,139.0,222.0,2709582,survey_fndds_food
"Collards, Fresh, Cooked With Butter Or Margarine",General,54.0,3.2,5.6,3.0,4.2,0.0,157.0,222.0,2709583,survey_fndds_food
"Collards, Frozen, Cooked With Oil",General,61.0,2.9,6.9,3.3,2.7,0.0,161.0,243.0,2709584,survey_fndds_food
"Collards, Frozen, Cooked With Butter Or Margarine",General,55.0,2.9,6.9,2.6,2.7,0.0,178.0,244.0,2709585,survey_fndds_food
"Cress, Raw",General,32.0,2.6,5.5,0.7,1.1,0.0,14.0,606.0,2709586,survey_fndds_food
"Cress, Cooked",General,58.0,2.7,5.7,3.5,1.1,0.0,145.0,631.0,2709587,survey_fndds_food
"Dandelion Greens, Raw",General,45.0,2.7,9.2,0.7,3.5,0.0,76.0,397.0,2709588,survey_fndds_food
"Dandelion Greens, Cooked",General,71.0,2.8,9.6,3.5,3.6,0.0,209.0,414.0,2709589,survey_fndds_food
"Romaine Lettuce, Raw",General,21.0,1.0,4.1,0.1,1.8,0.0,23.0,260.0,2709590,survey_fndds_food
"Caesar Salad, With Romaine, No Dressing",General,77.0,4.0,7.5,3.4,1.8,0.0,238.0,250.0,2709591,survey_fndds_food
"Escarole, Cooked",General,37.0,1.1,3.0,2.7,2.7,0.0,139.0,238.0,2709592,survey_fndds_food
"Greens, Fresh, Cooked",General,37.0,3.0,5.2,1.0,4.2,0.0,159.0,302.0,2709593,survey_fndds_food
"Greens, Frozen, Cooked",General,37.0,2.9,5.8,0.7,2.7,0.0,146.0,194.0,2709594,survey_fndds_food
"Greens, Ns As To Form, Cooked",General,58.0,2.9,5.0,3.4,4.1,0.0,163.0,294.0,2709595,survey_fndds_food
"Greens, Canned, Cooked",General,41.0,1.3,2.7,2.8,1.3,0.0,335.0,136.0,2709598,survey_fndds_food
"Kale, Raw",General,43.0,2.9,4.4,1.5,4.1,0.0,53.0,348.0,2709599,survey_fndds_food
"Kale, Fresh, Cooked",General,46.0,3.1,4.7,1.6,4.4,0.0,181.0,373.0,2709600,survey_fndds_food
"Kale, Frozen, Cooked",General,44.0,2.9,5.3,1.2,2.3,0.0,132.0,144.0,2709601,survey_fndds_food
"Kale, Ns As To Form, Cooked",General,69.0,3.0,4.6,4.3,4.3,0.0,185.0,363.0,2709602,survey_fndds_food
"Lambsquarter, Cooked",General,54.0,3.1,4.8,3.2,2.0,0.0,149.0,279.0,2709605,survey_fndds_food
"Mustard Greens, Raw",General,27.0,2.9,4.7,0.4,3.2,0.0,20.0,384.0,2709606,survey_fndds_food
"Mustard Greens, Fresh, Cooked",General,29.0,3.1,5.0,0.4,3.4,0.0,146.0,412.0,2709607,survey_fndds_food
"Mustard Greens, Frozen, Cooked",General,19.0,2.3,3.1,0.2,2.8,0.0,141.0,139.0,2709608,survey_fndds_food
"Mustard Greens, Ns As To Form, Cooked",General,53.0,3.0,4.9,3.2,3.3,0.0,151.0,400.0,2709609,survey_fndds_food
"Poke Greens, Cooked",General,42.0,2.2,3.0,2.9,1.5,0.0,138.0,178.0,2709612,survey_fndds_food
"Radicchio, Raw",General,23.0,1.4,4.5,0.2,0.9,0.0,22.0,302.0,2709613,survey_fndds_food
"Spinach, Raw",General,27.0,2.8,2.4,0.6,1.6,0.0,111.0,582.0,2709614,survey_fndds_food
"Spinach, Fresh, Cooked",General,33.0,3.4,3.1,0.7,1.9,0.0,262.0,540.0,2709615,survey_fndds_food
"Spinach, Frozen, Cooked",General,34.0,4.0,4.8,0.9,3.7,0.0,212.0,301.0,2709616,survey_fndds_food
"Spinach, Canned, Cooked",General,23.0,2.8,3.4,0.5,2.4,0.0,322.0,346.0,2709617,survey_fndds_food
"Spinach, Fresh, Cooked With Oil",General,63.0,3.3,3.0,4.1,1.8,0.0,254.0,524.0,2709618,survey_fndds_food
"Spinach, Fresh, Cooked With Butter Or Margarine",General,55.0,3.3,3.0,3.3,1.8,0.0,274.0,525.0,2709619,survey_fndds_food
"Spinach, Ns As To Form, Cooked",General,59.0,3.3,3.0,3.7,1.8,0.0,264.0,524.0,2709620,survey_fndds_food
"Spinach, Frozen, Cooked With Oil",General,59.0,3.9,4.6,3.8,3.6,0.0,206.0,292.0,2709624,survey_fndds_food
"Spinach, Frozen, Cooked With Butter Or Margarine",General,53.0,3.9,4.7,3.0,3.6,0.0,223.0,293.0,2709625,survey_fndds_food
"Spinach, Canned, Cooked With Oil",General,49.0,2.7,3.3,3.4,2.3,0.0,313.0,336.0,2709626,survey_fndds_food
"Spinach, Canned, Cooked With Butter Or Margarine",General,42.0,2.7,3.3,2.7,2.3,0.0,330.0,337.0,2709627,survey_fndds_food
"Spinach, Creamed",General,90.0,2.4,6.1,6.1,1.2,0.0,450.0,340.0,2709628,survey_fndds_food
Spinach Souffle,General,128.0,5.7,7.1,8.6,1.1,0.0,160.0,176.0,2709629,survey_fndds_food
Spinach And Cheese Casserole,General,130.0,7.0,9.9,7.6,2.8,0.0,311.0,247.0,2709630,survey_fndds_food
Palak Paneer,General,101.0,5.4,4.3,7.0,0.9,0.0,242.0,244.0,2709631,survey_fndds_food
Channa Saag,General,89.0,4.1,8.8,4.3,3.0,0.0,270.0,429.0,2709632,survey_fndds_food
"Taro Leaves, Cooked",General,68.0,5.2,7.0,3.5,3.9,0.0,133.0,675.0,2709633,survey_fndds_food
"Turnip Greens, Fresh, Cooked",General,20.0,1.1,4.4,0.2,3.5,0.0,145.0,202.0,2709634,survey_fndds_food
"Turnip Greens, Frozen, Cooked",General,29.0,3.3,5.0,0.4,3.4,0.0,131.0,223.0,2709635,survey_fndds_food
"Turrnip Greens, Ns As To Form, Cooked",General,42.0,1.1,4.2,2.8,3.4,0.0,149.0,197.0,2709636,survey_fndds_food
"Watercress, Raw",General,11.0,2.3,1.3,0.1,0.5,0.0,41.0,330.0,2709639,survey_fndds_food
"Watercress, Cooked",General,36.0,2.4,1.4,2.8,0.5,0.0,173.0,344.0,2709640,survey_fndds_food
"Bitter Melon, Horseradish, Jute",General,56.0,3.5,6.5,2.7,1.8,0.0,134.0,583.0,2709641,survey_fndds_food
"Sweet Potato, Squash, Pumpkin",General,57.0,2.1,7.2,2.9,1.8,0.0,128.0,302.0,2709642,survey_fndds_food
"Broccoli, Raw",General,39.0,2.6,6.3,0.3,2.4,0.0,36.0,303.0,2709643,survey_fndds_food
"Broccoli, Cooked, From Restaurant",General,77.0,2.6,6.2,4.7,2.4,0.0,241.0,300.0,2709644,survey_fndds_food
"Broccoli, Fresh, Cooked",General,41.0,2.7,6.5,0.4,2.5,0.0,158.0,315.0,2709645,survey_fndds_food
"Broccoli, Frozen, Cooked",General,28.0,3.1,5.3,0.1,3.0,0.0,127.0,142.0,2709646,survey_fndds_food
"Broccoli, Ns As To Form, Cooked",General,63.0,2.6,6.3,3.0,2.4,0.0,162.0,306.0,2709647,survey_fndds_food
"Broccoli, Fresh, Cooked With Oil",General,67.0,2.6,6.3,3.4,2.4,0.0,153.0,306.0,2709650,survey_fndds_food
"Broccoli, Fresh, Cooked With Butter Or Margarine",General,60.0,2.6,6.3,2.6,2.4,0.0,171.0,306.0,2709651,survey_fndds_food
"Broccoli, Frozen, Cooked With Oil",General,53.0,3.0,5.2,3.0,2.9,0.0,123.0,137.0,2709652,survey_fndds_food
"Broccoli, Frozen, Cooked With Butter Or Margarine",General,47.0,3.0,5.2,2.3,2.9,0.0,140.0,138.0,2709653,survey_fndds_food
Broccoli Casserole With Noodles,General,112.0,3.6,15.9,3.8,1.9,0.0,186.0,191.0,2709654,survey_fndds_food
Broccoli Casserole With Rice,General,107.0,4.1,15.1,3.6,1.9,0.0,188.0,103.0,2709655,survey_fndds_food
Fried Broccoli,General,223.0,4.3,22.4,12.9,1.7,0.0,329.0,161.0,2709656,survey_fndds_food
"Broccoli, Chinese, Raw",General,26.0,1.2,4.7,0.8,2.6,0.0,7.0,274.0,2709657,survey_fndds_food
"Broccoli, Chinese, Cooked",General,50.0,1.2,4.7,3.4,2.6,0.0,133.0,277.0,2709658,survey_fndds_food
"Soup, Broccoli Cheese",General,82.0,4.3,6.1,4.5,1.3,0.0,329.0,161.0,2709659,survey_fndds_food
"Carrots, Raw",General,44.0,0.9,9.7,0.2,2.9,0.0,75.0,258.0,2709660,survey_fndds_food
"Carrots, Raw, Salad",General,212.0,1.2,17.6,15.7,2.6,0.0,189.0,283.0,2709661,survey_fndds_food
"Carrots, Raw, Salad With Apples",General,181.0,0.8,8.6,16.0,2.3,0.0,189.0,198.0,2709662,survey_fndds_food
"Carrots, Cooked, From Restaurant",General,86.0,0.9,10.2,4.7,3.1,0.0,292.0,277.0,2709663,survey_fndds_food
"Carrots, Fresh, Cooked",General,50.0,1.0,10.7,0.4,3.2,0.0,211.0,291.0,2709664,survey_fndds_food
"Carrots, Frozen, Cooked",General,39.0,0.8,7.9,0.5,3.2,0.0,182.0,209.0,2709665,survey_fndds_food
"Carrots, Canned, Cooked",General,25.0,0.6,5.5,0.2,1.5,0.0,242.0,179.0,2709666,survey_fndds_food
"Carrots, Fresh, Cooked With Oil",General,76.0,1.0,10.4,3.4,3.1,0.0,205.0,282.0,2709667,survey_fndds_food
"Carrots, Fresh, Cooked With Butter Or Margarine",General,69.0,1.0,10.4,2.6,3.1,0.0,223.0,283.0,2709668,survey_fndds_food
"Carrots, Ns As To Form, Cooked",General,72.0,1.0,10.4,3.0,3.1,0.0,214.0,283.0,2709669,survey_fndds_food
"Carrots, Frozen, Cooked With Oil",General,64.0,0.8,7.7,3.4,3.1,0.0,176.0,203.0,2709673,survey_fndds_food
"Carrots, Frozen, Cooked With Butter Or Margarine",General,57.0,0.8,7.7,2.6,3.1,0.0,193.0,204.0,2709674,survey_fndds_food
"Carrots, Canned, Cooked With Oil",General,50.0,0.6,5.4,3.1,1.5,0.0,235.0,174.0,2709675,survey_fndds_food
"Carrots, Canned, Cooked With Butter Or Margarine",General,44.0,0.6,5.4,2.4,1.5,0.0,252.0,175.0,2709676,survey_fndds_food
"Carrots, Glazed, Cooked",General,97.0,0.9,17.3,2.8,2.9,0.0,214.0,270.0,2709677,survey_fndds_food
"Carrots, Canned, Reduced Sodium",General,23.0,0.6,5.4,0.1,1.8,0.0,34.0,158.0,2709678,survey_fndds_food
Beet Juice,General,25.0,0.7,5.9,0.1,1.1,0.0,19.0,128.0,2709682,survey_fndds_food
"Carrot Juice, 100%",General,40.0,1.0,9.3,0.2,0.8,0.0,66.0,292.0,2709683,survey_fndds_food
"Peas And Carrots, Fresh, Cooked",General,67.0,3.3,12.8,0.4,4.6,0.0,168.0,272.0,2709684,survey_fndds_food
"Peas And Carrots, Frozen, Cooked",General,58.0,3.0,11.1,0.4,3.8,0.0,185.0,160.0,2709685,survey_fndds_food
"Peas And Carrots, Canned, Cooked",General,46.0,2.6,8.4,0.5,3.2,0.0,258.0,142.0,2709686,survey_fndds_food
"Peas And Carrots, Cooked, Ns As To Form",General,89.0,3.2,12.5,3.0,4.4,0.0,172.0,265.0,2709687,survey_fndds_food
"Pumpkin, Canned, Cooked",General,56.0,1.1,7.9,2.8,2.8,0.0,13.0,200.0,2709691,survey_fndds_food
"Pumpkin, Cooked",General,52.0,1.0,6.8,2.8,0.5,0.0,131.0,354.0,2709692,survey_fndds_food
"Winter Squash, Raw",General,26.0,1.0,6.5,0.1,0.5,0.0,1.0,340.0,2709693,survey_fndds_food
"Winter Squash, Cooked, No Added Fat",General,37.0,0.9,8.8,0.4,2.8,0.0,117.0,240.0,2709694,survey_fndds_food
"Winter Squash, Cooked, Fat Added",General,59.0,0.9,8.6,2.9,2.7,0.0,122.0,234.0,2709695,survey_fndds_food
"Squash, Winter, Souffle",General,78.0,3.4,12.1,2.3,2.1,0.0,164.0,216.0,2709696,survey_fndds_food
"Sweet Potato, Nfs",General,115.0,1.6,17.1,4.5,3.0,0.0,161.0,481.0,2709697,survey_fndds_food
"Sweet Potato, Baked, Ns As To Fat",General,115.0,1.6,17.1,4.5,3.0,0.0,161.0,481.0,2709698,survey_fndds_food
"Sweet Potato, Baked, No Added Fat",General,82.0,1.6,18.0,0.4,3.1,0.0,154.0,504.0,2709699,survey_fndds_food
"Sweet Potato, Baked, Fat Added",General,115.0,1.6,17.1,4.5,3.0,0.0,161.0,481.0,2709700,survey_fndds_food
"Sweet Potato, Boiled, Ns As To Fat",General,115.0,1.6,17.1,4.5,3.0,0.0,161.0,481.0,2709701,survey_fndds_food
"Sweet Potato, Boiled, No Added Fat",General,82.0,1.6,18.0,0.4,3.1,0.0,154.0,504.0,2709702,survey_fndds_food
"Sweet Potato, Boiled, Fat Added",General,115.0,1.6,17.1,4.5,3.0,0.0,161.0,481.0,2709703,survey_fndds_food
"Sweet Potato, Candied",General,187.0,1.2,37.7,3.5,2.2,0.0,121.0,362.0,2709704,survey_fndds_food
"Sweet Potato, Canned, Ns As To Fat",General,124.0,1.6,20.0,4.4,1.7,0.0,211.0,297.0,2709705,survey_fndds_food
"Sweet Potato, Canned, No Added Fat",General,91.0,1.6,21.0,0.2,1.8,0.0,207.0,311.0,2709706,survey_fndds_food
"Sweet Potato, Canned, Fat Added",General,124.0,1.6,20.0,4.4,1.7,0.0,211.0,297.0,2709707,survey_fndds_food
"Sweet Potato, Casserole Or Mashed",General,99.0,1.9,17.2,2.6,2.4,0.0,132.0,420.0,2709708,survey_fndds_food
"Sweet Potato Fries, Nfs",General,192.0,2.3,37.4,9.4,6.0,0.0,154.0,431.0,2709709,survey_fndds_food
Sweet Potato Chips,General,529.0,2.9,56.5,32.2,8.8,0.0,227.0,920.0,2709710,survey_fndds_food
"Sweet Potato Fries, Frozen",General,192.0,2.3,37.4,9.4,6.0,0.0,154.0,431.0,2709711,survey_fndds_food
"Sweet Potato Fries, From Fresh",General,156.0,1.5,16.4,9.4,2.8,0.0,140.0,459.0,2709712,survey_fndds_food
"Sweet Potato Fries, Fast Food / Restaurant",General,305.0,1.9,31.6,23.9,5.1,0.0,267.0,364.0,2709713,survey_fndds_food
"Sweet Potato Fries, School",General,192.0,2.3,37.4,9.4,6.0,0.0,154.0,431.0,2709714,survey_fndds_food
Sweet Potato Tots,General,191.0,2.3,37.3,9.4,6.0,0.0,315.0,429.0,2709715,survey_fndds_food
"Sweet Potato Tots, Fast Food / Restaurant",General,240.0,2.1,34.9,15.6,5.6,0.0,295.0,401.0,2709716,survey_fndds_food
"Sweet Potato Tots, School",General,192.0,2.3,37.4,9.4,6.0,0.0,154.0,431.0,2709717,survey_fndds_food
"Soup, Pumpkin",General,72.0,1.1,6.9,4.7,1.5,0.0,241.0,120.0,2709718,survey_fndds_food
"Tomatoes, Raw",General,20.0,0.8,4.0,0.3,1.2,0.0,4.0,226.0,2709719,survey_fndds_food
"Tomatoes, Ns As To Form, Cooked",General,50.0,1.1,4.7,3.4,1.5,0.0,157.0,287.0,2709720,survey_fndds_food
"Tomatoes, Fresh, Cooked",General,50.0,1.1,4.7,3.4,1.5,0.0,157.0,287.0,2709721,survey_fndds_food
"Tomatoes, Canned, Cooked",General,43.0,0.8,3.2,3.0,1.8,0.0,130.0,193.0,2709722,survey_fndds_food
"Tomatoes, Scalloped",General,110.0,2.7,14.1,5.0,1.9,0.0,216.0,253.0,2709723,survey_fndds_food
"Tomatoes, Canned, Reduced Sodium",General,39.0,0.8,3.4,2.8,1.8,0.0,18.0,186.0,2709724,survey_fndds_food
Fried Green Tomatoes,General,216.0,3.7,21.8,12.8,1.3,0.0,317.0,153.0,2709725,survey_fndds_food
"Tomato, Green, Pickled",General,40.0,1.0,9.1,0.2,0.9,0.0,955.0,169.0,2709726,survey_fndds_food
Sun-Dried Tomatoes,General,258.0,14.1,55.8,3.0,12.3,0.0,107.0,3427.0,2709727,survey_fndds_food
"Tomato Juice, 100%",General,23.0,0.9,4.3,0.3,0.4,0.0,236.0,198.0,2709728,survey_fndds_food
"Tomato Juice, 100%, Low Sodium",General,23.0,0.9,4.3,0.3,0.4,0.0,58.0,198.0,2709729,survey_fndds_food
Tomato Juice Cocktail,General,22.0,0.9,3.9,0.3,0.5,0.0,169.0,185.0,2709730,survey_fndds_food
"Tomato And Vegetable Juice, 100%",General,22.0,0.9,3.9,0.3,0.5,0.0,169.0,185.0,2709731,survey_fndds_food
"Tomato And Vegetable Juice, 100%, Low Sodium",General,22.0,0.6,4.6,0.1,0.8,0.0,58.0,193.0,2709732,survey_fndds_food
Ketchup,General,109.0,1.1,27.1,0.3,0.3,0.0,928.0,265.0,2709733,survey_fndds_food
"Ketchup, Reduced Sodium",General,101.0,1.0,27.4,0.1,0.3,0.0,20.0,281.0,2709734,survey_fndds_food
Tomato Chili Sauce,General,92.0,2.5,19.8,0.3,2.4,0.0,1338.0,370.0,2709735,survey_fndds_food
"Salsa, Nfs",General,34.0,1.4,6.7,0.2,1.8,0.0,656.0,258.0,2709736,survey_fndds_food
"Salsa, Pico De Gallo",General,17.0,0.7,3.7,0.1,1.1,0.0,443.0,157.0,2709737,survey_fndds_food
"Salsa, Red",General,34.0,1.4,6.7,0.2,1.8,0.0,656.0,258.0,2709738,survey_fndds_food
"Salsa, Red, Homemade",General,34.0,1.4,6.7,0.2,1.8,0.0,656.0,258.0,2709739,survey_fndds_food
Taco Sauce,General,11.0,1.2,0.7,0.7,0.5,0.0,570.0,115.0,2709740,survey_fndds_food
"Enchilada Sauce, Red",General,30.0,0.6,4.9,0.9,0.5,0.0,547.0,101.0,2709741,survey_fndds_food
"Enchilada Sauce, Green",General,38.0,1.1,6.4,0.9,1.9,0.0,906.0,259.0,2709742,survey_fndds_food
"Salsa Verde Or Salsa, Green",General,38.0,1.1,6.4,0.9,1.9,0.0,906.0,259.0,2709743,survey_fndds_food
Hot Thai Sauce,General,74.0,1.0,16.6,0.7,0.5,0.0,2055.0,103.0,2709744,survey_fndds_food
Spaghetti Sauce,General,51.0,1.4,8.0,1.5,1.8,0.0,419.0,319.0,2709745,survey_fndds_food
Spaghetti Sauce With Added Vegetables,General,46.0,1.5,7.4,1.2,1.7,0.0,321.0,316.0,2709746,survey_fndds_food
"Spaghetti Sauce, Reduced Sodium",General,51.0,1.4,8.1,1.5,1.8,0.0,30.0,319.0,2709747,survey_fndds_food
"Spaghetti Sauce, Fat Free",General,24.0,1.2,5.3,0.3,1.5,0.0,474.0,297.0,2709748,survey_fndds_food
Vodka Sauce With Tomatoes And Cream,General,75.0,1.2,3.6,6.6,1.3,0.0,247.0,190.0,2709749,survey_fndds_food
Barbecue Sauce,General,172.0,0.8,40.8,0.6,0.9,0.0,1027.0,232.0,2709750,survey_fndds_food
Buffalo Sauce,General,11.0,1.2,0.8,0.7,0.6,0.0,2917.0,120.0,2709751,survey_fndds_food
Steak Sauce,General,95.0,1.2,22.0,0.2,1.5,0.0,1647.0,312.0,2709752,survey_fndds_food
Cocktail Sauce,General,128.0,1.4,28.2,1.0,1.8,0.0,1262.0,309.0,2709753,survey_fndds_food
Puerto Rican Seasoning With Ham,General,266.0,4.0,7.2,24.8,1.6,0.0,467.0,247.0,2709754,survey_fndds_food
Puerto Rican Seasoning Without Ham And Tomato Sauce,General,127.0,1.0,6.9,10.8,1.5,0.0,4.0,168.0,2709755,survey_fndds_food
"Tomato And Cucumber Salad Made With Tomato, Cucumber, Oil",General,122.0,0.5,6.4,10.2,0.6,0.0,212.0,142.0,2709756,survey_fndds_food
"Soup, Tomato",General,19.0,0.6,3.6,0.4,0.9,0.0,244.0,169.0,2709757,survey_fndds_food
"Soup, Cream Of Tomato",General,70.0,1.2,6.4,4.7,1.0,0.0,246.0,184.0,2709758,survey_fndds_food
"Soup, Tomato, Canned",General,34.0,0.6,7.6,0.3,0.6,0.0,263.0,113.0,2709759,survey_fndds_food
"Soup, Tomato, Canned / Carton",General,35.0,0.6,7.7,0.3,0.6,0.0,191.0,113.0,2709760,survey_fndds_food
Tomato Sandwich On White,General,201.0,8.5,26.5,6.8,1.5,0.0,494.0,159.0,2709761,survey_fndds_food
Tomato Sandwich On Wheat,General,199.0,9.4,24.7,7.0,3.1,0.0,489.0,194.0,2709762,survey_fndds_food
"Raw Vegetable, Nfs",General,30.0,1.2,5.8,0.3,2.0,0.0,53.0,263.0,2709763,survey_fndds_food
"Sprouts, Nfs",General,30.0,3.0,5.9,0.2,1.8,0.0,6.0,149.0,2709764,survey_fndds_food
"Alfalfa Sprouts, Raw",General,23.0,4.0,2.1,0.7,1.9,0.0,6.0,79.0,2709765,survey_fndds_food
Artichoke,General,53.0,2.9,12.0,0.3,5.7,0.0,60.0,286.0,2709766,survey_fndds_food
"Asparagus, Raw",General,20.0,2.2,3.9,0.1,2.1,0.0,2.0,202.0,2709767,survey_fndds_food
"Bean Sprouts, Raw",General,30.0,3.0,5.9,0.2,1.8,0.0,6.0,149.0,2709768,survey_fndds_food
"Green Beans, Raw",General,40.0,2.0,7.4,0.3,3.0,0.0,0.0,290.0,2709769,survey_fndds_food
"Beets, Raw",General,43.0,1.6,9.6,0.2,2.8,0.0,78.0,325.0,2709770,survey_fndds_food
"Broccoflower, Raw",General,31.0,3.0,6.1,0.3,3.2,0.0,23.0,300.0,2709771,survey_fndds_food
"Brussels Sprouts, Raw",General,43.0,3.4,9.0,0.3,3.8,0.0,25.0,389.0,2709772,survey_fndds_food
"Cabbage, Green, Raw",General,31.0,1.0,6.4,0.2,2.5,0.0,16.0,207.0,2709773,survey_fndds_food
"Cabbage, Chinese, Raw",General,13.0,1.5,2.2,0.2,1.0,0.0,65.0,252.0,2709774,survey_fndds_food
"Cabbage, Red, Raw",General,34.0,1.2,6.8,0.2,2.1,0.0,12.0,269.0,2709775,survey_fndds_food
"Cactus, Raw",General,16.0,1.3,3.3,0.1,2.2,0.0,21.0,257.0,2709776,survey_fndds_food
"Cauliflower, Raw",General,25.0,1.9,5.0,0.3,2.0,0.0,30.0,299.0,2709777,survey_fndds_food
"Celery, Raw",General,17.0,0.5,3.3,0.2,1.6,0.0,97.0,265.0,2709778,survey_fndds_food
"Fennel Bulb, Raw",General,31.0,1.2,7.3,0.2,3.1,0.0,52.0,414.0,2709779,survey_fndds_food
"Basil, Raw",General,23.0,3.2,2.6,0.6,1.6,0.0,4.0,295.0,2709780,survey_fndds_food
"Chives, Raw",General,30.0,3.3,4.4,0.7,2.5,0.0,3.0,296.0,2709781,survey_fndds_food
"Cilantro, Raw",General,23.0,2.1,3.7,0.5,2.8,0.0,46.0,521.0,2709782,survey_fndds_food
"Corn, Raw",General,86.0,3.3,18.7,1.4,2.0,0.0,15.0,270.0,2709783,survey_fndds_food
"Cucumber, Raw",General,16.0,0.6,3.0,0.2,0.5,0.0,2.0,170.0,2709784,survey_fndds_food
"Eggplant, Raw",General,25.0,1.0,5.9,0.2,3.0,0.0,2.0,229.0,2709785,survey_fndds_food
"Garlic, Raw",General,143.0,6.6,28.2,0.4,2.7,0.0,17.0,401.0,2709786,survey_fndds_food
"Jicama, Raw",General,38.0,0.7,8.8,0.1,4.9,0.0,4.0,150.0,2709787,survey_fndds_food
"Kohlrabi, Raw",General,27.0,1.7,6.2,0.1,3.6,0.0,20.0,350.0,2709788,survey_fndds_food
"Lettuce, Raw",General,20.0,0.9,3.7,0.1,1.3,0.0,23.0,249.0,2709789,survey_fndds_food
"Lettuce, Boston, Raw",General,18.0,0.9,3.3,0.1,0.9,0.0,25.0,321.0,2709790,survey_fndds_food
"Lettuce, Arugula, Raw",General,25.0,2.6,3.6,0.7,1.6,0.0,27.0,369.0,2709791,survey_fndds_food
"Mixed Salad Greens, Raw",General,21.0,1.3,3.4,0.2,1.4,0.0,41.0,316.0,2709792,survey_fndds_food
"Mushrooms, Raw",General,31.0,2.9,4.1,0.4,1.7,0.0,6.0,371.0,2709793,survey_fndds_food
"Onions, Green, Raw",General,32.0,1.8,7.3,0.2,2.6,0.0,16.0,276.0,2709794,survey_fndds_food
"Onions, Raw",General,38.0,0.9,8.5,0.1,1.7,0.0,1.0,171.0,2709795,survey_fndds_food
"Parsley, Raw",General,36.0,3.0,6.3,0.8,3.3,0.0,56.0,554.0,2709796,survey_fndds_food
"Green Peas, Raw",General,81.0,5.4,14.4,0.4,5.7,0.0,5.0,244.0,2709797,survey_fndds_food
"Peppers, Hot, Raw",General,34.0,1.4,7.7,0.4,2.2,0.0,6.0,285.0,2709798,survey_fndds_food
"Peppers, Raw, Nfs",General,27.0,0.8,5.7,0.1,1.0,0.0,0.0,188.0,2709799,survey_fndds_food
"Peppers, Sweet, Green",General,23.0,0.7,4.8,0.1,0.9,0.0,0.0,163.0,2709800,survey_fndds_food
"Peppers, Sweet, Red",General,31.0,0.9,6.6,0.1,1.2,0.0,0.0,213.0,2709801,survey_fndds_food
"Peppers, Banana, Raw",General,27.0,1.7,5.4,0.4,3.4,0.0,13.0,256.0,2709802,survey_fndds_food
Radish,General,16.0,0.7,3.4,0.1,1.6,0.0,39.0,233.0,2709803,survey_fndds_food
"Rutabaga, Raw",General,37.0,1.1,8.6,0.2,2.3,0.0,12.0,305.0,2709804,survey_fndds_food
"Seaweed, Raw",General,41.0,3.5,7.9,0.5,0.7,0.0,384.0,165.0,2709805,survey_fndds_food
"Snowpeas, Raw",General,42.0,2.8,7.6,0.2,2.6,0.0,4.0,200.0,2709806,survey_fndds_food
"Summer Squash, Yellow, Raw",General,19.0,1.0,3.9,0.3,1.0,0.0,2.0,222.0,2709807,survey_fndds_food
"Summer Squash, Green, Raw",General,17.0,1.2,3.1,0.3,1.0,0.0,8.0,261.0,2709808,survey_fndds_food
"Turnip, Raw",General,28.0,0.9,6.4,0.1,1.8,0.0,67.0,191.0,2709809,survey_fndds_food
Mixed Vegetable Juice,General,28.0,0.7,6.3,0.2,1.2,0.0,82.0,278.0,2709810,survey_fndds_food
Celery Juice,General,17.0,0.5,3.3,0.2,1.6,0.0,97.0,265.0,2709811,survey_fndds_food
"Broccoli Salad With Cauliflower, Cheese, Bacon Bits",General,270.0,5.8,10.4,22.8,1.6,0.0,340.0,162.0,2709812,survey_fndds_food
Broccoli Slaw Salad,General,123.0,2.0,10.4,8.1,1.9,0.0,295.0,233.0,2709813,survey_fndds_food
"Coleslaw, Fast Food / Restaurant",General,159.0,0.9,12.4,11.8,1.9,0.0,221.0,153.0,2709814,survey_fndds_food
Coleslaw,General,117.0,0.9,10.4,8.0,1.9,0.0,280.0,172.0,2709815,survey_fndds_food
"Cabbage Salad, Nfs",General,45.0,0.8,8.9,0.8,2.4,0.0,269.0,174.0,2709816,survey_fndds_food
"Coleslaw, With Fruit",General,113.0,0.9,13.6,6.3,2.1,0.0,222.0,182.0,2709817,survey_fndds_food
Cucumber And Vegetable Namasu,General,56.0,0.5,12.2,0.2,0.6,0.0,120.0,131.0,2709818,survey_fndds_food
"Cucumber Salad, Made With Sour Cream Dressing",General,66.0,1.3,3.7,5.2,0.4,0.0,219.0,164.0,2709819,survey_fndds_food
"Cucumber Salad, Made With Italian Dressing",General,120.0,0.5,6.2,10.0,0.5,0.0,207.0,123.0,2709820,survey_fndds_food
Cucumber Salad Made With Cucumber And Vinegar,General,34.0,0.5,6.8,0.1,0.5,0.0,236.0,137.0,2709821,survey_fndds_food
"Lettuce, Salad With Assorted Vegetables Including Tomatoes And/Or Carrots, No Dressing",General,24.0,1.1,4.6,0.2,1.5,0.0,39.0,272.0,2709822,survey_fndds_food
"Lettuce, Salad With Assorted Vegetables Excluding Tomatoes And Carrots, No Dressing",General,23.0,1.2,4.1,0.2,1.3,0.0,34.0,273.0,2709823,survey_fndds_food
"Lettuce, Salad With Avocado, Tomato",General,54.0,1.3,5.5,3.4,2.7,0.0,33.0,322.0,2709824,survey_fndds_food
"Lettuce, Salad With Cheese, Tomato And/Or Carrots",General,91.0,4.9,4.2,6.1,1.2,0.0,146.0,238.0,2709825,survey_fndds_food
"Lettuce, Salad With Egg, Tomato",General,50.0,3.4,3.9,2.3,1.2,0.0,56.0,242.0,2709826,survey_fndds_food
"Lettuce, Salad With Egg, Cheese",General,71.0,4.2,3.7,4.4,1.2,0.0,106.0,239.0,2709827,survey_fndds_food
"Lettuce, Wilted, With Bacon Dressing",General,84.0,2.8,3.4,6.3,1.0,0.0,118.0,256.0,2709828,survey_fndds_food
"Seven-Layer Salad, Lettuce Salad Made With A Combination Of Onion, Celery",General,229.0,4.7,5.8,20.7,1.2,0.0,265.0,123.0,2709829,survey_fndds_food
"Greek Salad, No Dressing",General,48.0,2.8,4.4,2.3,1.5,0.0,246.0,228.0,2709830,survey_fndds_food
"Spinach Salad, No Dressing",General,84.0,7.0,2.1,5.1,1.2,0.0,220.0,480.0,2709831,survey_fndds_food
"Cobb Salad, No Dressing",General,93.0,11.3,2.6,4.3,1.2,0.0,159.0,281.0,2709832,survey_fndds_food
Aloe Vera Juice Drink,General,15.0,0.0,3.8,0.0,0.0,0.0,8.0,0.0,2709833,survey_fndds_food
"Asparagus, Fresh, Cooked",General,21.0,2.4,4.2,0.1,2.3,0.0,127.0,217.0,2709834,survey_fndds_food
"Asparagus, Frozen, Cooked",General,18.0,2.9,1.9,0.4,1.6,0.0,119.0,171.0,2709835,survey_fndds_food
"Asparagus, Canned, Cooked",General,19.0,2.1,2.5,0.6,1.6,0.0,287.0,172.0,2709836,survey_fndds_food
"Asparagus, Ns As To Form, Cooked",General,45.0,2.3,4.0,2.9,2.2,0.0,132.0,211.0,2709837,survey_fndds_food
"Asparagus, Fresh, Cooked With Oil",General,49.0,2.3,4.0,3.2,2.2,0.0,123.0,210.0,2709841,survey_fndds_food
"Asparagus, Fresh, Cooked With Butter Or Margarine",General,42.0,2.3,4.0,2.5,2.2,0.0,141.0,211.0,2709842,survey_fndds_food
"Asparagus, Frozen, Cooked With Oil",General,44.0,2.9,1.9,3.3,1.5,0.0,115.0,167.0,2709843,survey_fndds_food
"Asparagus, Frozen, Cooked With Butter Or Margarine",General,37.0,2.9,1.9,2.6,1.5,0.0,132.0,167.0,2709844,survey_fndds_food
"Asparagus, Canned, Cooked With Oil",General,45.0,2.1,2.4,3.5,1.6,0.0,279.0,167.0,2709845,survey_fndds_food
"Asparagus, Canned, Cooked With Butter Or Margarine",General,38.0,2.1,2.4,2.8,1.6,0.0,296.0,168.0,2709846,survey_fndds_food
"Bamboo Shoots, Cooked",General,41.0,1.7,3.1,2.9,1.4,0.0,15.0,78.0,2709847,survey_fndds_food
"Lima Beans, From Frozen, No Added Fat",General,103.0,6.0,19.3,0.3,5.3,0.0,185.0,303.0,2709848,survey_fndds_food
"Lima Beans, From Frozen, Fat Added",General,123.0,5.9,18.7,2.9,5.1,0.0,188.0,295.0,2709849,survey_fndds_food
"Lima Beans, From Canned",General,122.0,5.9,18.6,2.9,5.1,0.0,373.0,293.0,2709850,survey_fndds_food
"Green Beans, Cooked, From Restaurant",General,78.0,2.0,7.3,4.6,3.0,0.0,206.0,287.0,2709851,survey_fndds_food
"Green Beans, Fresh, Cooked",General,42.0,2.0,7.7,0.3,3.1,0.0,121.0,301.0,2709852,survey_fndds_food
"Green Beans, Frozen, Cooked",General,28.0,1.5,6.4,0.2,3.0,0.0,117.0,159.0,2709853,survey_fndds_food
"Green Beans, Canned, Cooked",General,24.0,1.0,4.1,0.4,1.9,0.0,282.0,97.0,2709854,survey_fndds_food
"Green Beans, Ns As To Form, Cooked",General,55.0,1.5,5.7,2.9,2.4,0.0,204.0,194.0,2709855,survey_fndds_food
"Green Beans, Fresh, Cooked With Oil",General,68.0,2.0,7.5,3.3,3.0,0.0,117.0,292.0,2709859,survey_fndds_food
"Green Beans, Fresh, Cooked With Butter Or Margarine",General,61.0,2.0,7.5,2.6,3.0,0.0,135.0,293.0,2709860,survey_fndds_food
"Green Beans, Frozen, Cooked With Oil",General,53.0,1.4,6.2,3.1,2.9,0.0,113.0,154.0,2709861,survey_fndds_food
"Green Beans, Frozen, Cooked With Butter Or Margarine",General,47.0,1.5,6.3,2.4,2.9,0.0,131.0,155.0,2709862,survey_fndds_food
"Green Beans, Canned, Cooked With Oil",General,50.0,1.0,4.0,3.3,1.8,0.0,274.0,94.0,2709863,survey_fndds_food
"Green Beans, Canned, Cooked With Butter Or Margarine",General,43.0,1.0,4.0,2.6,1.8,0.0,291.0,95.0,2709864,survey_fndds_food
"Green Beans, Canned, Reduced Sodium",General,22.0,1.1,4.3,0.5,1.9,0.0,2.0,96.0,2709865,survey_fndds_food
Fried Green Beans,General,223.0,4.0,22.9,12.9,2.0,0.0,314.0,156.0,2709869,survey_fndds_food
"Yellow String Beans, Cooked",General,50.0,1.4,6.2,2.7,2.9,0.0,130.0,122.0,2709870,survey_fndds_food
"Bean Sprouts, Cooked",General,116.0,9.8,6.1,6.9,3.3,0.0,126.0,299.0,2709871,survey_fndds_food
"Beets, Fresh, Cooked",General,45.0,1.7,9.9,0.2,2.9,0.0,202.0,338.0,2709872,survey_fndds_food
"Beets, Canned, Cooked",General,31.0,0.9,7.2,0.1,1.8,0.0,194.0,148.0,2709873,survey_fndds_food
"Beets, Ns As To Form, Cooked",General,53.0,0.9,7.0,2.7,1.7,0.0,197.0,144.0,2709874,survey_fndds_food
"Beets, Canned, Reduced Sodium",General,53.0,0.8,6.8,2.8,1.2,0.0,31.0,147.0,2709877,survey_fndds_food
"Bitter Melon, Cooked",General,41.0,0.8,4.2,2.7,1.9,0.0,127.0,309.0,2709878,survey_fndds_food
"Breadfruit, Cooked",General,123.0,1.0,26.3,2.8,4.7,0.0,123.0,475.0,2709879,survey_fndds_food
"Broccoflower, Cooked",General,55.0,3.0,6.2,3.0,3.2,0.0,149.0,303.0,2709880,survey_fndds_food
"Brussels Sprouts, Fresh, Cooked",General,45.0,3.5,9.3,0.3,3.9,0.0,147.0,404.0,2709881,survey_fndds_food
"Brussels Sprouts, Frozen, Cooked",General,42.0,3.6,8.3,0.4,4.1,0.0,131.0,289.0,2709882,survey_fndds_food
"Brussels Sprouts, Ns As To Form, Cooked",General,67.0,3.4,9.0,3.0,3.8,0.0,151.0,393.0,2709883,survey_fndds_food
"Burdock, Cooked",General,100.0,1.6,18.1,2.9,3.4,0.0,135.0,321.0,2709886,survey_fndds_food
"Cabbage, Chinese, Cooked",General,14.0,1.6,2.3,0.2,1.0,0.0,188.0,262.0,2709887,survey_fndds_food
"Cabbage, Green, Cooked",General,32.0,1.0,6.6,0.2,2.6,0.0,137.0,215.0,2709889,survey_fndds_food
"Cabbage, Green, Cooked With Oil",General,58.0,1.0,6.4,3.3,2.5,0.0,133.0,209.0,2709891,survey_fndds_food
"Cabbage, Green, Cooked With Butter Or Margarine",General,52.0,1.0,6.4,2.5,2.5,0.0,151.0,209.0,2709892,survey_fndds_food
"Cabbage, Red, Cooked",General,58.0,1.3,6.8,2.9,2.1,0.0,138.0,272.0,2709893,survey_fndds_food
"Cabbage, Savoy, Cooked",General,51.0,2.0,6.2,2.8,3.1,0.0,154.0,232.0,2709894,survey_fndds_food
"Cactus, Cooked, No Added Fat",General,16.0,1.3,3.3,0.1,2.2,0.0,137.0,256.0,2709895,survey_fndds_food
"Cactus, Cooked, Fat Added",General,38.0,1.3,3.2,2.6,2.1,0.0,141.0,249.0,2709896,survey_fndds_food
"Cauliflower, Fresh, Cooked",General,26.0,2.0,5.2,0.3,2.1,0.0,152.0,311.0,2709897,survey_fndds_food
"Cauliflower, Frozen, Cooked",General,19.0,1.6,3.7,0.2,2.7,0.0,134.0,139.0,2709898,survey_fndds_food
"Cauliflower, Ns As To Form, Cooked",General,49.0,1.9,5.0,2.9,2.0,0.0,156.0,302.0,2709899,survey_fndds_food
"Cauliflower, Fresh, Cooked With Oil",General,52.0,1.9,5.0,3.3,2.0,0.0,147.0,302.0,2709902,survey_fndds_food
"Cauliflower, Fresh, Cooked With Butter Or Margarine",General,46.0,2.0,5.0,2.6,2.0,0.0,165.0,302.0,2709903,survey_fndds_food
"Cauliflower, Frozen, Cooked With Oil",General,45.0,1.6,3.6,3.1,2.6,0.0,130.0,135.0,2709904,survey_fndds_food
"Cauliflower, Frozen, Cooked With Butter Or Margarine",General,38.0,1.6,3.6,2.4,2.6,0.0,147.0,135.0,2709905,survey_fndds_food
"Celery, Cooked",General,42.0,0.5,3.5,2.9,1.7,0.0,231.0,276.0,2709906,survey_fndds_food
"Fennel Bulb, Cooked",General,62.0,1.4,8.3,3.2,3.5,0.0,202.0,472.0,2709907,survey_fndds_food
"Christophine, Cooked",General,44.0,0.9,4.7,2.9,1.8,0.0,132.0,131.0,2709908,survey_fndds_food
"Corn, Cooked, From Restaurant",General,119.0,3.1,17.7,5.4,1.9,0.0,212.0,257.0,2709909,survey_fndds_food
"Corn, Fresh, Cooked",General,86.0,3.3,18.6,1.4,2.0,0.0,131.0,269.0,2709910,survey_fndds_food
"Corn, Frozen, Cooked",General,81.0,2.5,19.2,0.7,2.4,0.0,117.0,232.0,2709911,survey_fndds_food
"Corn, Canned, Cooked",General,67.0,2.3,14.3,1.2,2.0,0.0,205.0,132.0,2709912,survey_fndds_food
"Corn, Ns As To Form, Cooked",General,88.0,2.2,13.9,3.7,1.9,0.0,208.0,129.0,2709913,survey_fndds_food
"Corn, Fresh, Cooked With Oil",General,109.0,3.2,18.1,4.2,1.9,0.0,127.0,261.0,2709917,survey_fndds_food
"Corn, Fresh, Cooked With Butter Or Margarine",General,103.0,3.2,18.1,3.5,1.9,0.0,144.0,262.0,2709918,survey_fndds_food
"Corn, Frozen, Cooked With Oil",General,105.0,2.5,18.7,3.6,2.3,0.0,113.0,226.0,2709919,survey_fndds_food
"Corn, Frozen, Cooked With Butter Or Margarine",General,98.0,2.5,18.7,2.8,2.3,0.0,131.0,226.0,2709920,survey_fndds_food
"Corn, Canned, Cooked With Oil",General,91.0,2.2,13.9,4.1,1.9,0.0,199.0,128.0,2709921,survey_fndds_food
"Corn, Canned, Cooked With Butter Or Margarine",General,85.0,2.2,13.9,3.4,1.9,0.0,216.0,129.0,2709922,survey_fndds_food
"Corn, Creamed",General,72.0,1.7,18.1,0.4,1.2,0.0,261.0,134.0,2709923,survey_fndds_food
"Corn, Canned, Reduced Sodium",General,66.0,2.1,14.9,0.8,1.8,0.0,13.0,146.0,2709924,survey_fndds_food
"Cucumber, Cooked",General,45.0,0.7,3.4,3.2,0.6,0.0,145.0,194.0,2709928,survey_fndds_food
"Eggplant, Cooked, No Added Fat",General,27.0,1.0,6.3,0.2,3.2,0.0,127.0,246.0,2709929,survey_fndds_food
"Eggplant, Cooked, Fat Added",General,51.0,1.0,6.1,2.9,3.1,0.0,132.0,239.0,2709930,survey_fndds_food
"Flowers Or Blossoms Of Sesbania, Squash, Or Lily",General,37.0,1.1,3.2,2.6,0.9,0.0,127.0,103.0,2709931,survey_fndds_food
"Garlic, Cooked",General,142.0,6.6,28.0,0.4,2.7,0.0,248.0,399.0,2709932,survey_fndds_food
"Hominy, Cooked",General,88.0,1.4,13.8,2.9,2.4,0.0,501.0,9.0,2709933,survey_fndds_food
"Kohlrabi, Cooked",General,51.0,1.7,6.3,2.8,3.6,0.0,146.0,353.0,2709934,survey_fndds_food
Leeks,General,88.0,1.6,14.7,3.0,1.9,0.0,151.0,188.0,2709935,survey_fndds_food
"Lotus Root, Cooked",General,87.0,1.5,15.5,2.6,3.0,0.0,165.0,352.0,2709936,survey_fndds_food
"Mushrooms, Fresh, Cooked",General,39.0,3.6,5.2,0.4,2.2,0.0,152.0,463.0,2709937,survey_fndds_food
"Mushrooms, Ns As To Form, Cooked",General,66.0,3.5,5.0,3.6,2.1,0.0,158.0,450.0,2709938,survey_fndds_food
"Mushrooms, Canned, Cooked",General,47.0,1.8,5.0,2.8,2.3,0.0,421.0,126.0,2709940,survey_fndds_food
"Mushrooms, Fresh, Cooked With Oil",General,70.0,3.5,5.0,4.0,2.1,0.0,148.0,449.0,2709941,survey_fndds_food
"Mushrooms, Fresh, Cooked With Butter Or Margarine",General,62.0,3.5,5.0,3.2,2.1,0.0,169.0,450.0,2709942,survey_fndds_food
"Mushroom, Asian, Cooked",General,44.0,2.4,8.2,0.2,4.2,0.0,117.0,242.0,2709943,survey_fndds_food
"Okra, Fresh, Cooked",General,35.0,2.1,8.0,0.2,3.4,0.0,132.0,321.0,2709944,survey_fndds_food
"Okra, Frozen, Cooked",General,29.0,1.6,6.4,0.2,2.1,0.0,119.0,183.0,2709945,survey_fndds_food
"Okra, Ns As To Form, Cooked",General,59.0,2.0,7.8,2.9,3.3,0.0,137.0,312.0,2709946,survey_fndds_food
"Lettuce, Cooked",General,49.0,1.1,4.2,3.1,1.5,0.0,169.0,284.0,2709949,survey_fndds_food
"Onions, Cooked, No Added Fat",General,47.0,1.3,11.0,0.1,2.0,0.0,141.0,171.0,2709950,survey_fndds_food
"Onions, Cooked, Fat Added",General,73.0,1.3,10.6,3.1,1.9,0.0,147.0,167.0,2709951,survey_fndds_food
"Onions, Pearl, Cooked",General,50.0,0.7,6.5,2.6,1.4,0.0,129.0,98.0,2709952,survey_fndds_food
"Onions, Green, Cooked",General,63.0,2.1,8.4,3.2,3.0,0.0,161.0,315.0,2709953,survey_fndds_food
"Palm Hearts, Cooked",General,134.0,2.6,24.8,2.7,1.5,0.0,135.0,1749.0,2709954,survey_fndds_food
"Parsnips, Cooked",General,92.0,1.3,16.5,2.8,3.5,0.0,131.0,356.0,2709955,survey_fndds_food
"Blackeyed Peas, From Frozen",General,151.0,8.2,23.0,3.2,6.2,0.0,126.0,363.0,2709956,survey_fndds_food
"Blackeyed Peas, From Canned",General,150.0,8.2,22.9,3.2,6.2,0.0,312.0,362.0,2709957,survey_fndds_food
"Green Peas, Cooked, From Restaurant",General,119.0,5.4,14.3,4.7,5.6,0.0,211.0,242.0,2709958,survey_fndds_food
"Green Peas, Fresh, Cooked",General,84.0,5.6,15.0,0.4,5.9,0.0,126.0,253.0,2709959,survey_fndds_food
"Green Peas, Frozen, Cooked",General,78.0,5.1,14.2,0.3,4.5,0.0,188.0,110.0,2709960,survey_fndds_food
"Green Peas, Canned, Cooked",General,68.0,4.5,11.4,0.8,4.9,0.0,273.0,106.0,2709961,survey_fndds_food
"Green Peas, Ns As To Form, Cooked",General,98.0,5.0,13.8,2.8,4.4,0.0,191.0,107.0,2709962,survey_fndds_food
"Green Peas, Fresh, Cooked With Oil",General,109.0,5.5,14.6,3.4,5.7,0.0,122.0,246.0,2709966,survey_fndds_food
"Green Peas, Fresh, Cooked With Butter Or Margarine",General,102.0,5.5,14.6,2.7,5.7,0.0,140.0,247.0,2709967,survey_fndds_food
"Green Peas, Frozen, Cooked With Oil",General,102.0,5.0,13.8,3.2,4.4,0.0,182.0,106.0,2709968,survey_fndds_food
"Green Peas, Frozen, Cooked With Butter Or Margarine",General,95.0,5.0,13.8,2.4,4.4,0.0,199.0,107.0,2709969,survey_fndds_food
"Green Peas, Canned, Cooked With Oil",General,92.0,4.3,11.0,3.7,4.8,0.0,265.0,103.0,2709970,survey_fndds_food
"Green Peas, Canned, Cooked With Butter Or Margarine",General,86.0,4.4,11.0,3.0,4.8,0.0,282.0,104.0,2709971,survey_fndds_food
"Green Peas, Canned, Reduced Sodium",General,66.0,4.0,12.2,0.4,4.1,0.0,11.0,125.0,2709972,survey_fndds_food
"Peppers, Green, Cooked",General,47.0,0.7,4.8,2.8,0.9,0.0,126.0,165.0,2709976,survey_fndds_food
"Peppers, Red, Cooked",General,55.0,0.9,6.7,2.8,1.2,0.0,126.0,215.0,2709977,survey_fndds_food
"Peppers, Hot, Cooked",General,59.0,1.4,7.7,3.1,2.2,0.0,132.0,288.0,2709978,survey_fndds_food
Pimiento,General,28.0,1.4,6.2,0.4,2.3,0.0,17.0,193.0,2709979,survey_fndds_food
"Rutabaga, Cooked",General,63.0,1.1,9.0,2.9,2.4,0.0,143.0,318.0,2709980,survey_fndds_food
"Salsify, Cooked",General,89.0,2.6,14.9,2.7,3.0,0.0,136.0,274.0,2709981,survey_fndds_food
Sauerkraut,General,40.0,0.9,4.2,2.5,2.8,0.0,659.0,165.0,2709982,survey_fndds_food
"Snowpeas, Fresh, Cooked",General,44.0,2.9,7.8,0.2,2.7,0.0,125.0,208.0,2709983,survey_fndds_food
"Snowpeas, Frozen, Cooked",General,52.0,3.5,9.0,0.4,3.1,0.0,121.0,216.0,2709984,survey_fndds_food
"Snowpeas, Ns As To Form, Cooked",General,66.0,2.8,7.6,2.8,2.6,0.0,130.0,202.0,2709985,survey_fndds_food
"Seaweed, Dried",General,298.0,31.8,52.4,4.0,5.6,0.0,575.0,1244.0,2709988,survey_fndds_food
"Seaweed, Cooked, No Added Fat",General,41.0,3.5,7.9,0.5,0.7,0.0,384.0,165.0,2709989,survey_fndds_food
"Seaweed, Cooked, Fat Added",General,63.0,3.4,7.7,3.1,0.7,0.0,382.0,161.0,2709990,survey_fndds_food
"Summer Squash, Yellow Or Green, Fresh",General,21.0,1.3,4.1,0.4,1.2,0.0,142.0,283.0,2709991,survey_fndds_food
"Summer Squash, Yellow Or Green, Frozen",General,21.0,1.2,4.5,0.2,1.3,0.0,120.0,223.0,2709992,survey_fndds_food
"Summer Squash, Yellow Or Green, Ns As To Form",General,47.0,1.3,4.0,3.3,1.1,0.0,148.0,275.0,2709993,survey_fndds_food
"Summer Squash, Yellow Or Green, Canned",General,35.0,0.6,2.9,2.6,1.3,0.0,312.0,93.0,2709996,survey_fndds_food
"Spaghetti Squash, Cooked",General,49.0,0.6,6.3,2.8,1.4,0.0,138.0,114.0,2710001,survey_fndds_food
"Turnip, Cooked",General,54.0,1.0,6.7,2.8,1.9,0.0,200.0,199.0,2710002,survey_fndds_food
Water Chesnut,General,78.0,1.4,19.2,0.1,3.9,0.0,12.0,184.0,2710003,survey_fndds_food
"Winter Melon, Cooked",General,36.0,0.4,3.0,2.7,1.0,0.0,225.0,5.0,2710004,survey_fndds_food
Yeast,General,325.0,40.4,41.2,7.6,26.9,0.0,51.0,955.0,2710005,survey_fndds_food
Yeast Extract Spread,General,185.0,23.9,20.4,0.9,6.5,0.0,3380.0,2100.0,2710006,survey_fndds_food
"Lima Beans And Corn, Cooked, No Added Fat",General,92.0,4.3,19.2,0.5,3.8,0.0,151.0,268.0,2710007,survey_fndds_food
"Lima Beans And Corn, Cooked, Fat Added",General,112.0,4.2,18.7,3.0,3.7,0.0,155.0,260.0,2710008,survey_fndds_food
"Bean Salad, Yellow And/Or Green String Beans",General,109.0,3.5,13.0,5.0,3.4,0.0,266.0,210.0,2710009,survey_fndds_food
"Peppers And Onions, Cooked, No Added Fat",General,37.0,1.1,8.4,0.1,1.5,0.0,118.0,182.0,2710010,survey_fndds_food
"Peppers And Onions, Cooked, Fat Added",General,59.0,1.0,8.1,2.7,1.5,0.0,123.0,177.0,2710011,survey_fndds_food
"Classic Mixed Vegetables, Cooked, From Restaurant",General,100.0,2.8,12.4,4.7,3.4,0.0,227.0,265.0,2710012,survey_fndds_food
"Classic Mixed Vegetables, Frozen, Cooked",General,65.0,2.8,13.0,0.2,4.4,0.0,151.0,168.0,2710013,survey_fndds_food
"Classic Mixed Vegetables, Canned, Cooked",General,46.0,2.1,8.8,0.6,2.6,0.0,250.0,128.0,2710014,survey_fndds_food
"Classic Mixed Vegetables, Ns As To Form, Cooked",General,86.0,2.8,12.7,2.7,4.3,0.0,155.0,164.0,2710015,survey_fndds_food
"Classic Mixed Vegetables, Frozen, Cooked With Oil",General,89.0,2.8,12.7,3.0,4.3,0.0,146.0,164.0,2710018,survey_fndds_food
"Classic Mixed Vegetables, Frozen, Cooked With Butter Or Margarine",General,83.0,2.8,12.7,2.3,4.3,0.0,163.0,164.0,2710019,survey_fndds_food
"Classic Mixed Vegetables, Canned, Cooked With Oil",General,71.0,2.0,8.6,3.5,2.5,0.0,243.0,125.0,2710020,survey_fndds_food
"Classic Mixed Vegetables, Canned, Cooked With Butter Or Margarine",General,64.0,2.1,8.6,2.8,2.5,0.0,260.0,125.0,2710021,survey_fndds_food
"Classic Mixed Vegetables, Canned, Reduced Sodium",General,44.0,2.0,9.2,0.4,2.4,0.0,15.0,131.0,2710022,survey_fndds_food
"Peas And Corn, Cooked, No Added Fat",General,79.0,3.8,16.7,0.5,3.4,0.0,152.0,171.0,2710026,survey_fndds_food
"Peas And Corn, Cooked, Fat Added",General,100.0,3.7,16.2,3.0,3.3,0.0,156.0,166.0,2710027,survey_fndds_food
Ratatouille,General,67.0,1.1,5.8,4.7,1.9,0.0,151.0,219.0,2710028,survey_fndds_food
"Vegetables, Stew Type, Cooked",General,97.0,1.4,15.1,3.6,2.0,0.0,181.0,309.0,2710029,survey_fndds_food
"Broccoli And Cauliflower, Cooked, No Added Fat",General,23.0,2.4,4.5,0.2,2.8,0.0,130.0,140.0,2710031,survey_fndds_food
"Broccoli And Cauliflower, Cooked, Fat Added",General,46.0,2.3,4.4,2.7,2.8,0.0,135.0,136.0,2710032,survey_fndds_food
"Broccoli, Cauliflower And Carrots, Cooked",General,28.0,1.8,5.6,0.3,3.0,0.0,146.0,157.0,2710033,survey_fndds_food
"Asian Stir Fry Vegetables, Cooked, No Added Fat",General,50.0,2.1,9.9,0.3,2.9,0.0,141.0,251.0,2710035,survey_fndds_food
"Asian Stir Fry Vegetables, Cooked, Fat Added",General,71.0,2.0,9.6,2.8,2.8,0.0,146.0,244.0,2710036,survey_fndds_food
"Jai, Monk'S Food",General,60.0,4.2,7.7,1.9,1.7,0.0,28.0,193.0,2710037,survey_fndds_food
"Vegetable Mixture, Dried",General,328.0,17.4,49.2,8.9,18.5,0.0,368.0,1639.0,2710038,survey_fndds_food
"Artichokes, Stuffed",General,160.0,5.3,22.3,5.9,3.9,0.0,404.0,218.0,2710039,survey_fndds_food
Green Bean Casserole,General,56.0,2.0,7.0,2.2,1.9,0.0,316.0,203.0,2710040,survey_fndds_food
"Green Beans, Cooked, Szechuan-Style",General,106.0,2.5,8.4,7.0,3.0,0.0,226.0,309.0,2710041,survey_fndds_food
Fried Cauliflower,General,218.0,4.0,21.9,12.9,1.6,0.0,326.0,159.0,2710042,survey_fndds_food
"Chiles Rellenos, Cheese-Filled",General,228.0,7.8,10.4,17.2,0.7,0.0,445.0,119.0,2710043,survey_fndds_food
"Chiles Rellenos, Filled With Meat And Cheese",General,230.0,9.0,9.7,17.2,0.7,0.0,421.0,131.0,2710044,survey_fndds_food
Stuffed Jalapeno Pepper,General,241.0,8.8,16.5,15.9,2.5,0.0,444.0,232.0,2710045,survey_fndds_food
"Corn, Scalloped Or Pudding",General,116.0,4.5,15.0,5.1,1.5,0.0,310.0,211.0,2710046,survey_fndds_food
"Fritter, Corn",General,404.0,7.4,33.6,27.1,1.6,0.0,339.0,198.0,2710047,survey_fndds_food
Fried Eggplant,General,218.0,3.7,22.3,12.8,2.0,0.0,315.0,135.0,2710048,survey_fndds_food
Eggplant Dip,General,183.0,4.8,8.2,15.0,3.9,0.0,209.0,264.0,2710049,survey_fndds_food
"Eggplant Parmesan Casserole, Regular",General,155.0,7.0,9.0,10.5,1.9,0.0,351.0,225.0,2710050,survey_fndds_food
Eggplant With Cheese And Tomato Sauce,General,90.0,6.2,6.3,4.8,2.2,0.0,325.0,246.0,2710051,survey_fndds_food
"Mushrooms, Stuffed",General,288.0,10.7,27.7,15.0,3.0,0.0,638.0,434.0,2710052,survey_fndds_food
Fried Mushrooms,General,222.0,4.6,21.9,12.9,1.6,0.0,317.0,217.0,2710053,survey_fndds_food
Fried Okra,General,219.0,3.9,22.4,12.8,1.6,0.0,316.0,111.0,2710054,survey_fndds_food
Fried Onion Rings,General,352.0,4.2,39.9,19.8,2.6,0.0,575.0,151.0,2710055,survey_fndds_food
Pea Salad,General,180.0,3.0,10.6,14.0,2.7,0.0,253.0,119.0,2710056,survey_fndds_food
Pea Salad With Cheese,General,203.0,5.0,9.8,16.0,2.4,0.0,293.0,114.0,2710057,survey_fndds_food
"Fried Summer Squash, Yellow Or Green",General,216.0,3.8,21.5,12.9,1.2,0.0,317.0,149.0,2710058,survey_fndds_food
"Squash, Summer, Casserole With Tomato And Cheese",General,85.0,3.5,8.9,4.3,1.4,0.0,228.0,264.0,2710059,survey_fndds_food
"Squash, Summer, Casserole",General,83.0,2.3,14.9,1.7,1.1,0.0,120.0,203.0,2710060,survey_fndds_food
"Squash, Summer, Souffle",General,125.0,4.6,6.9,8.9,0.7,0.0,232.0,218.0,2710062,survey_fndds_food
"Stew, Vegetable",General,47.0,1.4,10.1,0.2,2.1,0.0,296.0,258.0,2710063,survey_fndds_food
"Chow Mein Or Chop Suey, Meatless, No Noodles",General,43.0,1.3,5.7,1.7,1.2,0.0,344.0,136.0,2710064,survey_fndds_food
Vegetable Tempura,General,239.0,3.8,20.4,15.8,1.6,0.0,12.0,179.0,2710065,survey_fndds_food
Pakora,General,125.0,4.9,16.2,4.8,3.2,0.0,380.0,214.0,2710066,survey_fndds_food
Vegetable Curry,General,86.0,1.6,8.8,5.3,1.8,0.0,388.0,286.0,2710067,survey_fndds_food
Vegetable Curry With Rice,General,103.0,2.0,16.5,3.3,1.3,0.0,331.0,186.0,2710068,survey_fndds_food
"Chow Mein Or Chop Suey, Meatless, With Noodles",General,117.0,3.0,15.7,5.0,2.1,0.0,434.0,130.0,2710069,survey_fndds_food
"Green Beans, Pickled",General,54.0,1.6,11.0,0.2,2.5,0.0,944.0,241.0,2710070,survey_fndds_food
"Beets, Pickled",General,65.0,0.8,16.3,0.1,0.8,0.0,149.0,115.0,2710071,survey_fndds_food
"Celery, Pickled",General,35.0,0.4,7.6,0.2,1.3,0.0,1025.0,220.0,2710072,survey_fndds_food
"Relish, Corn",General,111.0,1.7,25.7,0.9,1.5,0.0,336.0,114.0,2710073,survey_fndds_food
"Cauliflower, Pickled",General,41.0,1.6,9.0,0.2,1.7,0.0,969.0,248.0,2710074,survey_fndds_food
"Cabbage, Green, Pickled",General,46.0,0.8,10.2,0.2,2.1,0.0,957.0,172.0,2710075,survey_fndds_food
"Cabbage, Red, Pickled",General,49.0,1.0,10.5,0.2,1.7,0.0,954.0,223.0,2710076,survey_fndds_food
Kimchi,General,15.0,1.1,2.4,0.5,1.6,0.0,498.0,151.0,2710077,survey_fndds_food
"Pickles, Dill",General,14.0,0.5,2.0,0.4,1.0,0.0,808.0,112.0,2710078,survey_fndds_food
"Relish, Pickle",General,130.0,0.4,35.1,0.5,1.1,0.0,811.0,25.0,2710079,survey_fndds_food
"Pickles, Sweet",General,91.0,0.6,21.2,0.4,1.0,0.0,457.0,100.0,2710080,survey_fndds_food
"Eggplant, Pickled",General,41.0,0.8,9.7,0.2,2.5,0.0,946.0,190.0,2710081,survey_fndds_food
"Ginger Root, Pickled",General,20.0,0.3,4.8,0.1,2.6,0.0,906.0,36.0,2710082,survey_fndds_food
Horseradish,General,48.0,1.2,11.3,0.7,3.3,0.0,420.0,246.0,2710083,survey_fndds_food
"Mushrooms, Pickled",General,46.0,2.4,8.3,0.3,1.4,0.0,949.0,308.0,2710084,survey_fndds_food
Mustard,General,69.0,4.2,5.3,3.4,4.3,0.0,1100.0,150.0,2710085,survey_fndds_food
Honey Mustard Dip,General,275.0,1.8,25.2,18.0,1.0,0.0,509.0,64.0,2710086,survey_fndds_food
"Okra, Pickled",General,48.0,1.6,11.0,0.2,2.7,0.0,950.0,248.0,2710087,survey_fndds_food
"Olives, Nfs",General,116.0,0.8,6.0,10.9,1.6,0.0,735.0,8.0,2710088,survey_fndds_food
"Olives, Green",General,145.0,1.0,3.8,15.3,3.3,0.0,1556.0,42.0,2710089,survey_fndds_food
"Olives, Black",General,116.0,0.8,6.0,10.9,1.6,0.0,735.0,8.0,2710090,survey_fndds_food
"Olives, Stuffed",General,141.0,1.2,5.0,12.9,4.0,0.0,1620.0,43.0,2710091,survey_fndds_food
Olive Tapenade,General,282.0,0.7,4.2,30.0,1.8,0.0,835.0,17.0,2710092,survey_fndds_food
Hot Pepper Sauce,General,12.0,1.3,0.8,0.8,0.6,0.0,633.0,128.0,2710093,survey_fndds_food
"Peppers, Sweet, Pickled",General,43.0,0.7,9.6,0.1,0.9,0.0,944.0,156.0,2710094,survey_fndds_food
"Peppers, Hot, Pickled",General,22.0,0.8,4.6,0.4,2.6,0.0,1430.0,113.0,2710095,survey_fndds_food
"Peppers, Jalapenos",General,26.0,0.9,5.5,0.4,2.7,0.0,716.0,180.0,2710096,survey_fndds_food
"Pickles, Nfs",General,14.0,0.5,2.0,0.4,1.0,0.0,808.0,112.0,2710097,survey_fndds_food
"Pickles, Fried",General,213.0,3.4,20.7,12.9,1.2,0.0,620.0,84.0,2710098,survey_fndds_food
"Radishes, Pickled",General,34.0,0.6,7.7,0.1,1.3,0.0,977.0,194.0,2710099,survey_fndds_food
"Seaweed, Pickled",General,54.0,2.9,11.4,0.4,0.6,0.0,1263.0,137.0,2710100,survey_fndds_food
"Vegetables, Pickled",General,46.0,0.9,10.2,0.2,1.6,0.0,983.0,219.0,2710101,survey_fndds_food
"Turnip, Pickled",General,44.0,0.8,10.2,0.1,1.5,0.0,1000.0,159.0,2710102,survey_fndds_food
Wasabi Paste,General,292.0,2.2,46.1,10.9,6.1,0.0,3390.0,182.0,2710103,survey_fndds_food
"Zucchini, Pickled",General,35.0,1.0,7.4,0.3,0.8,0.0,951.0,217.0,2710104,survey_fndds_food
"Soup, Borscht",General,20.0,0.5,3.9,0.4,0.8,0.0,245.0,98.0,2710105,survey_fndds_food
"Soup, Gazpacho",General,26.0,0.8,4.5,0.6,1.0,0.0,208.0,206.0,2710106,survey_fndds_food
"Soup, Cream Of Mushroom",General,74.0,2.1,5.7,4.8,1.2,0.0,242.0,222.0,2710107,survey_fndds_food
"Soup, French Onion",General,108.0,5.4,11.8,4.5,1.1,0.0,378.0,93.0,2710108,survey_fndds_food
"Soup, Cream Of Vegetable",General,78.0,1.4,7.8,4.7,1.1,0.0,245.0,170.0,2710109,survey_fndds_food
"Soup, Seaweed",General,37.0,3.7,1.5,1.9,0.2,0.0,324.0,83.0,2710110,survey_fndds_food
"Soup, Vegetable, Canned",General,38.0,1.1,7.6,0.4,1.2,0.0,260.0,183.0,2710111,survey_fndds_food
"Soup, Vegetable",General,27.0,0.8,5.1,0.4,1.0,0.0,243.0,154.0,2710113,survey_fndds_food
"Soup, Minestrone",General,40.0,1.7,7.3,0.5,1.5,0.0,241.0,147.0,2710114,survey_fndds_food
"Soup, Beef",General,47.0,3.3,4.0,2.0,0.8,0.0,249.0,152.0,2710115,survey_fndds_food
"Soup, Vegetable, With Meat",General,44.0,3.4,4.0,1.6,0.8,0.0,249.0,152.0,2710116,survey_fndds_food
"Baby Toddler Vegetable, Nfs",General,44.0,1.4,9.6,0.2,1.6,0.0,32.0,183.0,2710117,survey_fndds_food
"Baby Toddler Carrots, Stage 1",General,26.0,0.8,6.0,0.1,1.7,0.0,69.0,196.0,2710118,survey_fndds_food
"Baby Toddler Carrots, Stage 2",General,32.0,0.8,7.2,0.2,1.7,0.0,49.0,202.0,2710119,survey_fndds_food
"Baby Toddler Squash, Stage 1",General,28.0,0.8,5.7,0.2,0.9,0.0,5.0,185.0,2710120,survey_fndds_food
"Baby Toddler Squash, Stage 2",General,24.0,0.8,5.7,0.2,0.9,0.0,5.0,185.0,2710121,survey_fndds_food
"Baby Toddler Sweet Potatoes, Stage 1",General,57.0,1.1,13.2,0.1,1.5,0.0,22.0,263.0,2710122,survey_fndds_food
"Baby Toddler Sweet Potatoes, Stage 2",General,60.0,1.1,14.0,0.1,1.5,0.0,18.0,243.0,2710123,survey_fndds_food
"Baby Toddler Green Beans, Stage 1",General,24.0,1.2,5.8,0.1,1.9,0.0,5.0,128.0,2710124,survey_fndds_food
"Baby Toddler Green Beans, Stage 2",General,24.0,1.2,5.8,0.1,1.9,0.0,5.0,128.0,2710125,survey_fndds_food
Baby Toddler Beets,General,34.0,1.3,7.7,0.1,1.9,0.0,83.0,182.0,2710126,survey_fndds_food
"Baby Toddler Multiple Vegetables, Stage 2",General,44.0,1.4,9.6,0.2,1.6,0.0,32.0,183.0,2710127,survey_fndds_food
"Baby Toddler Multiple Vegetables, Stage 3",General,44.0,1.4,9.6,0.2,1.6,0.0,32.0,183.0,2710128,survey_fndds_food
"Baby Toddler Vegetables, With Grain",General,58.0,1.8,12.0,0.5,1.9,0.0,31.0,191.0,2710129,survey_fndds_food
Baby Toddler Vegetables And Meat,General,64.0,3.0,11.2,1.1,1.8,0.0,32.0,188.0,2710130,survey_fndds_food
"Baby Toddler Peas, Stage 1",General,50.0,3.3,8.4,0.4,2.0,0.0,5.0,106.0,2710131,survey_fndds_food
"Baby Toddler Peas, Stage 2",General,50.0,3.3,8.4,0.4,2.0,0.0,5.0,106.0,2710132,survey_fndds_food
"Toddler Meal, Nfs",General,85.0,3.6,12.8,2.1,1.0,0.0,167.0,99.0,2710133,survey_fndds_food
"Toddler Meal, Meat And Vegetables",General,77.0,3.5,8.3,3.3,1.0,0.0,157.0,151.0,2710134,survey_fndds_food
"Toddler Meal, Rice And Vegetables",General,83.0,4.0,13.4,1.4,0.9,0.0,180.0,132.0,2710135,survey_fndds_food
"Toddler Meal, Pasta",General,101.0,4.1,16.1,2.2,0.8,0.0,198.0,24.0,2710136,survey_fndds_food
"Toddler Meal, Pasta And Vegetables",General,78.0,3.0,13.5,1.4,1.1,0.0,132.0,88.0,2710137,survey_fndds_food
"Fried Stuffed Potatoes, Puerto Rican Style",General,185.0,4.9,16.2,11.3,1.9,0.0,144.0,370.0,2710138,survey_fndds_food
"Green Plantain With Cracklings, Puerto Rican Style",General,358.0,13.2,27.0,22.8,1.4,0.0,349.0,405.0,2710139,survey_fndds_food
"Ripe Plantain Meat Pie, Puerto Rican Style",General,315.0,12.8,22.0,20.2,2.1,0.0,584.0,554.0,2710140,survey_fndds_food
Puerto Rican Pasteles,General,213.0,7.1,17.4,13.2,2.2,0.0,479.0,378.0,2710141,survey_fndds_food
"Stuffed Cabbage, With Meat, Puerto Rican Style",General,207.0,9.6,8.4,15.1,2.3,0.0,723.0,412.0,2710142,survey_fndds_food
"Stuffed Cabbage, With Meat And Rice, Syrian Dish",General,84.0,3.1,11.1,3.0,1.8,0.0,147.0,183.0,2710143,survey_fndds_food
Eggplant And Meat Casserole,General,96.0,7.1,4.7,5.5,1.5,0.0,176.0,224.0,2710144,survey_fndds_food
"Vegetable And Fruit Juice, 100% Juice, With High Vitamin C",General,46.0,0.3,11.2,0.0,0.0,0.0,29.0,101.0,2710145,survey_fndds_food
"Fruit And Vegetable Smoothie, With Dairy",General,64.0,1.6,12.7,0.7,1.0,0.0,26.0,295.0,2710146,survey_fndds_food
"Fruit And Vegetable Smoothie, Added Protein",General,86.0,7.5,12.2,0.8,1.1,0.0,36.0,311.0,2710147,survey_fndds_food
"Fruit And Vegetable Smoothie, Non-Dairy",General,60.0,1.2,12.4,0.6,1.0,0.0,28.0,275.0,2710148,survey_fndds_food
"Fruit And Vegetable Smoothie, Non-Dairy, Added Protein",General,83.0,7.1,11.9,0.7,1.2,0.0,38.0,292.0,2710149,survey_fndds_food
"Fruit And Vegetable Smoothie, Bottled",General,53.0,0.6,12.5,0.3,0.7,0.0,6.0,165.0,2710150,survey_fndds_food
"Fruit And Vegetable Smoothie, No Dairy",General,63.0,1.1,13.8,0.4,1.0,0.0,19.0,300.0,2710151,survey_fndds_food
Vegetable Smoothie,General,89.0,2.8,5.8,6.6,2.8,0.0,38.0,349.0,2710152,survey_fndds_food
"Table Fat, Nfs",General,677.0,0.6,0.4,75.3,0.0,0.0,592.0,25.0,2710153,survey_fndds_food
"Butter, Nfs",General,743.0,0.8,0.1,82.2,0.0,0.0,524.0,23.0,2710154,survey_fndds_food
"Butter, Stick",General,743.0,0.8,0.1,82.2,0.0,0.0,524.0,23.0,2710155,survey_fndds_food
"Butter, Tub",General,731.0,0.5,0.0,78.3,0.0,0.0,583.0,41.0,2710156,survey_fndds_food
"Butter, Light",General,499.0,3.3,0.0,55.1,0.0,0.0,450.0,71.0,2710157,survey_fndds_food
"Margarine, Nfs",General,579.0,0.2,0.8,65.0,0.0,0.0,694.0,27.0,2710158,survey_fndds_food
"Margarine, Stick",General,717.0,0.2,0.7,80.7,0.0,0.0,751.0,18.0,2710159,survey_fndds_food
"Margarine, Tub",General,533.0,0.2,0.9,59.8,0.0,0.0,674.0,30.0,2710160,survey_fndds_food
"Butter Replacement, Liquid",General,533.0,0.2,0.9,59.8,0.0,0.0,615.0,30.0,2710161,survey_fndds_food
"Margarine, Light",General,346.0,0.3,1.2,37.9,0.0,0.0,586.0,45.0,2710162,survey_fndds_food
"Butter Replacement, Powder",General,373.0,2.0,89.0,1.0,0.0,0.0,1200.0,2.0,2710163,survey_fndds_food
"Oil Or Table Fat, Nfs",General,789.0,0.3,0.2,87.7,0.0,0.0,296.0,12.0,2710164,survey_fndds_food
Animal Fat Or Drippings,General,841.0,2.2,0.0,92.2,0.0,0.0,604.0,21.0,2710165,survey_fndds_food
Lard,General,902.0,0.0,0.0,100.0,0.0,0.0,0.0,0.0,2710166,survey_fndds_food
"Shortening, Ns As To Vegetable Or Animal",General,884.0,0.0,0.0,100.0,0.0,0.0,4.0,0.0,2710167,survey_fndds_food
"Ghee, Clarified Butter",General,876.0,0.3,0.0,99.5,0.0,0.0,2.0,5.0,2710168,survey_fndds_food
Garlic Sauce,General,683.0,1.4,2.9,74.0,0.3,0.0,473.0,61.0,2710169,survey_fndds_food
Lemon-Butter Sauce,General,671.0,0.8,0.7,74.0,0.0,0.0,472.0,31.0,2710170,survey_fndds_food
Hollandaise Sauce,General,546.0,5.4,1.0,58.0,0.0,0.0,329.0,57.0,2710171,survey_fndds_food
Sandwich Spread,General,389.0,0.9,22.4,34.0,0.4,0.0,1000.0,35.0,2710172,survey_fndds_food
Tartar Sauce,General,211.0,1.0,13.3,16.7,0.5,0.0,667.0,68.0,2710173,survey_fndds_food
Horseradish Sauce,General,503.0,1.1,10.0,50.9,1.0,0.0,730.0,44.0,2710174,survey_fndds_food
Pesto Sauce,General,580.0,8.6,5.7,59.2,1.0,0.0,988.0,199.0,2710175,survey_fndds_food
Fry Sauce,General,535.0,1.0,7.3,56.2,0.1,0.0,481.0,85.0,2710176,survey_fndds_food
"Sauce, Nfs",General,109.0,1.6,12.7,5.7,0.2,0.0,968.0,56.0,2710177,survey_fndds_food
Curry Sauce,General,95.0,1.4,5.0,8.2,1.4,0.0,383.0,268.0,2710178,survey_fndds_food
Honey Butter,General,485.0,0.5,48.5,33.8,0.1,0.0,218.0,40.0,2710179,survey_fndds_food
"Vegetable Oil, Nfs",General,900.0,0.0,0.0,100.0,0.0,0.0,0.0,0.0,2710180,survey_fndds_food
Almond Oil,General,884.0,0.0,0.0,100.0,0.0,0.0,0.0,0.0,2710181,survey_fndds_food
Coconut Oil,General,895.0,0.0,0.8,99.1,0.0,0.0,0.0,0.0,2710182,survey_fndds_food
Corn Oil,General,900.0,0.0,0.0,100.0,0.0,0.0,0.0,0.0,2710183,survey_fndds_food
Cottonseed Oil,General,884.0,0.0,0.0,100.0,0.0,0.0,0.0,0.0,2710184,survey_fndds_food
Flaxseed Oil,General,884.0,0.1,0.0,100.0,0.0,0.0,0.0,0.0,2710185,survey_fndds_food
Olive Oil,General,900.0,0.0,0.0,100.0,0.0,0.0,2.0,1.0,2710186,survey_fndds_food
Peanut Oil,General,900.0,0.0,0.0,100.0,0.0,0.0,0.0,0.0,2710187,survey_fndds_food
Canola Oil,General,900.0,0.0,0.0,100.0,0.0,0.0,0.0,0.0,2710188,survey_fndds_food
Safflower Oil,General,900.0,0.0,0.0,100.0,0.0,0.0,0.0,0.0,2710189,survey_fndds_food
Sesame Oil,General,884.0,0.0,0.0,100.0,0.0,0.0,0.0,0.0,2710190,survey_fndds_food
Soybean Oil,General,900.0,0.0,0.0,100.0,0.0,0.0,0.0,0.0,2710191,survey_fndds_food
Sunflower Oil,General,900.0,0.0,0.0,100.0,0.0,0.0,0.0,0.0,2710192,survey_fndds_food
Walnut Oil,General,884.0,0.0,0.0,100.0,0.0,0.0,0.0,0.0,2710193,survey_fndds_food
Wheat Germ Oil,General,884.0,0.0,0.0,100.0,0.0,0.0,0.0,0.0,2710194,survey_fndds_food
"Salad Dressing, Nfs, For Salads",General,430.0,1.3,5.9,44.5,0.0,0.0,810.0,64.0,2710195,survey_fndds_food
"Salad Dressing, Nfs, For Sandwiches",General,594.0,0.9,3.4,64.2,0.0,0.0,639.0,23.0,2710196,survey_fndds_food
Blue Or Roquefort Cheese Dressing,General,484.0,1.4,4.8,51.1,0.4,0.0,642.0,88.0,2710197,survey_fndds_food
Bacon And Tomato Dressing,General,326.0,1.8,2.0,35.0,0.2,0.0,905.0,108.0,2710198,survey_fndds_food
Caesar Dressing,General,542.0,2.2,3.3,57.8,0.5,0.0,1209.0,29.0,2710199,survey_fndds_food
Coleslaw Dressing,General,404.0,0.8,22.4,34.5,0.0,0.0,850.0,35.0,2710200,survey_fndds_food
French Or Catalina Dressing,General,419.0,0.9,18.8,39.1,2.4,0.0,661.0,108.0,2710201,survey_fndds_food
Honey Mustard Dressing,General,464.0,0.9,23.3,40.8,0.4,0.0,512.0,20.0,2710202,survey_fndds_food
"Italian Dressing, Made With Vinegar And Oil",General,240.0,0.4,12.1,21.1,0.0,0.0,993.0,84.0,2710203,survey_fndds_food
"Mayonnaise, Regular",General,680.0,1.0,0.6,74.8,0.0,0.0,635.0,20.0,2710204,survey_fndds_food
Vegan Mayonnaise,General,232.0,0.3,16.0,19.2,0.0,0.0,497.0,10.0,2710205,survey_fndds_food
Russian Dressing,General,355.0,0.7,31.9,26.2,0.7,0.0,1133.0,173.0,2710206,survey_fndds_food
Mayonnaise-Type Salad Dressing,General,250.0,0.6,14.8,21.6,0.0,0.0,653.0,36.0,2710207,survey_fndds_food
Avocado Dressing,General,427.0,1.9,7.4,43.3,0.1,0.0,867.0,58.0,2710208,survey_fndds_food
Creamy Italian Dressing,General,268.0,0.6,11.2,24.6,0.0,0.0,966.0,81.0,2710209,survey_fndds_food
Poppy Seed Dressing,General,399.0,0.9,23.7,33.3,0.3,0.0,933.0,61.0,2710210,survey_fndds_food
Sesame Dressing,General,443.0,3.1,8.6,45.2,1.0,0.0,1000.0,157.0,2710211,survey_fndds_food
Ranch Dressing,General,430.0,1.3,5.9,44.5,0.0,0.0,810.0,64.0,2710212,survey_fndds_food
Thousand Island Dressing,General,379.0,1.1,14.6,35.1,0.8,0.0,962.0,107.0,2710213,survey_fndds_food
Fruit Dressing,General,219.0,2.5,12.4,18.0,0.1,0.0,31.0,132.0,2710214,survey_fndds_food
"Salad Dressing, Light, Nfs",General,160.0,1.5,7.0,14.0,0.0,0.0,833.0,36.0,2710215,survey_fndds_food
"Blue Or Roquefort Cheese Dressing, Light",General,300.0,1.4,15.2,26.1,1.1,0.0,728.0,141.0,2710216,survey_fndds_food
"Creamy Italian Dressing, Light",General,111.0,0.6,9.5,7.8,0.0,0.0,882.0,82.0,2710217,survey_fndds_food
"French Or Catalina Dressing, Light",General,222.0,0.6,31.2,11.5,1.5,0.0,838.0,107.0,2710218,survey_fndds_food
"Caesar Dressing, Light",General,110.0,0.3,18.6,4.4,0.1,0.0,1148.0,29.0,2710219,survey_fndds_food
"Mayonnaise, Light",General,238.0,0.4,9.2,22.2,0.0,0.0,827.0,31.0,2710220,survey_fndds_food
"Mayonnaise, Reduced Fat, With Olive Oil",General,361.0,0.4,0.0,40.0,0.0,0.0,800.0,31.0,2710221,survey_fndds_food
"Mayonnaise-Type Salad Dressing, Light",General,158.0,0.6,16.4,10.0,0.0,0.0,833.0,36.0,2710222,survey_fndds_food
"Honey Mustard Dressing, Light",General,207.0,1.0,28.3,10.0,0.8,0.0,701.0,55.0,2710223,survey_fndds_food
"Italian Dressing, Light",General,102.0,0.4,10.0,6.7,0.0,0.0,891.0,90.0,2710224,survey_fndds_food
"Ranch Dressing, Light",General,160.0,1.5,7.0,14.0,0.0,0.0,833.0,36.0,2710225,survey_fndds_food
"Sesame Dressing, Light",General,102.0,0.4,10.0,6.7,0.0,0.0,891.0,90.0,2710226,survey_fndds_food
"Thousand Island Dressing, Light",General,195.0,0.8,24.1,11.3,1.2,0.0,955.0,202.0,2710227,survey_fndds_food
Korean Dressing Or Marinade,General,348.0,3.2,12.7,31.4,0.5,0.0,1850.0,182.0,2710228,survey_fndds_food
"Blue Or Roquefort Cheese Dressing, Fat Free",General,115.0,1.5,25.6,1.0,1.8,0.0,814.0,194.0,2710229,survey_fndds_food
"Caesar Dressing, Fat Free",General,131.0,1.5,30.7,0.2,0.2,0.0,1265.0,48.0,2710230,survey_fndds_food
"Creamy Italian Dressing, Fat Free",General,56.0,1.0,10.4,1.1,0.5,0.0,1094.0,107.0,2710231,survey_fndds_food
"French Or Catalina Dressing, Fat Free",General,132.0,0.2,32.1,0.3,2.2,0.0,853.0,84.0,2710232,survey_fndds_food
"Honey Mustard Dressing, Fat Free",General,169.0,1.1,38.4,1.5,1.2,0.0,1004.0,69.0,2710233,survey_fndds_food
"Italian Dressing, Fat Free",General,47.0,1.0,8.8,0.9,0.6,0.0,1129.0,102.0,2710234,survey_fndds_food
"Mayonnaise, Fat Free",General,64.0,0.2,15.8,0.0,2.0,0.0,750.0,50.0,2710235,survey_fndds_food
"Ranch Dressing, Fat Free",General,107.0,1.4,20.0,2.7,0.0,0.0,897.0,133.0,2710236,survey_fndds_food
"Salad Dressing, Fat Free, Nfs",General,107.0,1.4,20.0,2.7,0.0,0.0,897.0,133.0,2710237,survey_fndds_food
"Thousand Island Dressing, Fat Free",General,132.0,0.6,29.3,1.4,3.3,0.0,788.0,122.0,2710238,survey_fndds_food
"Bacon, For Use With Vegetables",General,468.0,33.9,1.7,35.1,0.0,0.0,1684.0,499.0,2710239,survey_fndds_food
"Ham, For Use With Vegetables",General,117.0,18.0,1.6,4.4,0.0,0.0,1193.0,316.0,2710240,survey_fndds_food
"Beef, For Use With Vegetables",General,191.0,32.4,0.0,6.8,0.0,0.0,67.0,319.0,2710241,survey_fndds_food
"Chicken, For Use With Vegetables",General,164.0,26.8,0.0,6.4,0.0,0.0,345.0,279.0,2710242,survey_fndds_food
"Cream Sauce, For Use With Vegetables",General,175.0,0.8,10.6,14.2,0.1,0.0,936.0,39.0,2710243,survey_fndds_food
"Cheese Sauce, For Use With Vegetables",General,120.0,4.7,9.6,6.8,0.1,0.0,908.0,16.0,2710244,survey_fndds_food
"Gravy, For Use With Vegetables",General,57.0,0.3,11.2,1.0,0.1,0.0,932.0,18.0,2710245,survey_fndds_food
"Soy Based Sauce, For Use With Vegetables",General,89.0,1.6,20.1,0.2,0.2,0.0,1101.0,88.0,2710246,survey_fndds_food
"Tomato Sauce, For Use With Vegetables",General,104.0,0.5,12.1,6.2,0.6,0.0,965.0,119.0,2710247,survey_fndds_food
"Avocado, For Use On A Sandwich",General,160.0,2.0,8.5,14.7,6.7,0.0,7.0,485.0,2710248,survey_fndds_food
"Cucumber, For Use On A Sandwich",General,16.0,0.6,3.0,0.2,0.5,0.0,2.0,170.0,2710249,survey_fndds_food
"Lettuce, For Use On A Sandwich",General,20.0,0.9,3.7,0.1,1.3,0.0,23.0,249.0,2710250,survey_fndds_food
"Mushrooms, For Use On A Sandwich",General,31.0,2.9,4.1,0.4,1.7,0.0,6.0,371.0,2710251,survey_fndds_food
"Onions, For Use On A Sandwich",General,38.0,0.9,8.5,0.1,1.7,0.0,1.0,171.0,2710252,survey_fndds_food
"Pepper, For Use On A Sandwich",General,27.0,0.8,5.7,0.1,1.0,0.0,0.0,188.0,2710253,survey_fndds_food
"Spinach, For Use On A Sandwich",General,27.0,2.8,2.4,0.6,1.6,0.0,111.0,582.0,2710254,survey_fndds_food
"Tomatoes, For Use On A Sandwich",General,20.0,0.8,4.0,0.3,1.2,0.0,4.0,226.0,2710255,survey_fndds_food
"Bacon, For Use On A Sandwich",General,494.0,39.4,2.0,36.2,0.0,0.0,1798.0,544.0,2710256,survey_fndds_food
"Sugar, Nfs",General,401.0,0.0,99.6,0.3,0.0,0.0,1.0,2.0,2710257,survey_fndds_food
"Sugar, White, Granulated Or Lump",General,401.0,0.0,99.6,0.3,0.0,0.0,1.0,2.0,2710258,survey_fndds_food
"Sugar, White, Confectioner'S",General,389.0,0.0,99.8,0.0,0.0,0.0,2.0,2.0,2710259,survey_fndds_food
"Sugar, Brown",General,380.0,0.1,98.1,0.0,0.0,0.0,28.0,133.0,2710260,survey_fndds_food
"Sugar, Cinnamon",General,390.0,0.3,98.3,0.4,3.7,0.0,2.0,32.0,2710261,survey_fndds_food
Sugar Substitute And Sugar Blend,General,399.0,0.0,99.4,0.3,0.0,0.0,1.0,2.0,2710262,survey_fndds_food
"Sugar Substitute, Sucralose, Powder",General,336.0,0.0,91.2,0.0,0.0,0.0,0.0,4.0,2710263,survey_fndds_food
"Sugar Substitute, Stevia, Powder",General,0.0,0.0,100.0,0.0,0.0,0.0,0.0,0.0,2710264,survey_fndds_food
"Sugar Substitute, Stevia, Liquid",General,51.0,0.8,12.0,0.0,0.7,0.0,210.0,0.0,2710265,survey_fndds_food
"Sugar Substitute, Monk Fruit, Powder",General,0.0,0.0,100.0,0.0,0.0,0.0,0.0,0.0,2710266,survey_fndds_food
"Sugar Substitute, Powder, Nfs",General,349.0,0.7,90.1,0.0,0.0,0.0,150.0,4.0,2710267,survey_fndds_food
"Sugar Substitute, Liquid, Nfs",General,51.0,0.8,12.0,0.0,0.7,0.0,210.0,0.0,2710268,survey_fndds_food
"Sugar Substitute, Saccharin, Powder",General,360.0,0.9,89.1,0.0,0.0,0.0,428.0,4.0,2710269,survey_fndds_food
"Sugar Substitute, Saccharin, Liquid",General,8.0,0.0,2.0,0.0,0.0,0.0,13.0,1.0,2710270,survey_fndds_food
"Sugar Substitute, Aspartame, Powder",General,365.0,2.2,89.1,0.0,0.0,0.0,0.0,4.0,2710271,survey_fndds_food
"Syrup, Nfs",General,265.0,0.0,69.6,0.1,0.0,0.0,61.0,6.0,2710272,survey_fndds_food
Pancake Syrup,General,265.0,0.0,69.6,0.1,0.0,0.0,61.0,6.0,2710273,survey_fndds_food
Corn Syrup,General,283.0,0.0,76.8,0.2,0.0,0.0,62.0,1.0,2710274,survey_fndds_food
Blueberry Syrup,General,341.0,0.0,85.1,0.0,0.1,0.0,0.0,7.0,2710275,survey_fndds_food
Chocolate Syrup,General,269.0,0.0,67.2,0.0,0.0,0.0,150.0,122.0,2710276,survey_fndds_food
"Chocolate Syrup, Light",General,153.0,1.4,34.6,1.0,0.0,0.0,100.0,187.0,2710277,survey_fndds_food
Simple Syrup,General,184.0,0.0,45.6,0.2,0.0,0.0,3.0,1.0,2710278,survey_fndds_food
Strawberry Drink Syrup,General,261.0,0.0,65.1,0.0,0.0,0.0,0.0,1.0,2710279,survey_fndds_food
"Pancake Syrup, Light",General,165.0,0.0,44.6,0.0,0.0,0.0,178.0,3.0,2710280,survey_fndds_food
Honey,General,304.0,0.3,82.4,0.0,0.2,0.0,4.0,52.0,2710281,survey_fndds_food
Agave Liquid Sweetener,General,310.0,0.1,76.4,0.4,0.2,0.0,4.0,4.0,2710282,survey_fndds_food
Molasses,General,290.0,0.0,74.7,0.1,0.0,0.0,37.0,1464.0,2710283,survey_fndds_food
"Topping, Butterscotch Or Caramel",General,216.0,1.2,57.0,0.0,0.0,0.0,341.0,66.0,2710284,survey_fndds_food
"Topping, Chocolate",General,350.0,4.6,62.9,8.9,2.8,0.0,346.0,284.0,2710285,survey_fndds_food
"Topping, Fruit",General,254.0,0.2,66.3,0.1,0.7,0.0,21.0,51.0,2710286,survey_fndds_food
"Topping, Marshmallow",General,322.0,0.8,79.0,0.3,0.1,0.0,80.0,5.0,2710287,survey_fndds_food
"Topping, Nuts And Syrup",General,448.0,4.5,58.1,22.0,2.3,0.0,42.0,151.0,2710288,survey_fndds_food
Chocolate Hazelnut Spread,General,539.0,5.4,62.4,29.7,5.4,0.0,41.0,407.0,2710289,survey_fndds_food
"Icing, Chocolate",General,397.0,1.1,63.2,17.6,0.9,0.0,183.0,196.0,2710290,survey_fndds_food
"Icing, White",General,418.0,0.0,67.9,16.2,0.0,0.0,184.0,34.0,2710291,survey_fndds_food
"Caramel Dip, Regular",General,295.0,1.2,48.5,12.3,0.0,0.0,368.0,60.0,2710292,survey_fndds_food
"Caramel Dip, Light",General,216.0,1.2,57.0,0.0,0.0,0.0,341.0,66.0,2710293,survey_fndds_food
Chocolate Dip,General,393.0,3.3,65.3,13.2,2.0,0.0,289.0,204.0,2710294,survey_fndds_food
Dessert Dip,General,249.0,6.0,22.5,15.0,0.0,0.0,170.0,104.0,2710295,survey_fndds_food
Sweet And Sour Sauce,General,154.0,0.3,38.2,0.0,0.1,0.0,539.0,99.0,2710296,survey_fndds_food
Dessert Sauce,General,150.0,0.1,19.5,8.0,0.0,0.0,103.0,3.0,2710297,survey_fndds_food
Duck Sauce,General,245.0,0.4,60.7,0.1,0.6,0.0,712.0,87.0,2710298,survey_fndds_food
"Jam Or Jelly, Nfs",General,261.0,0.2,67.1,0.0,1.0,0.0,26.0,61.0,2710299,survey_fndds_food
Jelly,General,266.0,0.2,70.0,0.0,1.0,0.0,30.0,54.0,2710300,survey_fndds_food
Jam,General,278.0,0.4,68.9,0.1,1.1,0.0,32.0,77.0,2710301,survey_fndds_food
Fruit Butter,General,173.0,0.4,42.5,0.3,1.5,0.0,15.0,91.0,2710302,survey_fndds_food
Marmalade,General,246.0,0.3,66.3,0.0,0.7,0.0,56.0,37.0,2710303,survey_fndds_food
"Jam Or Jelly, Sugar Free",General,121.0,0.6,29.6,0.0,2.2,0.0,3.0,96.0,2710304,survey_fndds_food
"Jam Or Jelly, Reduced Sugar",General,151.0,0.0,37.6,0.1,1.5,0.0,0.0,59.0,2710305,survey_fndds_food
"Jam Or Jelly, Fruit Juice Sweetened",General,212.0,0.0,52.9,0.0,0.9,0.0,0.0,65.0,2710306,survey_fndds_food
Guava Paste,General,292.0,0.1,72.6,0.3,1.1,0.0,2.0,69.0,2710307,survey_fndds_food
Sweet Potato Paste,General,305.0,0.5,75.1,0.3,0.9,0.0,1.0,153.0,2710308,survey_fndds_food
"Bean Paste, Sweetened",General,226.0,6.2,50.0,0.5,5.3,0.0,124.0,290.0,2710309,survey_fndds_food
Gelatin Dessert,General,60.0,1.2,14.2,0.0,0.0,0.0,75.0,1.0,2710310,survey_fndds_food
Gelatin Dessert With Fruit,General,56.0,1.1,13.3,0.0,0.2,0.0,64.0,15.0,2710311,survey_fndds_food
Gelatin Salad With Vegetables,General,61.0,1.5,14.0,0.0,0.7,0.0,69.0,26.0,2710312,survey_fndds_food
"Gelatin Dessert, Sugar Free",General,20.0,0.8,4.2,0.0,0.0,0.0,48.0,1.0,2710313,survey_fndds_food
"Gelatin Dessert, Sugar Free, With Fruit",General,22.0,0.8,4.9,0.0,0.2,0.0,41.0,15.0,2710314,survey_fndds_food
Yokan,General,133.0,2.4,30.6,0.2,2.0,0.0,119.0,120.0,2710315,survey_fndds_food
Haupia,General,274.0,2.0,23.5,20.4,2.0,0.0,83.0,226.0,2710316,survey_fndds_food
Italian Ice,General,128.0,0.4,32.6,0.0,0.0,0.0,22.0,3.0,2710317,survey_fndds_food
"Italian Ice, No Sugar Added",General,24.0,0.0,5.9,0.0,0.0,0.0,10.0,11.0,2710318,survey_fndds_food
"Popsicle, Nfs",General,79.0,0.0,19.2,0.2,0.0,0.0,7.0,15.0,2710319,survey_fndds_food
Popsicle,General,79.0,0.0,19.2,0.2,0.0,0.0,7.0,15.0,2710320,survey_fndds_food
"Popsicle, No Sugar Added",General,24.0,0.0,5.9,0.0,0.0,0.0,10.0,11.0,2710321,survey_fndds_food
Freezer Pop,General,79.0,0.0,19.2,0.2,0.0,0.0,7.0,15.0,2710322,survey_fndds_food
Snow Cone,General,128.0,0.4,32.6,0.0,0.0,0.0,22.0,3.0,2710323,survey_fndds_food
"Snow Cone, No Sugar Added",General,24.0,0.0,5.9,0.0,0.0,0.0,10.0,11.0,2710324,survey_fndds_food
"Candy, Nfs",General,429.0,2.0,86.6,8.3,0.9,0.0,43.0,96.0,2710325,survey_fndds_food
"Almonds, Chocolate Covered Candy",General,560.0,13.0,44.0,38.8,6.4,0.0,49.0,508.0,2710326,survey_fndds_food
"Chocolate Candy, Other, Nfs",General,535.0,7.6,59.4,29.7,3.4,0.0,79.0,372.0,2710327,survey_fndds_food
Chocolate Candy,General,535.0,7.6,59.4,29.7,3.4,0.0,79.0,372.0,2710328,survey_fndds_food
"Chocolate Candy With Nuts, Other, Nfs",General,545.0,11.0,51.8,33.7,4.4,0.0,64.0,424.0,2710329,survey_fndds_food
Chocolate Candy With Nuts,General,545.0,11.0,51.8,33.7,4.4,0.0,64.0,424.0,2710330,survey_fndds_food
Chocolate Candy With Cereal,General,511.0,7.6,59.7,29.4,3.3,0.0,86.0,370.0,2710331,survey_fndds_food
"Chocolate Candy, Cookie Filled",General,510.0,5.7,64.7,25.4,1.0,0.0,126.0,208.0,2710332,survey_fndds_food
Chocolate Chips,General,480.0,4.2,63.9,30.0,5.9,0.0,11.0,365.0,2710333,survey_fndds_food
"Candy, Sprinkles",General,473.0,0.0,84.7,15.3,0.0,0.0,2.0,2.0,2710334,survey_fndds_food
"Dark Chocolate Candy, Other, Nfs",General,550.0,5.1,60.0,32.2,7.2,0.0,23.0,568.0,2710335,survey_fndds_food
Dark Chocolate Candy,General,550.0,5.1,60.0,32.2,7.2,0.0,23.0,568.0,2710336,survey_fndds_food
"Dark Chocolate Candy With Nuts, Other, Nfs",General,560.0,8.3,52.2,36.3,7.9,0.0,19.0,597.0,2710337,survey_fndds_food
Dark Chocolate Candy With Nuts,General,560.0,8.3,52.2,36.3,7.9,0.0,19.0,597.0,2710338,survey_fndds_food
White Chocolate Candy,General,539.0,5.9,59.2,32.1,0.2,0.0,90.0,286.0,2710339,survey_fndds_food
"Chocolate Candy, Fudge",General,396.0,1.7,79.4,7.9,0.8,0.0,46.0,92.0,2710340,survey_fndds_food
"Chocolate Candy, Caramel Filled",General,474.0,6.4,66.4,21.0,2.0,0.0,145.0,309.0,2710341,survey_fndds_food
"Chocolate Candy, Caramel Filled With Nuts",General,484.0,7.4,63.6,23.1,2.5,0.0,133.0,330.0,2710342,survey_fndds_food
"Chocolate Candy, Coconut Filled",General,500.0,5.4,56.9,27.8,4.1,0.0,138.0,342.0,2710343,survey_fndds_food
"Chocolate Candy, Cream Filled",General,366.0,2.2,80.4,9.3,2.1,0.0,26.0,168.0,2710344,survey_fndds_food
"Chocolate Candy, Nougat Filled",General,446.0,3.3,74.5,15.0,1.2,0.0,180.0,128.0,2710345,survey_fndds_food
"Chocolate Candy, Nougat Filled With Nuts",General,483.0,6.5,63.2,22.7,2.2,0.0,234.0,286.0,2710346,survey_fndds_food
"Chocolate Candy, Peanut Butter Filled",General,487.0,7.8,64.1,24.7,2.8,0.0,294.0,282.0,2710347,survey_fndds_food
Chocolate Candy With Dried Fruit,General,390.0,4.1,68.4,14.8,3.1,0.0,36.0,514.0,2710348,survey_fndds_food
"Chocolate Candy, Sugar Free",General,590.0,12.4,37.7,43.3,3.5,0.0,111.0,606.0,2710349,survey_fndds_food
"Candy, Non Chocolate, Other",General,394.0,0.0,95.7,1.1,0.0,0.0,32.0,4.0,2710350,survey_fndds_food
"Ladoo, Round Ball",General,411.0,6.9,46.7,22.2,4.0,0.0,140.0,196.0,2710351,survey_fndds_food
"Candy, Licorice",General,396.0,0.0,98.9,0.0,0.1,0.0,44.0,5.0,2710352,survey_fndds_food
"Candy, Marshmallow",General,318.0,1.8,81.3,0.2,0.1,0.0,80.0,5.0,2710353,survey_fndds_food
"Candy, Caramel",General,384.0,3.1,82.4,5.7,0.0,0.0,144.0,165.0,2710354,survey_fndds_food
"Candy, Nougat With Nuts",General,444.0,8.4,72.6,13.3,3.6,0.0,132.0,415.0,2710355,survey_fndds_food
"Peanuts, Chocolate Covered Candy",General,556.0,14.3,44.1,37.7,5.4,0.0,50.0,477.0,2710356,survey_fndds_food
"Candy, Peanut Brittle",General,486.0,7.6,71.2,19.0,2.5,0.0,445.0,168.0,2710357,survey_fndds_food
"Candy, Mint",General,394.0,0.0,98.3,0.1,0.0,0.0,19.0,2.0,2710358,survey_fndds_food
"Candy, Gummy",General,396.0,0.0,98.9,0.0,0.1,0.0,44.0,5.0,2710359,survey_fndds_food
"Candy, Hard",General,394.0,0.0,98.0,0.2,0.0,0.0,38.0,5.0,2710360,survey_fndds_food
"Candy, Lollipop",General,394.0,0.0,98.0,0.2,0.0,0.0,38.0,5.0,2710361,survey_fndds_food
Cough Drops,General,394.0,0.0,98.3,0.1,0.0,0.0,19.0,2.0,2710362,survey_fndds_food
"Candy, Cotton",General,401.0,0.0,99.6,0.3,0.0,0.0,1.0,2.0,2710363,survey_fndds_food
"Candy, Fruit Flavored Pieces",General,400.0,0.1,94.4,2.3,0.0,0.0,26.0,8.0,2710364,survey_fndds_food
"Chocolate Candy, Candy Shell",General,492.0,4.3,71.2,21.1,2.8,0.0,61.0,261.0,2710365,survey_fndds_food
"Chocolate Candy, Candy Shell With Nuts",General,506.0,11.0,60.2,25.4,3.4,0.0,122.0,353.0,2710366,survey_fndds_food
"Candy, Fruit Snacks",General,371.0,0.1,85.8,3.0,0.0,0.0,317.0,294.0,2710367,survey_fndds_food
"Candy, Fruit Leather",General,371.0,0.1,85.8,3.0,0.0,0.0,317.0,294.0,2710368,survey_fndds_food
"Candy, Taffy",General,390.0,0.2,87.9,4.1,0.0,0.0,6.0,3.0,2710369,survey_fndds_food
"Candy, Non Chocolate, Sugar Free",General,394.0,0.0,98.6,0.0,0.0,0.0,0.0,0.0,2710370,survey_fndds_food
Chewing Gum,General,360.0,0.0,96.7,0.3,2.4,0.0,1.0,2.0,2710371,survey_fndds_food
"Chewing Gum, Sugar Free",General,268.0,0.0,94.8,0.4,2.4,0.0,7.0,0.0,2710372,survey_fndds_food
"Coffee, Ns As To Type",General,1.0,0.1,0.0,0.0,0.0,0.0,2.0,49.0,2710373,survey_fndds_food
"Coffee, Ns As To Brewed Or Instant",General,1.0,0.1,0.0,0.0,0.0,0.0,2.0,49.0,2710374,survey_fndds_food
"Coffee, Brewed",General,1.0,0.1,0.0,0.0,0.0,0.0,2.0,49.0,2710375,survey_fndds_food
"Coffee, Brewed, Blend Of Regular And Decaffeinated",General,0.0,0.1,0.0,0.0,0.0,0.0,2.0,52.0,2710376,survey_fndds_food
"Coffee, Turkish",General,27.0,0.1,6.5,0.0,0.0,0.0,2.0,46.0,2710377,survey_fndds_food
"Coffee, Espresso",General,9.0,0.1,1.7,0.2,0.0,0.0,14.0,115.0,2710378,survey_fndds_food
"Coffee, Espresso, Decaffeinated",General,9.0,0.1,1.7,0.2,0.0,0.0,14.0,115.0,2710379,survey_fndds_food
"Coffee, Brewed, Flavored",General,1.0,0.1,0.0,0.0,0.0,0.0,2.0,49.0,2710380,survey_fndds_food
"Coffee, Cuban",General,34.0,0.1,7.8,0.2,0.0,0.0,13.0,108.0,2710381,survey_fndds_food
"Coffee, Macchiato",General,23.0,1.2,2.7,0.8,0.0,0.0,22.0,129.0,2710382,survey_fndds_food
"Coffee, Macchiato, Sweetened",General,40.0,1.1,6.9,0.8,0.0,0.0,21.0,123.0,2710383,survey_fndds_food
"Coffee, Cafe Con Leche",General,40.0,1.7,5.6,1.1,0.0,0.0,26.0,132.0,2710384,survey_fndds_food
"Coffee, Cafe Con Leche, Decaffeinated",General,40.0,1.7,5.7,1.2,0.0,0.0,26.0,132.0,2710385,survey_fndds_food
"Coffee, Latte",General,43.0,2.8,4.4,1.6,0.0,0.0,35.0,152.0,2710386,survey_fndds_food
"Coffee, Latte, Nonfat",General,30.0,2.9,4.4,0.1,0.0,0.0,36.0,158.0,2710387,survey_fndds_food
"Coffee, Latte, With Non-Dairy Milk",General,28.0,1.0,2.8,1.4,0.1,0.0,44.0,63.0,2710388,survey_fndds_food
"Coffee, Latte, Flavored",General,55.0,2.7,7.5,1.6,0.0,0.0,34.0,147.0,2710389,survey_fndds_food
"Coffee, Latte, Decaffeinated",General,43.0,2.8,4.4,1.6,0.0,0.0,35.0,152.0,2710392,survey_fndds_food
Frozen Coffee Drink,General,68.0,1.6,13.4,0.9,0.0,0.0,21.0,91.0,2710398,survey_fndds_food
"Frozen Coffee Drink, Nonfat",General,61.0,1.6,13.4,0.1,0.0,0.0,22.0,95.0,2710399,survey_fndds_food
"Frozen Coffee Drink, With Non-Dairy Milk",General,60.0,0.5,12.5,0.8,0.0,0.0,26.0,42.0,2710400,survey_fndds_food
"Frozen Coffee Drink, With Whipped Cream",General,83.0,1.6,12.9,2.8,0.0,0.0,21.0,91.0,2710401,survey_fndds_food
"Frozen Coffee Drink, Nonfat, With Whipped Cream",General,76.0,1.6,12.9,2.0,0.0,0.0,22.0,95.0,2710402,survey_fndds_food
"Frozen Coffee Drink, With Non-Dairy Milk And Whipped Cream",General,75.0,0.6,12.1,2.6,0.0,0.0,26.0,45.0,2710403,survey_fndds_food
"Frozen Coffee Drink, Decaffeinated",General,68.0,1.6,13.5,0.9,0.0,0.0,21.0,91.0,2710404,survey_fndds_food
"Frozen Coffee Drink, Decaffeinated, Nonfat",General,61.0,1.6,13.5,0.1,0.0,0.0,22.0,95.0,2710405,survey_fndds_food
"Frozen Coffee Drink, Decaffeinated, With Non-Dairy Milk",General,70.0,1.6,13.6,1.0,0.0,0.0,18.0,88.0,2710406,survey_fndds_food
"Frozen Coffee Drink, Decaffeinated, With Whipped Cream",General,83.0,1.6,13.0,2.8,0.0,0.0,21.0,91.0,2710407,survey_fndds_food
"Frozen Coffee Drink, Decaffeinated, With Non-Dairy Milk And Whipped Cream",General,80.0,1.3,12.9,2.6,0.1,0.0,25.0,75.0,2710409,survey_fndds_food
"Coffee, Cafe Mocha",General,64.0,2.6,10.2,1.5,0.0,0.0,46.0,149.0,2710410,survey_fndds_food
"Coffee, Cafe Mocha, Nonfat",General,52.0,2.6,10.2,0.1,0.0,0.0,47.0,155.0,2710411,survey_fndds_food
"Coffee, Cafe Mocha, With Non-Dairy Milk",General,50.0,0.9,8.8,1.2,0.1,0.0,54.0,68.0,2710412,survey_fndds_food
"Coffee, Cafe Mocha, Decaffeinated",General,64.0,2.6,10.2,1.5,0.0,0.0,46.0,149.0,2710413,survey_fndds_food
Frozen Mocha Coffee Drink,General,66.0,1.5,13.1,0.9,0.0,0.0,34.0,99.0,2710416,survey_fndds_food
"Frozen Mocha Coffee Drink, Nonfat",General,59.0,1.5,13.1,0.1,0.0,0.0,35.0,103.0,2710417,survey_fndds_food
"Frozen Mocha Coffee Drink, With Non-Dairy Milk",General,58.0,0.5,12.2,0.8,0.0,0.0,39.0,52.0,2710418,survey_fndds_food
"Frozen Mocha Coffee Drink, With Whipped Cream",General,81.0,1.5,12.6,2.7,0.0,0.0,33.0,99.0,2710419,survey_fndds_food
"Frozen Mocha Coffee Drink, Nonfat, With Whipped Cream",General,74.0,1.6,12.6,1.9,0.0,0.0,34.0,103.0,2710420,survey_fndds_food
"Frozen Mocha Coffee Drink, With Non-Dairy Milk And Whipped Cream",General,73.0,0.6,11.8,2.5,0.0,0.0,38.0,54.0,2710421,survey_fndds_food
"Frozen Mocha Coffee Drink, Decaffeinated",General,67.0,1.5,13.1,0.9,0.0,0.0,34.0,99.0,2710422,survey_fndds_food
"Frozen Mocha Coffee Drink, Decaffeinated, Nonfat",General,59.0,1.5,13.1,0.1,0.0,0.0,35.0,103.0,2710423,survey_fndds_food
"Frozen Mocha Coffee Drink, Decaffeinated, With Non-Dairy Milk",General,58.0,0.5,12.3,0.8,0.0,0.0,39.0,52.0,2710424,survey_fndds_food
"Frozen Mocha Coffee Drink, Decaffeinated, With Whipped Cream",General,81.0,1.5,12.6,2.7,0.0,0.0,33.0,99.0,2710425,survey_fndds_food
"Frozen Mocha Coffee Drink, Decaffeinated, With Non-Dairy Milk And Whipped Cream",General,73.0,0.6,11.8,2.6,0.0,0.0,38.0,54.0,2710427,survey_fndds_food
"Iced Coffee, Brewed",General,1.0,0.1,0.0,0.0,0.0,0.0,2.0,38.0,2710428,survey_fndds_food
"Iced Coffee, Brewed, Decaffeinated",General,0.0,0.1,0.0,0.0,0.0,0.0,2.0,42.0,2710429,survey_fndds_food
"Iced Coffee, Pre-Lightened And Pre-Sweetened",General,31.0,0.2,4.9,1.1,0.0,0.0,6.0,42.0,2710430,survey_fndds_food
"Coffee, Iced Latte",General,27.0,1.8,2.8,1.0,0.0,0.0,23.0,102.0,2710431,survey_fndds_food
"Coffee, Iced Latte, Nonfat",General,19.0,1.8,2.8,0.1,0.0,0.0,24.0,106.0,2710432,survey_fndds_food
"Coffee, Iced Latte, With Non-Dairy Milk",General,24.0,1.4,2.8,0.8,0.1,0.0,28.0,83.0,2710433,survey_fndds_food
"Coffee, Iced Latte, Flavored",General,40.0,1.7,6.1,1.0,0.0,0.0,23.0,99.0,2710434,survey_fndds_food
"Coffee, Iced Latte, Decaffeinated",General,27.0,1.8,2.8,1.0,0.0,0.0,23.0,102.0,2710437,survey_fndds_food
"Coffee, Iced Cafe Mocha",General,50.0,1.6,9.0,0.9,0.0,0.0,35.0,104.0,2710443,survey_fndds_food
"Coffee, Iced Cafe Mocha, Nonfat",General,43.0,1.6,9.0,0.1,0.0,0.0,36.0,108.0,2710444,survey_fndds_food
"Coffee, Iced Cafe Mocha, With Non-Dairy Milk",General,42.0,0.6,8.1,0.8,0.0,0.0,41.0,54.0,2710445,survey_fndds_food
"Coffee, Iced Cafe Mocha, Decaffeinated",General,51.0,1.6,9.0,0.9,0.0,0.0,36.0,104.0,2710446,survey_fndds_food
"Coffee, Instant, Reconstituted",General,3.0,0.1,0.6,0.0,0.0,0.0,4.0,30.0,2710449,survey_fndds_food
"Coffee, Instant, 50% Less Caffeine",General,3.0,0.1,0.6,0.0,0.0,0.0,4.0,30.0,2710450,survey_fndds_food
"Coffee, Ns As To Brewed Or Instant, Decaffeinated",General,0.0,0.1,0.0,0.0,0.0,0.0,2.0,54.0,2710451,survey_fndds_food
"Coffee, Brewed, Decaffeinated",General,0.0,0.1,0.0,0.0,0.0,0.0,2.0,54.0,2710452,survey_fndds_food
"Coffee, Instant, Decaffeinated",General,3.0,0.1,0.6,0.0,0.0,0.0,4.0,29.0,2710453,survey_fndds_food
"Coffee, Instant, Pre-Lightened And Pre-Sweetened With Sugar",General,27.0,0.2,5.1,0.7,0.0,0.0,7.0,42.0,2710454,survey_fndds_food
"Coffee, Instant, Pre-Sweetened With Sugar",General,16.0,0.1,4.0,0.0,0.0,0.0,4.0,29.0,2710456,survey_fndds_food
"Coffee, Mocha, Instant",General,15.0,0.3,2.5,0.4,0.2,0.0,20.0,67.0,2710457,survey_fndds_food
"Coffee, Instant, Pre-Lightened And Pre-Sweetened With Low Calorie Sweetener",General,16.0,0.2,2.4,0.7,0.0,0.0,7.0,43.0,2710458,survey_fndds_food
"Coffee, Pre-Lightened And Pre-Sweetened With Sugar",General,27.0,0.2,5.1,0.7,0.0,0.0,7.0,42.0,2710460,survey_fndds_food
"Coffee, Decaffeinated, Pre-Lightened And Pre-Sweetened With Sugar",General,27.0,0.1,5.1,0.7,0.0,0.0,7.0,42.0,2710461,survey_fndds_food
"Coffee, Pre-Lightened And Pre-Sweetened With Low Calorie Sweetener",General,16.0,0.2,2.4,0.7,0.0,0.0,7.0,43.0,2710462,survey_fndds_food
"Coffee, Decaffeinated, Pre-Lightened And Pre-Sweetened With Low Calorie Sweetener",General,16.0,0.2,2.4,0.7,0.0,0.0,7.0,43.0,2710463,survey_fndds_food
"Coffee, Pre-Lightened",General,14.0,0.2,1.9,0.7,0.0,0.0,7.0,43.0,2710464,survey_fndds_food
"Coffee, Decaffeinated, Pre-Lightened",General,14.0,0.2,1.9,0.7,0.0,0.0,7.0,43.0,2710465,survey_fndds_food
"Coffee, Pre-Sweetened With Sugar",General,16.0,0.1,4.0,0.0,0.0,0.0,4.0,29.0,2710466,survey_fndds_food
"Coffee, Decaffeinated, Pre-Sweetened With Sugar",General,16.0,0.1,4.0,0.0,0.0,0.0,4.0,28.0,2710467,survey_fndds_food
"Coffee, Pre-Sweetened With Low Calorie Sweetener",General,5.0,0.1,1.1,0.0,0.0,0.0,4.0,29.0,2710468,survey_fndds_food
"Coffee, Decaffeinated, Pre-Sweetened With Low Calorie Sweetener",General,5.0,0.1,1.1,0.0,0.0,0.0,4.0,29.0,2710469,survey_fndds_food
"Coffee And Chicory, Brewed",General,1.0,0.1,0.0,0.0,0.0,0.0,2.0,49.0,2710470,survey_fndds_food
"Coffee And Chicory, Brewed, Decaffeinated",General,0.0,0.1,0.0,0.0,0.0,0.0,2.0,54.0,2710471,survey_fndds_food
"Coffee, Cappuccino",General,27.0,1.7,2.8,1.0,0.0,0.0,23.0,100.0,2710472,survey_fndds_food
"Coffee, Cappuccino, Nonfat",General,19.0,1.8,2.8,0.1,0.0,0.0,24.0,104.0,2710473,survey_fndds_food
"Coffee, Cappuccino, With Non-Dairy Milk",General,17.0,0.6,1.8,0.8,0.1,0.0,29.0,46.0,2710474,survey_fndds_food
"Coffee, Cappuccino, Decaffeinated",General,27.0,1.7,2.8,1.0,0.0,0.0,23.0,100.0,2710475,survey_fndds_food
"Coffee, Bottled/Canned",General,71.0,2.0,12.6,1.4,0.0,0.0,26.0,175.0,2710478,survey_fndds_food
"Coffee, Bottled/Canned, Light",General,35.0,1.3,5.9,0.7,0.0,0.0,15.0,86.0,2710479,survey_fndds_food
"Coffee, Instant, Not Reconstituted",General,353.0,12.2,75.4,0.5,0.0,0.0,37.0,3535.0,2710480,survey_fndds_food
Coffee Substitute,General,6.0,0.1,1.3,0.0,0.4,0.0,5.0,41.0,2710486,survey_fndds_food
Chicory Beverage,General,7.0,0.2,1.4,0.0,0.0,0.0,4.0,65.0,2710487,survey_fndds_food
"Tea, Hot, Leaf",General,1.0,0.0,0.3,0.0,0.0,0.0,3.0,37.0,2710488,survey_fndds_food
"Tea, Iced, Instant",General,1.0,0.0,0.2,0.0,0.0,0.0,4.0,10.0,2710493,survey_fndds_food
"Tea, Hot, Herbal",General,1.0,0.0,0.2,0.0,0.0,0.0,1.0,9.0,2710502,survey_fndds_food
Corn Beverage,General,44.0,0.8,9.4,0.2,0.5,0.0,135.0,16.0,2710504,survey_fndds_food
"Tea, Hot, Chamomile",General,1.0,0.0,0.2,0.0,0.0,0.0,1.0,9.0,2710505,survey_fndds_food
"Tea, Hot, With Milk",General,51.0,1.6,9.0,1.0,0.1,0.0,20.0,91.0,2710506,survey_fndds_food
"Tea, Ginger",General,1.0,0.0,0.2,0.0,0.0,0.0,4.0,4.0,2710507,survey_fndds_food
"Tea, Bubble",General,55.0,0.4,10.4,1.4,0.1,0.0,9.0,17.0,2710508,survey_fndds_food
"Tea, Kombucha",General,16.0,0.1,4.0,0.0,0.0,0.0,2.0,4.0,2710509,survey_fndds_food
Iced Tea / Lemonade Juice Drink,General,34.0,0.2,9.2,0.0,0.3,0.0,12.0,67.0,2710512,survey_fndds_food
"Iced Tea / Lemonade Juice Drink, Light",General,21.0,0.2,6.1,0.0,0.3,0.0,13.0,72.0,2710513,survey_fndds_food
"Iced Tea / Lemonade Juice Drink, Diet",General,2.0,0.0,0.6,0.0,0.0,0.0,4.0,21.0,2710514,survey_fndds_food
"Tea, Iced, Brewed",General,32.0,0.0,7.9,0.0,0.0,0.0,3.0,34.0,2710515,survey_fndds_food
"Tea, Iced, Bottled",General,45.0,0.0,10.8,0.2,0.0,0.0,3.0,14.0,2710527,survey_fndds_food
"Soft Drink, Nfs",General,42.0,0.0,10.4,0.2,0.0,0.0,3.0,5.0,2710536,survey_fndds_food
"Soft Drink, Nfs, Diet",General,2.0,0.1,0.3,0.0,0.0,0.0,8.0,8.0,2710537,survey_fndds_food
"Water, Tonic",General,34.0,0.0,8.8,0.0,0.0,0.0,12.0,0.0,2710538,survey_fndds_food
"Water, Carbonated, Flavored",General,0.0,0.1,0.0,0.0,0.0,0.0,6.0,2.0,2710540,survey_fndds_food
"Soft Drink, Cola",General,42.0,0.0,10.4,0.2,0.0,0.0,3.0,5.0,2710541,survey_fndds_food
"Soft Drink, Cola, Diet",General,2.0,0.1,0.3,0.0,0.0,0.0,8.0,8.0,2710542,survey_fndds_food
"Soft Drink, Cola, Decaffeinated",General,41.0,0.0,10.6,0.0,0.0,0.0,4.0,3.0,2710543,survey_fndds_food
"Soft Drink, Pepper Type",General,42.0,0.0,10.4,0.2,0.0,0.0,3.0,5.0,2710545,survey_fndds_food
"Soft Drink, Pepper Type, Diet",General,2.0,0.1,0.3,0.0,0.0,0.0,8.0,8.0,2710546,survey_fndds_food
"Soft Drink, Pepper Type, Decaffeinated",General,41.0,0.0,10.6,0.0,0.0,0.0,4.0,3.0,2710547,survey_fndds_food
"Soft Drink, Cream Soda",General,51.0,0.0,13.3,0.0,0.0,0.0,12.0,1.0,2710549,survey_fndds_food
"Soft Drink, Cream Soda, Diet",General,0.0,0.1,0.0,0.0,0.0,0.0,6.0,2.0,2710550,survey_fndds_food
"Soft Drink, Fruit Flavored, Caffeine Free",General,40.0,0.0,10.1,0.0,0.0,0.0,9.0,1.0,2710551,survey_fndds_food
"Soft Drink, Fruit Flavored, Diet",General,0.0,0.1,0.0,0.0,0.0,0.0,6.0,2.0,2710552,survey_fndds_food
"Soft Drink, Fruit Flavored, Caffeine Containing",General,49.0,0.0,12.8,0.0,0.0,0.0,18.0,2.0,2710553,survey_fndds_food
"Soft Drink, Ginger Ale",General,34.0,0.0,8.8,0.0,0.0,0.0,7.0,1.0,2710555,survey_fndds_food
"Soft Drink, Ginger Ale, Diet",General,0.0,0.1,0.0,0.0,0.0,0.0,6.0,2.0,2710556,survey_fndds_food
"Soft Drink, Root Beer",General,41.0,0.0,10.6,0.0,0.0,0.0,13.0,1.0,2710557,survey_fndds_food
"Soft Drink, Root Beer, Diet",General,0.0,0.1,0.0,0.0,0.0,0.0,6.0,2.0,2710558,survey_fndds_food
"Soft Drink, Chocolate Flavored",General,42.0,0.0,10.7,0.0,0.0,0.0,4.0,50.0,2710559,survey_fndds_food
"Soft Drink, Chocolate Flavored, Diet",General,2.0,0.1,0.3,0.0,0.0,0.0,8.0,8.0,2710560,survey_fndds_food
"Soft Drink, Cola, Fruit Or Vanilla Flavored",General,42.0,0.0,10.4,0.2,0.0,0.0,3.0,5.0,2710561,survey_fndds_food
"Soft Drink, Cola, Chocolate Flavored",General,42.0,0.0,10.4,0.2,0.0,0.0,3.0,5.0,2710562,survey_fndds_food
"Fruit Juice Drink, Citrus, Carbonated",General,32.0,0.5,7.2,0.2,0.2,0.0,7.0,118.0,2710565,survey_fndds_food
"Fruit Juice Drink, Noncitrus, Carbonated",General,33.0,0.1,7.7,0.2,0.1,0.0,12.0,35.0,2710566,survey_fndds_food
Fruit Juice Drink,General,10.0,0.0,2.5,0.0,0.0,0.0,13.0,0.0,2710567,survey_fndds_food
Tamarind Drink,General,109.0,0.6,27.7,0.2,1.2,0.0,9.0,144.0,2710568,survey_fndds_food
"Fruit Punch, Made With Fruit Juice And Soda",General,44.0,0.2,10.8,0.1,0.1,0.0,4.0,66.0,2710569,survey_fndds_food
"Lemonade, Fruit Juice Drink",General,46.0,0.0,12.1,0.0,0.0,0.0,6.0,10.0,2710570,survey_fndds_food
"Lemonade, Fruit Flavored Drink",General,25.0,0.0,6.6,0.1,0.0,0.0,12.0,3.0,2710571,survey_fndds_food
"Lemonade, Frozen Concentrate, Not Reconstituted",General,196.0,0.2,49.9,0.7,0.3,0.0,7.0,72.0,2710572,survey_fndds_food
Fruit Flavored Drink,General,64.0,0.0,16.0,0.0,0.0,0.0,36.0,31.0,2710573,survey_fndds_food
"Pina Colada, Nonalcoholic",General,128.0,0.5,25.6,2.8,0.2,0.0,8.0,116.0,2710574,survey_fndds_food
"Margarita Mix, Nonalcoholic",General,87.0,0.1,21.4,0.1,0.0,0.0,102.0,28.0,2710575,survey_fndds_food
Slush Frozen Drink,General,28.0,0.0,7.7,0.0,0.0,0.0,10.0,0.0,2710576,survey_fndds_food
"Slush Frozen Drink, No Sugar Added",General,11.0,0.0,3.1,0.0,0.0,0.0,5.0,1.0,2710577,survey_fndds_food
"Fruit Flavored Drink, With High Vitamin C",General,27.0,0.0,6.7,0.0,0.0,0.0,36.0,31.0,2710578,survey_fndds_food
"Cranberry Juice Drink, With High Vitamin C",General,54.0,0.0,13.5,0.1,0.0,0.0,2.0,14.0,2710579,survey_fndds_food
"Fruit Juice Drink, With High Vitamin C",General,46.0,0.1,11.4,0.1,0.1,0.0,8.0,122.0,2710580,survey_fndds_food
"Vegetable And Fruit Juice Drink, With High Vitamin C",General,29.0,0.0,7.5,0.0,0.0,0.0,21.0,19.0,2710581,survey_fndds_food
Fruit Juice Drink (Sunny D),General,54.0,0.1,13.2,0.0,0.1,0.0,61.0,122.0,2710582,survey_fndds_food
"Fruit Flavored Drink, Powdered, Reconstituted",General,25.0,0.0,6.6,0.1,0.0,0.0,12.0,3.0,2710583,survey_fndds_food
"Fruit Flavored Drink, With High Vitamin C, Powdered",General,41.0,0.0,10.4,0.0,0.0,0.0,5.0,20.0,2710584,survey_fndds_food
"Fruit Juice Drink, With High Vitamin C, Light",General,19.0,0.1,4.7,0.0,0.1,0.0,5.0,45.0,2710585,survey_fndds_food
"Fruit Juice Drink, Light",General,39.0,0.0,10.0,0.1,0.0,0.0,2.0,11.0,2710586,survey_fndds_food
"Fruit Juice Drink, Diet",General,1.0,0.0,0.5,0.0,0.0,0.0,5.0,4.0,2710587,survey_fndds_food
"Cranberry Juice Drink, With High Vitamin C, Light",General,19.0,0.1,4.7,0.0,0.1,0.0,5.0,45.0,2710588,survey_fndds_food
"Grape Juice Drink, Light",General,23.0,0.1,5.5,0.1,0.1,0.0,5.0,17.0,2710589,survey_fndds_food
"Orange Juice Beverage, 40-50% Juice, Light",General,21.0,0.2,5.4,0.0,0.0,0.0,4.0,188.0,2710590,survey_fndds_food
"Apple Juice Beverage, 40-50% Juice, Light",General,22.0,0.0,5.1,0.1,0.0,0.0,13.0,51.0,2710591,survey_fndds_food
"Lemonade, Fruit Juice Drink, Light",General,21.0,0.0,5.0,0.0,0.0,0.0,5.0,10.0,2710592,survey_fndds_food
"Pomegranate Juice Beverage, 40-50% Juice, Light",General,27.0,0.1,6.6,0.1,0.0,0.0,6.0,108.0,2710593,survey_fndds_food
"Vegetable And Fruit Juice Drink, With High Vitamin C, Diet",General,4.0,0.0,1.1,0.0,0.0,0.0,14.0,24.0,2710594,survey_fndds_food
"Vegetable And Fruit Juice Drink, With High Vitamin C, Light",General,4.0,0.0,1.1,0.0,0.0,0.0,14.0,24.0,2710595,survey_fndds_food
"Fruit Flavored Drink, With High Vitamin C, Diet",General,2.0,0.0,0.9,0.0,0.0,0.0,8.0,5.0,2710596,survey_fndds_food
"Fruit Flavored Drink, Diet",General,4.0,0.0,1.4,0.0,0.0,0.0,11.0,8.0,2710597,survey_fndds_food
Fruit Juice Drink (Capri Sun),General,39.0,0.0,10.0,0.1,0.0,0.0,2.0,11.0,2710600,survey_fndds_food
"Fruit Juice Drink, Added Calcium (Sunny D)",General,53.0,0.0,13.2,0.0,0.1,0.0,54.0,83.0,2710601,survey_fndds_food
"Horchata, Made With Water",General,88.0,1.1,20.4,0.1,0.5,0.0,4.0,20.0,2710602,survey_fndds_food
"Horchata, Made With Milk",General,91.0,1.4,19.6,0.6,0.4,0.0,9.0,41.0,2710603,survey_fndds_food
Frescavena,General,45.0,0.2,10.6,0.2,0.2,0.0,4.0,7.0,2710604,survey_fndds_food
Atole De Avena,General,83.0,1.7,15.5,1.6,0.2,0.0,18.0,74.0,2710605,survey_fndds_food
Sugar Cane Beverage,General,74.0,0.0,20.2,0.0,0.0,0.0,43.0,11.0,2710606,survey_fndds_food
Atole,General,86.0,1.7,16.3,1.5,0.2,0.0,18.0,74.0,2710607,survey_fndds_food
Atole De Chocolate,General,103.0,1.8,20.3,1.8,0.6,0.0,30.0,89.0,2710608,survey_fndds_food
"Wine, Nonalcoholic",General,6.0,0.5,1.1,0.0,0.0,0.0,7.0,88.0,2710609,survey_fndds_food
"Beer, Nonalcoholic",General,37.0,0.2,8.0,0.1,0.0,0.0,13.0,8.0,2710610,survey_fndds_food
Shirley Temple,General,56.0,0.0,14.2,0.0,0.1,0.0,9.0,4.0,2710611,survey_fndds_food
"Fruit Flavored Drink, Powdered, Not Reconstituted",General,380.0,0.0,97.9,1.0,0.0,0.0,130.0,39.0,2710613,survey_fndds_food
"Sports Drink, Dry Concentrate, Not Reconstituted",General,380.0,0.0,97.9,1.0,0.0,0.0,130.0,39.0,2710615,survey_fndds_food
Beer,General,43.0,0.5,3.6,0.0,0.0,0.0,4.0,27.0,2710616,survey_fndds_food
"Beer, Light",General,29.0,0.2,1.6,0.0,0.0,0.0,4.0,21.0,2710617,survey_fndds_food
"Beer, Higher Alcohol",General,58.0,0.9,0.3,0.0,0.0,0.0,4.0,62.0,2710618,survey_fndds_food
"Alcoholic Malt Beverage, Sweetened",General,68.0,0.0,10.1,0.0,0.0,0.0,5.0,27.0,2710619,survey_fndds_food
Alcoholic Malt Beverage,General,58.0,0.9,0.3,0.0,0.0,0.0,4.0,62.0,2710620,survey_fndds_food
Hard Cider,General,56.0,0.0,5.9,0.0,0.0,0.0,4.0,54.0,2710621,survey_fndds_food
Hard Seltzer,General,24.0,0.1,0.6,0.0,0.0,0.0,17.0,6.0,2710622,survey_fndds_food
Liqueur,General,279.0,0.0,33.2,0.1,0.0,0.0,1.0,2.0,2710623,survey_fndds_food
"Liqueur, Cream",General,296.0,0.2,33.5,2.7,0.0,0.0,2.0,9.0,2710624,survey_fndds_food
"Liqueur, Coffee Flavored",General,336.0,0.1,46.8,0.3,0.0,0.0,8.0,30.0,2710625,survey_fndds_food
"Cocktail, Nfs",General,89.0,0.0,7.8,0.2,0.0,0.0,3.0,4.0,2710626,survey_fndds_food
Brandy Alexander,General,238.0,1.0,18.9,3.8,0.0,0.0,23.0,55.0,2710627,survey_fndds_food
Bloody Mary,General,73.0,0.7,3.8,0.2,0.4,0.0,200.0,166.0,2710628,survey_fndds_food
Cape Cod,General,98.0,0.0,10.2,0.1,0.0,0.0,2.0,11.0,2710629,survey_fndds_food
Daiquiri,General,119.0,0.1,15.6,0.1,0.1,0.0,64.0,28.0,2710630,survey_fndds_food
"Gelatin Shot, Alcoholic",General,102.0,0.2,2.8,0.0,0.0,0.0,17.0,1.0,2710631,survey_fndds_food
Gimlet,General,188.0,0.1,5.1,0.0,0.1,0.0,1.0,29.0,2710632,survey_fndds_food
Gin And Tonic,General,84.0,0.0,6.6,0.0,0.0,0.0,9.0,1.0,2710633,survey_fndds_food
Greyhound,General,87.0,0.4,6.3,0.4,0.2,0.0,1.0,102.0,2710634,survey_fndds_food
Jagerbomb,General,102.0,0.3,16.0,0.0,0.0,0.0,30.0,3.0,2710635,survey_fndds_food
Kamikaze,General,187.0,0.1,6.9,0.1,0.1,0.0,5.0,20.0,2710636,survey_fndds_food
Manhattan,General,222.0,0.0,1.8,0.0,0.0,0.0,2.0,14.0,2710637,survey_fndds_food
Margarita,General,122.0,0.1,16.1,0.1,0.0,0.0,204.0,22.0,2710638,survey_fndds_food
Martini,General,201.0,0.1,0.2,0.0,0.0,0.0,2.0,13.0,2710639,survey_fndds_food
"Martini, Flavored",General,187.0,0.1,6.4,0.0,0.1,0.0,1.0,27.0,2710640,survey_fndds_food
Michelada,General,33.0,0.7,4.0,0.2,0.2,0.0,137.0,119.0,2710641,survey_fndds_food
Mimosa,General,64.0,0.4,6.5,0.2,0.2,0.0,4.0,128.0,2710642,survey_fndds_food
Mint Julep,General,187.0,0.0,5.8,0.0,0.0,0.0,4.0,1.0,2710643,survey_fndds_food
Mojito,General,61.0,0.1,2.4,0.0,0.2,0.0,15.0,19.0,2710644,survey_fndds_food
Moscow Mule,General,91.0,0.0,8.6,0.0,0.0,0.0,5.0,1.0,2710645,survey_fndds_food
Old Fashioned,General,164.0,0.2,6.1,0.0,0.5,0.0,4.0,32.0,2710646,survey_fndds_food
Orange Blossom,General,98.0,0.6,9.3,0.3,0.2,0.0,2.0,135.0,2710647,survey_fndds_food
Rob Roy,General,212.0,0.0,3.6,0.0,0.0,0.0,3.0,26.0,2710648,survey_fndds_food
Rusty Nail,General,244.0,0.0,8.7,0.0,0.0,0.0,1.0,2.0,2710649,survey_fndds_food
Screwdriver,General,92.0,0.6,7.7,0.3,0.2,0.0,2.0,137.0,2710650,survey_fndds_food
Seabreeze,General,92.0,0.2,8.2,0.2,0.1,0.0,1.0,56.0,2710651,survey_fndds_food
Seven And Seven,General,87.0,0.0,7.6,0.0,0.0,0.0,7.0,1.0,2710652,survey_fndds_food
Tom Collins,General,123.0,0.1,16.1,0.1,0.0,0.0,77.0,22.0,2710653,survey_fndds_food
Whiskey Sour,General,123.0,0.1,16.1,0.1,0.0,0.0,77.0,22.0,2710654,survey_fndds_food
Whiskey And Soda,General,59.0,0.0,0.0,0.0,0.0,0.0,16.0,2.0,2710655,survey_fndds_food
Whiskey And Water,General,59.0,0.0,0.0,0.0,0.0,0.0,3.0,1.0,2710656,survey_fndds_food
Whiskey And Cola,General,89.0,0.0,7.8,0.2,0.0,0.0,3.0,4.0,2710657,survey_fndds_food
Whiskey And Diet Cola,General,60.0,0.1,0.2,0.0,0.0,0.0,6.0,6.0,2710658,survey_fndds_food
Whiskey And Ginger Ale,General,83.0,0.0,6.6,0.0,0.0,0.0,6.0,1.0,2710659,survey_fndds_food
Rum And Cola,General,89.0,0.0,7.8,0.2,0.0,0.0,3.0,4.0,2710660,survey_fndds_food
Rum And Diet Cola,General,60.0,0.1,0.2,0.0,0.0,0.0,6.0,6.0,2710661,survey_fndds_food
Pina Colada,General,151.0,0.4,19.5,2.1,0.1,0.0,6.0,90.0,2710662,survey_fndds_food
Brandy And Cola,General,89.0,0.0,7.8,0.2,0.0,0.0,3.0,4.0,2710663,survey_fndds_food
Vodka And Soda,General,59.0,0.0,0.0,0.0,0.0,0.0,16.0,2.0,2710664,survey_fndds_food
Vodka And Lemonade,General,93.0,0.0,9.0,0.0,0.0,0.0,5.0,8.0,2710665,survey_fndds_food
Vodka And Cola,General,89.0,0.0,7.8,0.2,0.0,0.0,3.0,4.0,2710666,survey_fndds_food
Vodka And Diet Cola,General,60.0,0.1,0.2,0.0,0.0,0.0,6.0,6.0,2710667,survey_fndds_food
Vodka And Energy Drink,General,90.0,0.4,7.7,0.0,0.0,0.0,30.0,3.0,2710668,survey_fndds_food
Vodka And Water,General,59.0,0.0,0.0,0.0,0.0,0.0,3.0,1.0,2710669,survey_fndds_food
Vodka And Tonic,General,84.0,0.0,6.6,0.0,0.0,0.0,9.0,1.0,2710670,survey_fndds_food
Sloe Gin Fizz,General,66.0,0.0,2.2,0.0,0.0,0.0,16.0,9.0,2710671,survey_fndds_food
Black Russian,General,279.0,0.0,21.2,0.1,0.0,0.0,4.0,15.0,2710672,survey_fndds_food
White Russian,General,181.0,2.2,11.2,7.9,0.0,0.0,43.0,96.0,2710673,survey_fndds_food
"Fruit Punch, Alcoholic",General,90.0,0.1,8.1,0.0,0.1,0.0,4.0,50.0,2710674,survey_fndds_food
Champagne Punch,General,120.0,0.2,11.5,0.1,0.1,0.0,4.0,83.0,2710675,survey_fndds_food
Singapore Sling,General,93.0,0.1,7.2,0.0,0.2,0.0,15.0,31.0,2710676,survey_fndds_food
Mai Tai,General,149.0,0.2,16.5,0.1,0.1,0.0,4.0,70.0,2710677,survey_fndds_food
Tequila Sunrise,General,111.0,0.5,12.6,0.2,0.2,0.0,4.0,125.0,2710678,survey_fndds_food
Long Island Iced Tea,General,107.0,0.0,8.7,0.2,0.0,0.0,16.0,7.0,2710679,survey_fndds_food
Fuzzy Navel,General,107.0,0.6,16.2,0.3,0.2,0.0,2.0,135.0,2710680,survey_fndds_food
Alcoholic Coffee Drink,General,88.0,0.2,2.1,2.4,0.0,0.0,3.0,40.0,2710681,survey_fndds_food
Frozen Daiquiri,General,127.0,0.1,17.6,0.1,0.0,0.0,76.0,21.0,2710682,survey_fndds_food
Frozen Margarita,General,122.0,0.1,16.1,0.1,0.0,0.0,204.0,22.0,2710683,survey_fndds_food
"Eggnog, Alcoholic",General,113.0,3.7,6.6,3.4,0.0,0.0,45.0,136.0,2710684,survey_fndds_food
Gin Fizz,General,66.0,0.0,2.2,0.0,0.0,0.0,16.0,9.0,2710685,survey_fndds_food
"Rum, Hot Buttered",General,160.0,0.1,5.0,4.5,0.1,0.0,4.0,11.0,2710686,survey_fndds_food
"Wine, Sparkling",General,75.0,0.1,2.3,0.0,0.0,0.0,5.0,74.0,2710687,survey_fndds_food
"Wine, Red",General,85.0,0.1,2.6,0.0,0.0,0.0,4.0,127.0,2710688,survey_fndds_food
"Wine, White",General,82.0,0.1,2.6,0.0,0.0,0.0,5.0,71.0,2710689,survey_fndds_food
"Wine, Rose",General,83.0,0.4,3.8,0.0,0.0,0.0,5.0,59.0,2710690,survey_fndds_food
"Wine, Rice",General,134.0,0.5,5.0,0.0,0.0,0.0,2.0,25.0,2710691,survey_fndds_food
"Wine, Dessert, Sweet",General,160.0,0.2,13.7,0.0,0.0,0.0,9.0,92.0,2710692,survey_fndds_food
"Wine, Light",General,49.0,0.1,1.2,0.0,0.0,0.0,7.0,88.0,2710693,survey_fndds_food
Wine Cooler,General,68.0,0.0,10.1,0.0,0.0,0.0,5.0,27.0,2710694,survey_fndds_food
"Sangria, Red",General,85.0,0.0,7.2,0.0,0.0,0.0,10.0,68.0,2710695,survey_fndds_food
"Sangria, White",General,83.0,0.0,7.2,0.0,0.0,0.0,10.0,40.0,2710696,survey_fndds_food
Wine Spritzer,General,49.0,0.0,1.6,0.0,0.0,0.0,11.0,60.0,2710697,survey_fndds_food
Glug,General,96.0,0.1,6.2,0.1,0.1,0.0,4.0,125.0,2710698,survey_fndds_food
Brandy,General,231.0,0.0,0.0,0.0,0.0,0.0,1.0,2.0,2710699,survey_fndds_food
Whiskey,General,231.0,0.0,0.0,0.0,0.0,0.0,1.0,2.0,2710700,survey_fndds_food
Scotch,General,231.0,0.0,0.0,0.0,0.0,0.0,1.0,2.0,2710701,survey_fndds_food
Gin,General,231.0,0.0,0.0,0.0,0.0,0.0,1.0,2.0,2710702,survey_fndds_food
Rum,General,231.0,0.0,0.0,0.0,0.0,0.0,1.0,2.0,2710703,survey_fndds_food
Vodka,General,231.0,0.0,0.0,0.0,0.0,0.0,1.0,2.0,2710704,survey_fndds_food
Tequila,General,231.0,0.0,0.0,0.0,0.0,0.0,1.0,2.0,2710705,survey_fndds_food
"Water, Non-Carbonated, Flavored",General,1.0,0.0,0.1,0.0,0.0,0.0,14.0,4.0,2710709,survey_fndds_food
"Water Beverage, Fruit Flavored",General,18.0,0.0,4.5,0.0,0.0,0.0,8.0,0.0,2710710,survey_fndds_food
"Water, Enhanced, Regular",General,22.0,0.0,5.5,0.0,0.0,0.0,0.0,0.0,2710711,survey_fndds_food
"Nutritional Drink Or Shake, Ready-To-Drink (Boost)",General,101.0,4.2,17.3,1.7,1.3,0.0,63.0,245.0,2710714,survey_fndds_food
"Nutritional Drink Or Shake, Ready-To-Drink (Boost Plus)",General,138.0,5.4,17.3,5.4,1.2,0.0,77.0,138.0,2710715,survey_fndds_food
"Nutritional Drink Or Shake, Ready-To-Drink (Carnation Instant Breakfast)",General,92.0,5.5,12.9,2.0,0.1,0.0,84.0,260.0,2710716,survey_fndds_food
"Nutritional Drink Or Shake, Ready-To-Drink (Ensure)",General,105.0,3.8,16.9,2.5,0.0,0.0,84.0,156.0,2710717,survey_fndds_food
"Nutritional Drink Or Shake, Ready-To-Drink (Ensure Plus)",General,141.0,5.2,19.9,4.5,0.0,0.0,95.0,175.0,2710718,survey_fndds_food
"Nutritional Drink Or Shake, Ready-To-Drink, Sugar Free (Glucerna)",General,88.0,4.4,11.9,3.1,2.2,0.0,92.0,176.0,2710719,survey_fndds_food
"Nutritional Drink Or Shake, Ready-To-Drink (Muscle Milk)",General,52.0,5.9,2.3,2.2,0.2,0.0,95.0,198.0,2710720,survey_fndds_food
"Nutritional Drink Or Shake, Ready-To-Drink, Light (Muscle Milk)",General,38.0,4.8,2.1,1.2,0.2,0.0,27.0,80.0,2710721,survey_fndds_food
"Nutritional Drink Or Shake, Ready-To-Drink (Slim Fast)",General,57.0,3.3,7.7,1.9,1.6,0.0,68.0,193.0,2710722,survey_fndds_food
"Nutritional Drink Or Shake, Ready-To-Drink, Sugar Free (Slim Fast)",General,57.0,3.3,7.7,1.9,1.6,0.0,68.0,193.0,2710723,survey_fndds_food
"Nutritional Drink Or Shake, High Protein, Ready-To-Drink (Slim Fast)",General,61.0,6.6,0.8,3.4,0.4,0.0,72.0,179.0,2710724,survey_fndds_food
"Nutritional Drink Or Shake, Ready-To-Drink, Nfs",General,105.0,3.8,16.9,2.5,0.0,0.0,84.0,156.0,2710725,survey_fndds_food
"Nutritional Drink Or Shake, High Protein, Ready-To-Drink",General,61.0,6.6,0.8,3.4,0.4,0.0,72.0,179.0,2710726,survey_fndds_food
"Nutritional Drink Or Shake, High Protein, Light",General,138.0,5.4,17.3,5.4,1.2,0.0,77.0,138.0,2710727,survey_fndds_food
"Nutritional Drink Or Shake, Liquid, Soy-Based",General,138.0,5.4,17.3,5.4,1.2,0.0,77.0,138.0,2710728,survey_fndds_food
Nutritional Powder Mix (Carnation Instant Breakfast),General,353.0,19.9,66.2,1.4,0.4,0.0,385.0,947.0,2710729,survey_fndds_food
"Nutritional Powder Mix, Sugar Free (Carnation Instant Breakfast)",General,358.0,35.8,41.0,5.1,2.0,0.0,717.0,1705.0,2710730,survey_fndds_food
Nutritional Powder Mix (Eas Whey Protein Powder),General,385.0,66.7,18.0,5.1,0.0,0.0,385.0,564.0,2710731,survey_fndds_food
Nutritional Powder Mix (Eas Soy Protein Powder),General,405.0,47.6,43.9,3.6,0.0,0.0,452.0,714.0,2710732,survey_fndds_food
"Nutritional Powder Mix, High Protein (Herbalife)",General,392.0,53.6,20.4,10.7,0.0,0.0,1214.0,1000.0,2710733,survey_fndds_food
Nutritional Powder Mix (Isopure),General,359.0,58.1,29.1,1.2,0.0,0.0,372.0,872.0,2710734,survey_fndds_food
Nutritional Powder Mix (Muscle Milk),General,411.0,45.7,18.5,17.1,7.1,0.0,329.0,1129.0,2710735,survey_fndds_food
"Nutritional Powder Mix, Light (Muscle Milk)",General,396.0,50.0,22.0,12.0,2.0,0.0,250.0,840.0,2710736,survey_fndds_food
Nutritional Powder Mix (Slim Fast),General,448.0,8.1,73.9,13.3,18.1,0.0,472.0,247.0,2710737,survey_fndds_food
"Nutritional Powder Mix, Sugar Free (Slim Fast)",General,448.0,8.1,73.9,13.3,18.1,0.0,472.0,247.0,2710738,survey_fndds_food
"Nutritional Powder Mix, High Protein (Slim Fast)",General,433.0,27.9,50.0,13.5,18.2,0.0,495.0,752.0,2710739,survey_fndds_food
"Nutritional Powder Mix, Nfs",General,353.0,19.9,66.2,1.4,0.4,0.0,385.0,947.0,2710740,survey_fndds_food
"Nutritional Powder Mix, High Protein, Nfs",General,392.0,53.6,20.4,10.7,0.0,0.0,1214.0,1000.0,2710741,survey_fndds_food
"Nutritional Powder Mix, Whey Based, Nfs",General,352.0,78.1,6.2,1.6,3.1,0.0,156.0,500.0,2710742,survey_fndds_food
"Nutritional Powder Mix, Protein, Soy Based",General,388.0,55.6,28.9,5.6,6.7,0.0,733.0,933.0,2710743,survey_fndds_food
"Nutritional Powder Mix, Protein, Light",General,396.0,50.0,22.0,12.0,2.0,0.0,250.0,840.0,2710744,survey_fndds_food
"Nutritional Powder Mix, Protein, Nfs",General,352.0,78.1,6.2,1.6,3.1,0.0,156.0,500.0,2710745,survey_fndds_food
Energy Drink (Full Throttle),General,46.0,0.2,12.1,0.1,0.0,0.0,35.0,3.0,2710746,survey_fndds_food
Energy Drink (Monster),General,47.0,0.5,11.3,0.0,0.0,0.0,77.0,2.0,2710747,survey_fndds_food
Energy Drink (Mountain Dew Amp),General,46.0,0.2,12.1,0.1,0.0,0.0,27.0,3.0,2710748,survey_fndds_food
Energy Drink (No Fear),General,62.0,0.4,15.0,0.0,0.0,0.0,48.0,10.0,2710749,survey_fndds_food
Energy Drink (No Fear Motherload),General,62.0,0.4,15.0,0.0,0.0,0.0,48.0,10.0,2710750,survey_fndds_food
Energy Drink (Nos),General,44.0,0.0,11.2,0.0,0.0,0.0,85.0,0.0,2710751,survey_fndds_food
Energy Drink (Red Bull),General,43.0,0.5,10.2,0.0,0.0,0.0,39.0,3.0,2710752,survey_fndds_food
Energy Drink (Rockstar),General,58.0,0.3,12.7,0.2,0.0,0.0,16.0,6.0,2710753,survey_fndds_food
Energy Drink (Sobe Energize Energy Juice Drink),General,45.0,0.0,11.3,0.0,0.0,0.0,10.0,4.0,2710754,survey_fndds_food
Energy Drink (Vault),General,49.0,0.0,13.0,0.0,0.0,0.0,12.0,3.0,2710755,survey_fndds_food
Energy Drink,General,43.0,0.5,10.2,0.0,0.0,0.0,39.0,3.0,2710756,survey_fndds_food
"Energy Drink, Low Calorie (Monster)",General,5.0,0.0,1.4,0.0,0.0,0.0,75.0,0.0,2710757,survey_fndds_food
"Energy Drink, Sugar Free (Monster)",General,5.0,0.0,1.4,0.0,0.0,0.0,75.0,0.0,2710758,survey_fndds_food
"Energy Drink, Sugar Free (Mountain Dew Amp)",General,2.0,0.0,1.0,0.0,0.0,0.0,31.0,2.0,2710759,survey_fndds_food
"Energy Drink, Sugar Free (No Fear)",General,4.0,0.4,0.4,0.0,0.0,0.0,42.0,0.0,2710760,survey_fndds_food
"Energy Drink, Sugar-Free (Nos)",General,4.0,0.0,1.0,0.0,0.0,0.0,85.0,0.0,2710761,survey_fndds_food
Energy Drink (Ocean Spray Cran-Energy Juice Drink),General,15.0,0.0,3.8,0.0,0.0,0.0,21.0,0.0,2710762,survey_fndds_food
"Energy Drink, Sugar-Free (Red Bull)",General,5.0,0.2,0.7,0.1,0.0,0.0,83.0,3.0,2710763,survey_fndds_food
"Energy Drink, Sugar Free (Rockstar)",General,4.0,0.2,0.7,0.1,0.0,0.0,52.0,3.0,2710764,survey_fndds_food
"Energy Drink, Sugar Free (Vault)",General,1.0,0.2,0.7,0.1,0.0,0.0,14.0,3.0,2710765,survey_fndds_food
Energy Drink (Xs),General,5.0,0.2,0.7,0.1,0.0,0.0,83.0,3.0,2710766,survey_fndds_food
Energy Drink (Xs Gold Plus),General,5.0,0.2,0.7,0.1,0.0,0.0,83.0,3.0,2710767,survey_fndds_food
"Energy Drink, Sugar Free",General,4.0,0.2,0.7,0.1,0.0,0.0,68.0,3.0,2710768,survey_fndds_food
Sports Drink (Gatorade G),General,26.0,0.0,6.4,0.0,0.0,0.0,39.0,15.0,2710769,survey_fndds_food
Sports Drink (Powerade),General,32.0,0.0,7.8,0.0,0.0,0.0,42.0,18.0,2710770,survey_fndds_food
"Sports Drink, Nfs",General,26.0,0.0,6.4,0.0,0.0,0.0,39.0,15.0,2710771,survey_fndds_food
"Sports Drink, Low Calorie (Gatorade G2)",General,8.0,0.0,1.9,0.0,0.0,0.0,45.0,13.0,2710772,survey_fndds_food
"Sports Drink, Low Calorie (Powerade Zero)",General,0.0,0.0,0.1,0.0,0.0,0.0,42.0,10.0,2710773,survey_fndds_food
"Sports Drink, Low Calorie",General,8.0,0.0,1.9,0.0,0.0,0.0,45.0,13.0,2710774,survey_fndds_food
"Fluid Replacement, Electrolyte Solution",General,10.0,0.0,2.4,0.0,0.0,0.0,101.0,77.0,2710775,survey_fndds_food
"Fluid Replacement, 5% Glucose In Water",General,0.0,0.0,0.1,0.0,0.0,0.0,9.0,4.0,2710776,survey_fndds_food
"Fruit Juice, Acai Blend",General,62.0,0.8,12.8,0.8,1.2,0.0,13.0,130.0,2710777,survey_fndds_food
Cheese As Ingredient In Sandwiches,General,358.0,20.4,5.0,28.4,0.0,0.0,1010.0,151.0,2710778,survey_fndds_food
Cheese And Queso As Ingredient,General,362.0,21.9,2.4,29.3,0.0,0.0,710.0,93.0,2710779,survey_fndds_food
Beef As Ingredient In Recipes,General,261.0,26.4,0.0,16.5,0.0,0.0,71.0,310.0,2710780,survey_fndds_food
Breakfast Meat As Ingredient In Omelet,General,252.0,20.8,1.6,17.9,0.0,0.0,1102.0,367.0,2710781,survey_fndds_food
Chicken As Ingredient In Recipes,General,182.0,28.1,0.0,7.3,0.0,0.0,76.0,302.0,2710782,survey_fndds_food
"Fish, Cooked, As Ingredient",General,82.0,19.4,0.0,0.6,0.0,0.0,115.0,322.0,2710783,survey_fndds_food
"Fish Fillet, Fried As Ingredient In Sandwiches",General,195.0,18.2,8.3,10.1,0.3,0.0,240.0,312.0,2710784,survey_fndds_food
Breading Or Batter As Ingredient In Food,General,201.0,6.6,40.1,1.6,1.6,0.0,245.0,83.0,2710785,survey_fndds_food
Wheat Bread As Ingredient In Sandwiches,General,264.0,11.4,45.4,4.0,5.4,0.0,440.0,189.0,2710786,survey_fndds_food
Wheat Bun As Ingredient In Sandwiches,General,264.0,11.4,45.4,4.0,5.4,0.0,440.0,189.0,2710787,survey_fndds_food
"Potato, Cooked, As Ingredient",General,81.0,2.1,17.4,0.3,2.2,0.0,3.0,475.0,2710790,survey_fndds_food
"Spinach, Cooked, As Ingredient",General,33.0,3.4,3.1,0.7,1.9,0.0,126.0,541.0,2710791,survey_fndds_food
"Broccoli, Cooked, As Ingredient",General,41.0,2.7,6.5,0.4,2.5,0.0,38.0,316.0,2710792,survey_fndds_food
"Carrots, Cooked, As Ingredient",General,50.0,1.0,10.7,0.4,3.2,0.0,91.0,292.0,2710793,survey_fndds_food
"Sweet Potato, Cooked, As Ingredient",General,82.0,1.6,18.0,0.4,3.1,0.0,0.0,506.0,2710794,survey_fndds_food
"Tomatoes, Cooked, As Ingredient",General,22.0,1.1,4.9,0.2,1.5,0.0,6.0,296.0,2710795,survey_fndds_food
"Onions, Cooked, As Ingredient",General,47.0,1.3,11.0,0.1,2.0,0.0,5.0,172.0,2710796,survey_fndds_food
"Mushrooms, Cooked, As Ingredient",General,39.0,3.6,5.2,0.4,2.2,0.0,7.0,464.0,2710797,survey_fndds_food
"Green Pepper, Cooked, As Ingredient",General,25.0,0.8,5.1,0.1,1.0,0.0,0.0,175.0,2710798,survey_fndds_food
"Red Pepper, Cooked, As Ingredient",General,33.0,1.0,7.2,0.1,1.3,0.0,0.0,229.0,2710799,survey_fndds_food
"Cabbage, Cooked, As Ingredient",General,32.0,1.0,6.6,0.2,2.6,0.0,17.0,216.0,2710800,survey_fndds_food
"Cauliflower, Cooked, As Ingredient",General,26.0,2.0,5.2,0.3,2.1,0.0,31.0,311.0,2710801,survey_fndds_food
"Eggplant, Cooked, As Ingredient",General,27.0,1.0,6.3,0.2,3.2,0.0,2.0,246.0,2710802,survey_fndds_food
"Green Beans, Cooked, As Ingredient",General,42.0,2.0,7.7,0.3,3.1,0.0,0.0,302.0,2710803,survey_fndds_food
"Summer Squash, Cooked, As Ingredient",General,21.0,1.3,4.1,0.4,1.2,0.0,6.0,284.0,2710804,survey_fndds_food
"Celery, Cooked, As Ingredient",General,18.0,0.5,3.6,0.2,1.7,0.0,104.0,285.0,2710805,survey_fndds_food
Dark Green Vegetables As Ingredient In Omelet,General,35.0,3.0,4.5,0.6,1.9,0.0,94.0,452.0,2710806,survey_fndds_food
Tomatoes As Ingredient In Omelet,General,25.0,1.1,5.5,0.2,1.5,0.0,6.0,278.0,2710807,survey_fndds_food
Other Vegetables As Ingredient In Omelet,General,39.0,3.2,5.7,0.4,2.1,0.0,7.0,420.0,2710808,survey_fndds_food
"Mirepoix, Cooked, As Ingredient",General,41.0,1.0,9.1,0.2,2.2,0.0,51.0,230.0,2710809,survey_fndds_food
Vegetables As Ingredient In Curry,General,53.0,1.8,11.7,0.2,2.2,0.0,20.0,311.0,2710810,survey_fndds_food
Vegetables As Ingredient In Soups,General,50.0,1.9,10.6,0.3,2.0,0.0,15.0,331.0,2710811,survey_fndds_food
Vegetables As Ingredient In Stews,General,59.0,1.8,12.7,0.3,2.6,0.0,34.0,325.0,2710812,survey_fndds_food
Sauce As Ingredient In Hamburgers,General,272.0,1.3,17.1,22.8,0.6,0.0,845.0,190.0,2710813,survey_fndds_food
Industrial Oil As Ingredient In Food,General,892.0,0.0,0.0,100.0,0.0,0.0,0.0,0.0,2710814,survey_fndds_food
"Apricot, With Skin, Raw",Fruit,48.4,1.0,10.2,0.4,1.5,6.2,0.0,231.4,2710815,foundation_food
"Plantains, Ripe, Raw",Fruit,136.5,1.2,31.0,0.9,2.1,14.2,0.0,395.6,2710817,foundation_food
"Plantains, Underripe, Raw",Fruit,145.4,1.2,33.6,0.7,2.5,2.4,0.0,406.3,2710818,foundation_food
"Chia Seeds, Dry, Raw",Grain,517.2,17.0,38.3,32.9,0.0,0.0,0.0,642.1,2710819,foundation_food
"Bulgur, Dry, Raw",Grain,372.3,11.8,75.9,2.4,11.7,0.0,2.2,358.3,2710820,foundation_food
"Wild Rice, Dry, Raw",Grain,369.2,12.8,75.7,1.7,4.3,0.0,1.0,298.8,2710821,foundation_food
"Arugula, Baby, Raw",Vegetable,31.0,1.6,5.4,0.3,2.3,0.0,86.9,406.8,2710822,foundation_food
"Asparagus, Green, Raw",Vegetable,28.1,1.4,5.1,0.2,1.9,0.0,2.5,277.5,2710823,foundation_food
"Avocado, Hass, Peeled",Fruit,223.3,1.8,8.3,20.3,0.0,0.0,0.0,576.4,2710824,foundation_food
"Rice, Black, Unenriched",Grain,370.0,7.6,77.2,3.4,4.2,0.0,0.0,255.6,2710825,foundation_food
"Corn, Sweet, Yellow And White Kernels",Vegetable,84.6,2.8,14.7,1.6,2.4,7.4,0.0,237.0,2710826,foundation_food
"Einkorn, Grain, Dry",Grain,369.4,15.1,68.7,3.8,8.9,0.0,0.0,431.8,2710827,foundation_food
"Farro, Pearled, Dry",Grain,367.0,12.6,72.1,3.1,7.3,0.0,0.8,385.4,2710828,foundation_food
"Fonio, Grain, Dry",Grain,369.1,7.2,81.3,1.7,2.2,0.0,3.0,43.8,2710829,foundation_food
"Khorasan, Grain, Dry",Grain,371.4,14.8,71.8,2.8,10.5,0.0,3.9,450.5,2710830,foundation_food
"Kiwifruit (Kiwi), Green, Peeled",Fruit,65.1,1.0,13.8,0.6,2.1,8.6,2.3,301.5,2710831,foundation_food
"Mandarin, Seedless, Peeled",Fruit,62.0,1.0,13.4,0.5,1.3,9.1,0.0,167.2,2710832,foundation_food
"Mango, Tommy Atkins, Peeled",Fruit,68.5,0.6,15.3,0.6,1.8,10.7,0.0,165.0,2710833,foundation_food
"Mango, Ataulfo, Peeled",Fruit,78.5,0.7,17.4,0.7,1.3,11.1,0.0,204.4,2710834,foundation_food
"Corn Flour, Masa Harina, White Or Yellow",Grain,376.1,7.6,76.7,4.3,7.0,0.0,2.7,276.6,2710835,foundation_food
"Pear, Anjou, Green",Fruit,63.7,0.3,14.8,0.4,2.6,7.8,0.4,122.5,2710836,foundation_food
"Plum, Black, With Skin",Fruit,58.7,0.6,13.5,0.3,1.3,8.0,0.0,186.3,2710837,foundation_food
"Rice, Red, Unenriched",Grain,369.8,8.6,76.2,3.4,4.2,0.0,0.4,245.1,2710838,foundation_food
"Sorghum Bran, White, Unenriched",Grain,402.8,11.2,68.7,9.3,35.0,0.0,2.9,851.5,2710839,foundation_food
"Sorghum Flour, White, Pearled",Grain,364.0,10.2,73.5,3.2,3.3,0.0,0.0,273.9,2710840,foundation_food
"Sorghum Grain, White, Pearled",Grain,369.9,10.2,74.9,3.3,3.9,0.0,0.0,273.9,2710841,foundation_food
"Sorghum, Whole Grain, White",Grain,372.6,10.1,73.6,4.2,8.3,0.0,0.3,367.1,2710842,foundation_food
"Plantains, Overripe, Raw",Fruit,130.3,1.2,29.2,1.0,1.8,19.2,0.0,408.2,2710843,foundation_food
"Chicken, Drumstick, Meat And Skin",Protein,125.0,18.4,-0.5,5.9,0.0,0.0,91.0,244.1,2727566,foundation_food
"Chicken, Thigh, Meat And Skin",Protein,187.9,17.1,-0.2,13.4,0.0,0.0,63.6,246.0,2727567,foundation_food
"Chicken, Wing, Meat And Skin",Protein,167.6,18.4,-0.5,10.6,0.0,0.0,84.1,194.0,2727568,foundation_food
"Chicken, Breast, Meat And Skin",Protein,126.9,21.4,-0.4,4.8,0.0,0.0,48.1,332.5,2727569,foundation_food
"Bison, Ground, Raw",Protein,158.8,19.9,-0.1,8.9,0.0,0.0,55.7,301.1,2727571,foundation_food
"Beef, Short Loin (Ny Strip Steak), Raw",Protein,190.0,21.3,0.2,11.5,0.0,0.0,43.1,323.0,2727572,foundation_food
"Beef, Tenderloin Steak, Raw",Protein,143.2,21.1,0.2,6.5,0.0,0.0,44.8,344.7,2727573,foundation_food
"Beef, Top Sirloin Steak, Raw",Protein,140.1,22.0,0.2,5.7,0.0,0.0,42.8,349.4,2727574,foundation_food
"Pork, Chop, Center Cut",Protein,138.3,22.8,-0.6,5.5,0.0,0.0,39.3,366.5,2727575,foundation_food
"Pork, Belly, With Skin",Protein,380.4,15.2,-0.7,35.8,0.0,0.0,49.7,207.9,2727576,foundation_food
"Pawpaw, Peeled, Seeded",Fruit,0.0,1.2,0.0,0.0,3.3,14.1,0.4,220.9,2727577,foundation_food
"Squash, Pie Pumpkin, Peeled",Vegetable,0.0,0.9,0.0,0.0,2.3,4.1,0.3,472.1,2727578,foundation_food
"Squash, Spaghetti, Peeled",Vegetable,0.0,0.8,0.0,0.0,1.4,4.0,0.3,266.9,2727579,foundation_food
"Rutabaga, Peeled, Raw",Vegetable,0.0,0.9,0.0,0.0,2.9,6.0,4.6,266.6,2727580,foundation_food
"Tomatillos, Dehusked, Raw",Vegetable,0.0,1.1,0.0,0.0,1.7,2.9,0.3,239.1,2727582,foundation_food
"Cabbage, Napa, Leaf",Vegetable,0.0,1.1,0.0,0.0,1.2,2.8,12.6,234.6,2727583,foundation_food
"Leeks, Bulb And Greens, Root Removed",Vegetable,0.0,1.5,0.0,0.0,3.0,3.1,17.7,319.0,2727584,foundation_food
"Green Onion, (Scallion), Bulb And Greens",Vegetable,0.0,0.7,0.0,0.0,2.3,2.6,9.9,232.0,2727585,foundation_food
"Shallots, Bulb, Peeled",Vegetable,0.0,1.4,0.0,0.0,2.2,4.4,3.6,251.5,2727586,foundation_food
"Juice, Prune, Shelf-Stable",Fruit,0.0,0.4,0.0,0.0,0.0,14.8,10.3,215.6,2727587,foundation_food
"Juice, Tart Cherry, From Concentrate",Fruit,0.0,0.1,0.0,0.0,0.0,10.9,1.4,169.8,2727589,foundation_food
"Anchovies, Canned In Olive Oil, With Salt",Protein,206.1,26.9,2.4,9.9,0.0,0.0,5403.0,297.8,2747652,foundation_food
"Cod, Pacific Or Alaskan, Frozen",Protein,60.8,14.2,0.5,0.2,0.0,0.0,353.9,192.3,2747654,foundation_food
"Halibut, Frozen, Wild Caught",Protein,81.3,19.1,-0.1,0.6,0.0,0.0,108.3,430.2,2747656,foundation_food
"Lobster, Tail Only, Frozen",Protein,58.8,13.0,0.9,0.4,0.0,0.0,508.8,212.6,2747657,foundation_food
"Mahi Mahi, Frozen, Wild Caught",Protein,83.7,19.8,0.3,0.4,0.0,0.0,51.9,407.9,2747658,foundation_food
"Peppers, Banana Or Hungarian Wax, Seeded",Vegetable,23.9,0.7,5.0,0.1,1.8,2.7,0.0,177.4,2747660,foundation_food
"Peppers, Jalapeno, Seeded",Vegetable,24.1,0.6,5.1,0.1,1.7,2.7,0.0,166.9,2747661,foundation_food
"Peppers, Poblano, Seeded",Vegetable,28.0,1.4,5.1,0.2,2.1,2.7,0.0,191.6,2747662,foundation_food
"Peppers, Serrano, Seeded",Vegetable,29.2,0.9,6.1,0.1,2.5,2.5,0.0,224.5,2747663,foundation_food
"Radishes, Red, Raw",Vegetable,19.6,0.7,4.1,0.1,1.3,2.6,51.2,197.8,2747665,foundation_food
"Scallops, Bay, Patagonian",Protein,78.5,16.4,2.3,0.4,0.0,0.0,252.4,292.0,2747666,foundation_food
"Scallops, Sea, Frozen",Protein,66.4,13.5,2.0,0.5,0.0,0.0,313.0,244.9,2747667,foundation_food
"Sea Bass, Chilean, Frozen",Protein,209.4,14.9,0.1,16.6,0.0,0.0,109.4,236.4,2747668,foundation_food
"Snapper, Frozen, Wild Caught",Protein,89.5,20.7,0.4,0.6,0.0,0.0,93.1,348.8,2747669,foundation_food
"Snow Crab, Legs Only, Frozen",Protein,69.2,15.5,1.1,0.3,0.0,0.0,728.5,192.9,2747670,foundation_food
"Squid (Calamari), Frozen, Tubes Only",Protein,43.9,8.8,0.9,0.6,0.0,0.0,271.9,9.5,2747671,foundation_food
"Swordfish, Frozen, Wild Caught",Protein,151.9,19.2,0.4,8.1,0.0,0.0,56.9,414.1,2747672,foundation_food
"Tuna, Ahi Or Yellowfin, Frozen",Protein,101.9,24.7,-0.1,0.4,0.0,0.0,94.4,420.2,2747673,foundation_food
"Watermelon, Seedless, Flesh Only",Fruit,0.0,0.9,0.0,0.0,0.0,7.2,0.0,117.3,2747675,foundation_food
"Watermelon, Seedless, Rind Only",Fruit,19.4,0.5,4.2,0.1,1.5,2.2,3.8,272.5,2747676,foundation_food
"Alaska Pollock, Raw",Protein,78.5,17.3,0.1,1.0,0.0,0.0,114.8,353.0,2768188,foundation_food
